1111.0   13.0     0.0      0.0      378.0    72.0     14.0     13.0     7.0      16.0     21.0     0.0      9.0      0.0      38.0     40.0     32.0     30.0     22.0     13.0     0.0      100.0    41.0     234.0    3.0      0.0      3.0      1.0      5.0      23.0     438.0    139.0    0.0      12.0     121.0    0.0      9.0      1.0      1.0      0.0      0.0      0.0      36.0     130.0    83.0     1.0      0.0      77.0     25.0     1.0      2.0      26.0     0.0      7.0      0.0      0.0      0.0      5.0      18.0     0.0      0.0      90.0     23.0     6.0      107.0    3.0      15.0     2.0      1.0      1.0      26.0     6.0      1.0      2.0      0.0      119.0    0.0      1.0      0.0      86.0     31.0     0.0      0.0      0.0      0.0      0.0      0.0      0.0      0.0      7.0      36.0     0.0      0.0      0.0      0.0      0.0      0.0      0.0      86.0     0.0      0.0      0.0      0.0      0.0      0.0      34.0     3.0      0.0      0.0      1.0      0.0      0.0      0.0      0.0      0.0      0.0      0.0      0.0      0.0      0.0      0.0      1.0      0.0      0.0      0.0      0.0      0.0      1.0      5.0      0.0      0.0      0.0      0.0      0.0      0.0      0.0      0.0      1.0      28.0     11.0     0.0      14.0     0.0      0.0      0.0      28.0     0.0      0.0      0.0      0.0     
13.0     583.0    0.0      1.0      13.0     6.0      1.0      0.0      0.0      0.0      6.0      4.0      1.0      1.0      5.0      79.0     7.0      4.0      126.0    52.0     94.0     2.0      16.0     0.0      0.0      0.0      10.0     0.0      3.0      3.0      8.0      5.0      0.0      45.0     48.0     0.0      38.0     9.0      0.0      2.0      1.0      0.0      113.0    58.0     5.0      0.0      0.0      0.0      89.0     10.0     49.0     168.0    0.0      0.0      9.0      0.0      2.0      38.0     53.0     55.0     47.0     51.0     0.0      1.0      1.0      12.0     0.0      0.0      1.0      1.0      0.0      0.0      8.0      18.0     0.0      0.0      2.0      0.0      0.0      0.0      0.0      0.0      0.0      0.0      0.0      2.0      0.0      0.0      0.0      0.0      0.0      0.0      0.0      0.0      1.0      0.0      0.0      0.0      0.0      0.0      0.0      0.0      0.0      0.0      0.0      0.0      1.0      0.0      1.0      0.0      0.0      3.0      1.0      0.0      0.0      0.0      0.0      7.0      0.0      7.0      0.0      0.0      0.0      1.0      0.0      0.0      0.0      0.0      0.0      0.0      0.0      0.0      0.0      0.0      0.0      0.0      0.0      0.0      1.0      0.0      0.0      0.0      0.0      0.0      0.0      0.0      0.0      1.0      2.0      0.0     
0.0      0.0      622.0    0.0      0.0      0.0      2.0      6.0      0.0      0.0      0.0      0.0      0.0      0.0      0.0      90.0     0.0      0.0      0.0      0.0      0.0      0.0      0.0      0.0      0.0      0.0      51.0     54.0     101.0    39.0     0.0      0.0      0.0      0.0      0.0      0.0      0.0      0.0      0.0      0.0      0.0      0.0      0.0      0.0      0.0      38.0     122.0    0.0      0.0      0.0      0.0      0.0      0.0      0.0      0.0      0.0      0.0      0.0      0.0      0.0      0.0      0.0      0.0      0.0      0.0      0.0      84.0     37.0     0.0      2.0      0.0      2.0      0.0      0.0      0.0      0.0      0.0      38.0     0.0      0.0      0.0      0.0      1.0      1.0      2.0      0.0      0.0      0.0      0.0      0.0      41.0     0.0      0.0      0.0      0.0      0.0      0.0      1.0      0.0      0.0      0.0      1.0      0.0      14.0     15.0     0.0      0.0      0.0      0.0      0.0      0.0      0.0      0.0      0.0      0.0      0.0      0.0      0.0      1.0      0.0      0.0      22.0     0.0      0.0      0.0      0.0      0.0      0.0      0.0      0.0      0.0      1.0      0.0      0.0      0.0      0.0      0.0      0.0      0.0      0.0      0.0      81.0     1.0      0.0      0.0      0.0      7.0      0.0      0.0      0.0     
0.0      1.0      0.0      677.0    0.0      0.0      0.0      0.0      0.0      0.0      0.0      107.0    0.0      0.0      3.0      52.0     11.0     7.0      1.0      0.0      0.0      8.0      0.0      0.0      33.0     224.0    48.0     24.0     156.0    2.0      0.0      0.0      4.0      62.0     3.0      48.0     18.0     141.0    0.0      0.0      98.0     0.0      9.0      2.0      0.0      16.0     0.0      0.0      22.0     107.0    0.0      7.0      0.0      0.0      7.0      87.0     67.0     0.0      1.0      0.0      0.0      0.0      0.0      0.0      0.0      0.0      7.0      53.0     73.0     11.0     0.0      0.0      58.0     128.0    12.0     0.0      0.0      2.0      0.0      0.0      0.0      0.0      2.0      0.0      0.0      0.0      0.0      0.0      0.0      2.0      7.0      0.0      0.0      0.0      0.0      0.0      0.0      0.0      0.0      0.0      0.0      4.0      0.0      0.0      2.0      0.0      0.0      0.0      0.0      0.0      0.0      0.0      0.0      0.0      0.0      0.0      0.0      0.0      0.0      0.0      0.0      1.0      0.0      0.0      0.0      0.0      0.0      0.0      0.0      1.0      0.0      0.0      0.0      0.0      0.0      0.0      0.0      0.0      0.0      0.0      0.0      8.0      4.0      0.0      0.0      0.0      0.0      0.0      0.0      0.0     
378.0    13.0     0.0      0.0      1256.0   437.0    98.0     93.0     53.0     19.0     16.0     0.0      13.0     5.0      43.0     269.0    1.0      2.0      12.0     10.0     1.0      84.0     6.0      96.0     1.0      0.0      7.0      3.0      7.0      72.0     160.0    19.0     0.0      4.0      43.0     0.0      9.0      3.0      1.0      1.0      0.0      0.0      23.0     50.0     45.0     1.0      0.0      8.0      25.0     3.0      0.0      25.0     0.0      19.0     1.0      0.0      1.0      1.0      19.0     0.0      1.0      56.0     53.0     6.0      19.0     3.0      88.0     7.0      1.0      4.0      178.0    27.0     2.0      2.0      0.0      163.0    0.0      1.0      0.0      250.0    196.0    1.0      1.0      0.0      0.0      0.0      0.0      0.0      0.0      15.0     105.0    0.0      0.0      0.0      0.0      0.0      1.0      0.0      81.0     0.0      0.0      0.0      0.0      0.0      0.0      33.0     0.0      0.0      0.0      0.0      0.0      0.0      0.0      0.0      0.0      0.0      0.0      0.0      0.0      0.0      0.0      1.0      0.0      0.0      0.0      0.0      0.0      0.0      31.0     0.0      0.0      0.0      0.0      0.0      0.0      0.0      0.0      2.0      27.0     2.0      0.0      16.0     0.0      0.0      0.0      28.0     0.0      0.0      0.0      0.0     
72.0     6.0      0.0      0.0      437.0    1633.0   220.0    178.0    103.0    31.0     0.0      2.0      80.0     57.0     57.0     864.0    20.0     18.0     5.0      3.0      1.0      45.0     13.0     100.0    9.0      6.0      22.0     2.0      1.0      136.0    221.0    68.0     0.0      7.0      28.0     2.0      5.0      25.0     73.0     14.0     0.0      0.0      9.0      37.0     8.0      2.0      3.0      19.0     31.0     29.0     0.0      13.0     4.0      19.0     0.0      5.0      7.0      0.0      10.0     0.0      0.0      19.0     52.0     132.0    10.0     0.0      220.0    14.0     0.0      0.0      310.0    59.0     10.0     7.0      0.0      138.0    0.0      0.0      0.0      272.0    320.0    4.0      3.0      1.0      0.0      0.0      0.0      0.0      2.0      48.0     141.0    1.0      1.0      0.0      0.0      0.0      1.0      1.0      139.0    0.0      0.0      0.0      0.0      0.0      0.0      81.0     3.0      0.0      0.0      7.0      0.0      2.0      0.0      0.0      0.0      0.0      0.0      0.0      6.0      0.0      0.0      1.0      0.0      4.0      0.0      1.0      0.0      19.0     59.0     2.0      0.0      0.0      0.0      0.0      0.0      0.0      1.0      26.0     126.0    13.0     0.0      149.0    0.0      0.0      0.0      41.0     1.0      0.0      0.0      0.0     
14.0     1.0      2.0      0.0      98.0     220.0    804.0    295.0    119.0    40.0     0.0      4.0      3.0      2.0      1.0      594.0    1.0      2.0      0.0      0.0      0.0      0.0      1.0      8.0      0.0      0.0      11.0     0.0      0.0      268.0    22.0     5.0      0.0      0.0      0.0      0.0      0.0      0.0      1.0      2.0      0.0      0.0      4.0      4.0      0.0      0.0      31.0     1.0      2.0      5.0      2.0      4.0      0.0      0.0      0.0      0.0      0.0      0.0      0.0      0.0      0.0      0.0      0.0      7.0      0.0      0.0      243.0    0.0      0.0      1.0      94.0     159.0    0.0      0.0      0.0      1.0      0.0      0.0      0.0      5.0      7.0      2.0      1.0      1.0      0.0      0.0      11.0     0.0      4.0      25.0     102.0    0.0      0.0      0.0      0.0      0.0      1.0      1.0      4.0      0.0      0.0      0.0      0.0      1.0      0.0      2.0      0.0      0.0      0.0      0.0      0.0      0.0      0.0      0.0      1.0      0.0      0.0      0.0      0.0      0.0      0.0      0.0      0.0      0.0      1.0      0.0      0.0      16.0     6.0      39.0     0.0      0.0      0.0      0.0      0.0      0.0      0.0      0.0      5.0      0.0      0.0      79.0     0.0      2.0      0.0      0.0      1.0      0.0      0.0      0.0     
13.0     0.0      6.0      0.0      93.0     178.0    295.0    564.0    141.0    24.0     0.0      0.0      3.0      2.0      4.0      317.0    1.0      1.0      0.0      0.0      0.0      0.0      0.0      5.0      0.0      0.0      3.0      0.0      4.0      290.0    23.0     4.0      0.0      0.0      0.0      0.0      0.0      0.0      1.0      2.0      0.0      0.0      0.0      1.0      0.0      0.0      61.0     1.0      1.0      2.0      0.0      0.0      0.0      0.0      0.0      0.0      0.0      0.0      0.0      0.0      0.0      0.0      0.0      3.0      0.0      0.0      204.0    0.0      1.0      1.0      83.0     184.0    0.0      0.0      0.0      1.0      0.0      2.0      0.0      5.0      8.0      1.0      3.0      0.0      0.0      0.0      3.0      0.0      0.0      5.0      62.0     0.0      0.0      0.0      0.0      0.0      1.0      0.0      4.0      0.0      0.0      0.0      0.0      27.0     0.0      3.0      1.0      0.0      0.0      0.0      0.0      0.0      0.0      0.0      0.0      0.0      0.0      0.0      0.0      0.0      0.0      2.0      0.0      0.0      0.0      0.0      0.0      1.0      4.0      0.0      0.0      0.0      0.0      0.0      0.0      0.0      0.0      0.0      5.0      0.0      0.0      58.0     0.0      7.0      5.0      0.0      0.0      0.0      0.0      0.0     
7.0      0.0      0.0      0.0      53.0     103.0    119.0    141.0    276.0    106.0    0.0      0.0      0.0      0.0      1.0      46.0     0.0      0.0      0.0      0.0      0.0      0.0      23.0     1.0      0.0      0.0      4.0      0.0      0.0      160.0    14.0     4.0      0.0      0.0      0.0      0.0      0.0      0.0      0.0      0.0      0.0      0.0      0.0      8.0      22.0     0.0      11.0     0.0      0.0      0.0      2.0      0.0      0.0      0.0      0.0      0.0      0.0      0.0      0.0      0.0      0.0      12.0     0.0      2.0      0.0      3.0      128.0    0.0      0.0      0.0      38.0     115.0    0.0      0.0      0.0      0.0      0.0      1.0      0.0      5.0      8.0      1.0      1.0      0.0      0.0      0.0      0.0      0.0      0.0      0.0      16.0     0.0      0.0      0.0      0.0      0.0      1.0      0.0      3.0      0.0      0.0      0.0      0.0      0.0      0.0      2.0      1.0      0.0      0.0      0.0      0.0      0.0      0.0      0.0      0.0      0.0      0.0      0.0      0.0      0.0      0.0      0.0      0.0      0.0      0.0      0.0      0.0      0.0      4.0      0.0      0.0      0.0      0.0      0.0      0.0      0.0      0.0      0.0      4.0      0.0      0.0      18.0     0.0      0.0      0.0      0.0      0.0      0.0      0.0      0.0     
16.0     0.0      0.0      0.0      19.0     31.0     40.0     24.0     106.0    473.0    55.0     0.0      0.0      0.0      1.0      54.0     2.0      1.0      1.0      18.0     0.0      19.0     153.0    2.0      0.0      0.0      61.0     0.0      0.0      157.0    10.0     12.0     0.0      0.0      4.0      0.0      1.0      1.0      0.0      0.0      0.0      0.0      2.0      60.0     145.0    0.0      0.0      0.0      1.0      0.0      20.0     0.0      0.0      0.0      0.0      0.0      2.0      0.0      4.0      0.0      0.0      66.0     0.0      0.0      0.0      137.0    219.0    0.0      0.0      0.0      6.0      22.0     0.0      0.0      0.0      0.0      0.0      2.0      0.0      0.0      0.0      0.0      0.0      2.0      2.0      39.0     0.0      0.0      0.0      0.0      25.0     0.0      0.0      0.0      7.0      0.0      24.0     1.0      0.0      0.0      0.0      2.0      0.0      0.0      2.0      0.0      0.0      0.0      1.0      0.0      0.0      1.0      1.0      0.0      0.0      0.0      0.0      8.0      11.0     63.0     0.0      1.0      0.0      2.0      0.0      0.0      1.0      0.0      0.0      0.0      0.0      0.0      0.0      0.0      0.0      0.0      44.0     0.0      0.0      0.0      37.0     126.0    1.0      0.0      0.0      0.0      1.0      2.0      3.0      0.0     
21.0     6.0      0.0      0.0      16.0     0.0      0.0      0.0      0.0      55.0     906.0    0.0      0.0      0.0      2.0      2.0      0.0      0.0      6.0      252.0    2.0      46.0     7.0      0.0      0.0      0.0      2.0      0.0      1.0      6.0      9.0      4.0      0.0      2.0      4.0      0.0      3.0      1.0      0.0      0.0      0.0      0.0      45.0     6.0      451.0    0.0      0.0      0.0      10.0     0.0      0.0      5.0      0.0      0.0      2.0      0.0      0.0      2.0      6.0      1.0      0.0      26.0     0.0      0.0      0.0      195.0    233.0    0.0      0.0      2.0      1.0      0.0      3.0      2.0      0.0      0.0      1.0      0.0      0.0      0.0      0.0      0.0      0.0      1.0      0.0      154.0    0.0      0.0      0.0      0.0      0.0      0.0      0.0      14.0     179.0    1.0      39.0     4.0      0.0      4.0      1.0      14.0     1.0      2.0      14.0     0.0      0.0      0.0      2.0      0.0      0.0      10.0     8.0      0.0      0.0      0.0      0.0      162.0    5.0      206.0    1.0      0.0      0.0      1.0      0.0      0.0      0.0      0.0      0.0      0.0      0.0      7.0      1.0      3.0      0.0      0.0      28.0     0.0      0.0      0.0      136.0    188.0    1.0      0.0      0.0      0.0      1.0      6.0      7.0      0.0     
0.0      4.0      0.0      107.0    0.0      2.0      4.0      0.0      0.0      0.0      0.0      1526.0   1.0      35.0     217.0    766.0    18.0     9.0      1.0      3.0      1.0      17.0     1.0      0.0      18.0     23.0     21.0     18.0     65.0     0.0      0.0      0.0      0.0      16.0     4.0      6.0      14.0     78.0     4.0      122.0    18.0     0.0      18.0     2.0      0.0      9.0      0.0      0.0      37.0     377.0    0.0      11.0     271.0    22.0     237.0    23.0     16.0     0.0      4.0      0.0      0.0      0.0      1.0      0.0      0.0      0.0      33.0     30.0     221.0    31.0     0.0      0.0      30.0     30.0     6.0      0.0      0.0      0.0      0.0      0.0      3.0      22.0     7.0      0.0      0.0      0.0      11.0     0.0      3.0      22.0     102.0    0.0      0.0      0.0      0.0      0.0      0.0      0.0      0.0      0.0      0.0      2.0      0.0      0.0      0.0      0.0      0.0      0.0      0.0      0.0      0.0      0.0      0.0      0.0      1.0      0.0      0.0      0.0      0.0      0.0      0.0      0.0      0.0      0.0      2.0      0.0      0.0      25.0     2.0      21.0     0.0      0.0      0.0      0.0      0.0      0.0      0.0      0.0      0.0      0.0      0.0      26.0     2.0      4.0      0.0      0.0      0.0      0.0      0.0      0.0     
9.0      1.0      0.0      0.0      13.0     80.0     3.0      3.0      0.0      0.0      0.0      1.0      502.0    92.0     54.0     153.0    13.0     17.0     5.0      1.0      0.0      8.0      0.0      69.0     0.0      0.0      2.0      0.0      0.0      3.0      0.0      0.0      0.0      7.0      48.0     0.0      2.0      6.0      216.0    1.0      0.0      0.0      4.0      60.0     0.0      0.0      0.0      129.0    22.0     28.0     0.0      3.0      10.0     27.0     0.0      0.0      0.0      1.0      5.0      0.0      0.0      4.0      200.0    0.0      4.0      1.0      2.0      0.0      0.0      0.0      0.0      0.0      2.0      4.0      0.0      0.0      0.0      0.0      0.0      11.0     18.0     0.0      0.0      0.0      0.0      0.0      0.0      1.0      9.0      62.0     36.0     0.0      0.0      0.0      0.0      0.0      0.0      0.0      51.0     0.0      0.0      0.0      0.0      0.0      0.0      0.0      0.0      0.0      0.0      0.0      0.0      0.0      0.0      0.0      1.0      0.0      0.0      0.0      0.0      0.0      0.0      0.0      0.0      0.0      0.0      0.0      0.0      26.0     18.0     0.0      0.0      0.0      0.0      0.0      0.0      0.0      0.0      59.0     0.0      0.0      0.0      7.0      0.0      0.0      0.0      0.0      0.0      0.0      0.0      0.0     
0.0      1.0      0.0      0.0      5.0      57.0     2.0      2.0      0.0      0.0      0.0      35.0     92.0     695.0    112.0    361.0    9.0      9.0      1.0      0.0      1.0      1.0      0.0      1.0      0.0      0.0      1.0      0.0      0.0      3.0      0.0      0.0      0.0      3.0      4.0      0.0      1.0      0.0      214.0    146.0    0.0      0.0      1.0      6.0      0.0      0.0      0.0      0.0      11.0     132.0    0.0      0.0      97.0     110.0    41.0     0.0      1.0      0.0      0.0      0.0      0.0      0.0      109.0    0.0      0.0      0.0      2.0      0.0      0.0      0.0      0.0      0.0      2.0      0.0      0.0      0.0      0.0      0.0      0.0      1.0      7.0      0.0      0.0      0.0      0.0      0.0      0.0      4.0      16.0     89.0     55.0     0.0      0.0      0.0      0.0      0.0      0.0      0.0      9.0      0.0      0.0      0.0      0.0      0.0      0.0      0.0      0.0      0.0      0.0      0.0      0.0      0.0      0.0      1.0      3.0      0.0      0.0      0.0      0.0      0.0      0.0      0.0      0.0      0.0      0.0      0.0      0.0      40.0     34.0     2.0      0.0      0.0      0.0      0.0      0.0      0.0      0.0      32.0     0.0      0.0      0.0      12.0     0.0      0.0      0.0      0.0      0.0      0.0      0.0      0.0     
38.0     5.0      0.0      3.0      43.0     57.0     1.0      4.0      1.0      1.0      2.0      217.0    54.0     112.0    1752.0   680.0    11.0     17.0     1.0      1.0      0.0      22.0     0.0      16.0     1.0      0.0      2.0      11.0     134.0    0.0      0.0      1.0      0.0      3.0      20.0     0.0      0.0      8.0      42.0     19.0     0.0      0.0      19.0     26.0     3.0      11.0     0.0      5.0      29.0     33.0     0.0      17.0     481.0    364.0    412.0    1.0      1.0      0.0      2.0      0.0      0.0      4.0      115.0    0.0      0.0      0.0      4.0      4.0      91.0     160.0    0.0      0.0      3.0      4.0      0.0      4.0      0.0      0.0      0.0      20.0     40.0     2.0      0.0      0.0      0.0      0.0      0.0      1.0      4.0      45.0     56.0     0.0      0.0      0.0      0.0      0.0      0.0      0.0      7.0      0.0      0.0      0.0      0.0      0.0      0.0      0.0      1.0      0.0      0.0      0.0      0.0      0.0      0.0      0.0      0.0      0.0      0.0      0.0      0.0      0.0      0.0      0.0      0.0      0.0      0.0      0.0      0.0      9.0      35.0     0.0      0.0      0.0      0.0      0.0      0.0      0.0      0.0      15.0     0.0      0.0      0.0      18.0     0.0      0.0      0.0      0.0      0.0      0.0      0.0      0.0     
40.0     79.0     90.0     52.0     269.0    864.0    594.0    317.0    46.0     54.0     2.0      766.0    153.0    361.0    680.0    7037.0   45.0     68.0     74.0     43.0     7.0      419.0    12.0     60.0     50.0     21.0     129.0    8.0      266.0    275.0    40.0     5.0      0.0      36.0     79.0     5.0      38.0     107.0    166.0    160.0    9.0      0.0      254.0    101.0    40.0     11.0     107.0    31.0     447.0    311.0    1.0      185.0    301.0    215.0    484.0    28.0     39.0     2.0      106.0    2.0      2.0      101.0    158.0    5.0      4.0      5.0      484.0    33.0     289.0    138.0    99.0     142.0    43.0     34.0     2.0      79.0     0.0      12.0     0.0      120.0    144.0    9.0      11.0     1.0      4.0      0.0      28.0     4.0      20.0     140.0    618.0    0.0      0.0      0.0      0.0      0.0      1.0      4.0      69.0     0.0      0.0      1.0      1.0      55.0     7.0      18.0     3.0      0.0      0.0      2.0      0.0      1.0      0.0      0.0      2.0      0.0      0.0      0.0      2.0      0.0      1.0      7.0      0.0      0.0      2.0      0.0      0.0      62.0     47.0     72.0     0.0      0.0      0.0      0.0      0.0      0.0      0.0      47.0     21.0     0.0      0.0      542.0    1.0      18.0     11.0     1.0      2.0      0.0      0.0      0.0     
32.0     7.0      0.0      11.0     1.0      20.0     1.0      1.0      0.0      2.0      0.0      18.0     13.0     9.0      11.0     45.0     441.0    204.0    28.0     6.0      10.0     14.0     51.0     42.0     21.0     5.0      35.0     2.0      1.0      7.0      27.0     82.0     0.0      31.0     84.0     0.0      35.0     60.0     8.0      2.0      38.0     0.0      18.0     79.0     0.0      1.0      0.0      31.0     246.0    94.0     1.0      12.0     9.0      9.0      10.0     0.0      12.0     0.0      23.0     0.0      0.0      1.0      17.0     40.0     9.0      4.0      17.0     1.0      0.0      0.0      4.0      1.0      30.0     34.0     0.0      2.0      0.0      0.0      1.0      2.0      5.0      3.0      1.0      0.0      0.0      0.0      2.0      0.0      2.0      2.0      5.0      0.0      0.0      0.0      0.0      0.0      0.0      0.0      12.0     0.0      2.0      6.0      1.0      0.0      2.0      1.0      12.0     0.0      2.0      1.0      0.0      0.0      0.0      0.0      0.0      2.0      0.0      0.0      1.0      0.0      0.0      0.0      0.0      0.0      2.0      0.0      0.0      2.0      0.0      2.0      1.0      2.0      0.0      0.0      0.0      0.0      0.0      4.0      7.0      0.0      0.0      11.0     5.0      0.0      0.0      4.0      0.0      0.0      0.0      0.0     
30.0     4.0      0.0      7.0      2.0      18.0     2.0      1.0      0.0      1.0      0.0      9.0      17.0     9.0      17.0     68.0     204.0    358.0    14.0     2.0      6.0      2.0      13.0     54.0     14.0     1.0      18.0     1.0      1.0      7.0      31.0     27.0     0.0      20.0     42.0     0.0      24.0     18.0     9.0      1.0      9.0      0.0      6.0      42.0     0.0      0.0      0.0      50.0     108.0    80.0     0.0      6.0      1.0      18.0     8.0      0.0      8.0      0.0      9.0      0.0      0.0      1.0      16.0     34.0     10.0     4.0      6.0      1.0      1.0      0.0      3.0      1.0      10.0     11.0     0.0      0.0      0.0      0.0      0.0      0.0      2.0      3.0      1.0      0.0      0.0      0.0      2.0      0.0      0.0      10.0     7.0      0.0      0.0      0.0      0.0      0.0      0.0      0.0      5.0      0.0      1.0      2.0      0.0      0.0      1.0      0.0      0.0      0.0      1.0      0.0      0.0      0.0      0.0      0.0      0.0      1.0      0.0      0.0      0.0      0.0      0.0      0.0      0.0      0.0      1.0      0.0      0.0      8.0      0.0      1.0      1.0      1.0      0.0      0.0      0.0      0.0      0.0      12.0     1.0      0.0      0.0      5.0      1.0      1.0      0.0      0.0      0.0      0.0      0.0      0.0     
22.0     126.0    0.0      1.0      12.0     5.0      0.0      0.0      0.0      1.0      6.0      1.0      5.0      1.0      1.0      74.0     28.0     14.0     1102.0   38.0     83.0     4.0      18.0     5.0      145.0    0.0      14.0     0.0      0.0      10.0     16.0     10.0     51.0     128.0    60.0     7.0      104.0    43.0     1.0      0.0      0.0      0.0      28.0     94.0     6.0      0.0      0.0      3.0      120.0    8.0      86.0     9.0      0.0      0.0      6.0      0.0      7.0      135.0    450.0    112.0    119.0    49.0     1.0      0.0      2.0      15.0     46.0     0.0      0.0      0.0      1.0      0.0      47.0     118.0    18.0     0.0      2.0      0.0      0.0      0.0      0.0      0.0      0.0      0.0      0.0      19.0     0.0      0.0      0.0      0.0      0.0      0.0      0.0      3.0      25.0     0.0      0.0      3.0      0.0      0.0      0.0      7.0      4.0      3.0      17.0     0.0      1.0      0.0      1.0      4.0      0.0      5.0      5.0      0.0      0.0      0.0      0.0      4.0      1.0      4.0      3.0      0.0      0.0      1.0      0.0      0.0      0.0      0.0      0.0      0.0      0.0      3.0      0.0      2.0      0.0      0.0      0.0      0.0      0.0      0.0      20.0     42.0     1.0      0.0      0.0      0.0      0.0      8.0      6.0      0.0     
13.0     52.0     0.0      0.0      10.0     3.0      0.0      0.0      0.0      18.0     252.0    3.0      1.0      0.0      1.0      43.0     6.0      2.0      38.0     996.0    58.0     9.0      18.0     0.0      0.0      0.0      14.0     0.0      0.0      2.0      8.0      6.0      1.0      63.0     55.0     0.0      75.0     18.0     0.0      1.0      0.0      0.0      34.0     59.0     76.0     0.0      0.0      1.0      73.0     4.0      43.0     13.0     1.0      0.0      5.0      0.0      6.0      7.0      380.0    6.0      22.0     62.0     0.0      1.0      0.0      127.0    69.0     0.0      0.0      0.0      0.0      0.0      30.0     36.0     0.0      0.0      0.0      0.0      1.0      0.0      0.0      0.0      0.0      0.0      0.0      48.0     0.0      0.0      0.0      0.0      0.0      0.0      0.0      17.0     126.0    0.0      13.0     3.0      0.0      5.0      4.0      23.0     6.0      6.0      42.0     0.0      0.0      0.0      5.0      1.0      0.0      18.0     11.0     0.0      0.0      0.0      0.0      51.0     3.0      76.0     8.0      0.0      0.0      2.0      0.0      0.0      1.0      0.0      0.0      0.0      1.0      13.0     2.0      4.0      0.0      0.0      18.0     0.0      0.0      0.0      82.0     83.0     3.0      1.0      0.0      0.0      0.0      12.0     12.0     0.0     
0.0      94.0     0.0      0.0      1.0      1.0      0.0      0.0      0.0      0.0      2.0      1.0      0.0      1.0      0.0      7.0      10.0     6.0      83.0     58.0     310.0    15.0     21.0     0.0      1.0      0.0      0.0      0.0      0.0      0.0      0.0      0.0      0.0      10.0     9.0      0.0      10.0     5.0      0.0      1.0      0.0      0.0      8.0      35.0     0.0      0.0      0.0      0.0      16.0     5.0      47.0     34.0     0.0      0.0      2.0      0.0      0.0      21.0     70.0     23.0     62.0     130.0    0.0      0.0      0.0      0.0      0.0      0.0      0.0      0.0      0.0      0.0      5.0      10.0     0.0      0.0      0.0      0.0      0.0      0.0      0.0      0.0      0.0      0.0      0.0      0.0      0.0      0.0      0.0      0.0      0.0      0.0      0.0      0.0      0.0      0.0      0.0      0.0      0.0      0.0      0.0      0.0      0.0      0.0      0.0      0.0      0.0      0.0      0.0      0.0      0.0      0.0      0.0      0.0      0.0      0.0      0.0      0.0      0.0      0.0      0.0      0.0      0.0      0.0      0.0      0.0      0.0      0.0      0.0      0.0      0.0      0.0      0.0      0.0      0.0      0.0      0.0      0.0      0.0      0.0      0.0      0.0      0.0      0.0      0.0      0.0      0.0      0.0      0.0      0.0     
100.0    2.0      0.0      8.0      84.0     45.0     0.0      0.0      0.0      19.0     46.0     17.0     8.0      1.0      22.0     419.0    14.0     2.0      4.0      9.0      15.0     1075.0   5.0      5.0      5.0      6.0      9.0      6.0      21.0     0.0      53.0     46.0     0.0      10.0     15.0     1.0      14.0     2.0      5.0      1.0      0.0      0.0      175.0    24.0     230.0    3.0      0.0      4.0      286.0    29.0     4.0      78.0     3.0      1.0      34.0     8.0      6.0      2.0      8.0      0.0      2.0      270.0    0.0      4.0      2.0      2.0      53.0     11.0     4.0      13.0     1.0      0.0      1.0      2.0      0.0      1.0      0.0      0.0      0.0      0.0      1.0      0.0      0.0      0.0      0.0      8.0      0.0      0.0      0.0      0.0      1.0      0.0      0.0      0.0      5.0      0.0      50.0     3.0      2.0      0.0      0.0      1.0      0.0      0.0      0.0      0.0      8.0      0.0      1.0      1.0      0.0      1.0      2.0      0.0      0.0      0.0      0.0      33.0     9.0      65.0     0.0      0.0      0.0      2.0      0.0      0.0      0.0      0.0      0.0      1.0      0.0      0.0      0.0      0.0      0.0      0.0      29.0     0.0      1.0      0.0      4.0      40.0     0.0      0.0      0.0      1.0      0.0      3.0      5.0      0.0     
41.0     16.0     0.0      0.0      6.0      13.0     1.0      0.0      23.0     153.0    7.0      1.0      0.0      0.0      0.0      12.0     51.0     13.0     18.0     18.0     21.0     5.0      555.0    16.0     3.0      0.0      33.0     2.0      0.0      91.0     45.0     113.0    0.0      0.0      136.0    0.0      6.0      2.0      0.0      0.0      0.0      0.0      3.0      337.0    88.0     1.0      0.0      2.0      2.0      1.0      138.0    5.0      0.0      0.0      0.0      0.0      2.0      2.0      28.0     0.0      25.0     109.0    2.0      25.0     2.0      65.0     12.0     6.0      0.0      0.0      3.0      5.0      0.0      1.0      0.0      1.0      0.0      1.0      0.0      2.0      4.0      1.0      2.0      1.0      0.0      0.0      1.0      0.0      2.0      2.0      15.0     0.0      0.0      0.0      0.0      0.0      0.0      0.0      7.0      1.0      0.0      7.0      2.0      0.0      10.0     1.0      18.0     0.0      0.0      3.0      0.0      0.0      0.0      0.0      0.0      0.0      0.0      3.0      3.0      0.0      0.0      4.0      0.0      0.0      0.0      0.0      0.0      4.0      0.0      0.0      0.0      2.0      0.0      0.0      0.0      0.0      0.0      0.0      9.0      0.0      0.0      6.0      4.0      0.0      1.0      3.0      2.0      0.0      0.0      0.0     
234.0    0.0      0.0      0.0      96.0     100.0    8.0      5.0      1.0      2.0      0.0      0.0      69.0     1.0      16.0     60.0     42.0     54.0     5.0      0.0      0.0      5.0      16.0     816.0    0.0      0.0      1.0      0.0      0.0      4.0      159.0    53.0     0.0      11.0     76.0     0.0      2.0      0.0      1.0      0.0      0.0      0.0      3.0      76.0     0.0      0.0      0.0      100.0    18.0     1.0      0.0      3.0      0.0      1.0      0.0      0.0      0.0      1.0      6.0      0.0      0.0      3.0      175.0    162.0    228.0    0.0      38.0     0.0      0.0      0.0      41.0     3.0      0.0      0.0      0.0      39.0     0.0      0.0      0.0      23.0     28.0     1.0      1.0      0.0      0.0      0.0      0.0      0.0      0.0      37.0     12.0     2.0      1.0      0.0      1.0      0.0      0.0      1.0      80.0     0.0      1.0      0.0      0.0      0.0      0.0      18.0     7.0      0.0      0.0      6.0      0.0      0.0      0.0      0.0      0.0      0.0      0.0      1.0      3.0      1.0      0.0      1.0      0.0      0.0      0.0      0.0      0.0      0.0      25.0     0.0      1.0      0.0      0.0      0.0      0.0      0.0      1.0      22.0     28.0     9.0      1.0      30.0     0.0      0.0      0.0      4.0      0.0      0.0      0.0      0.0     
3.0      0.0      0.0      33.0     1.0      9.0      0.0      0.0      0.0      0.0      0.0      18.0     0.0      0.0      1.0      50.0     21.0     14.0     145.0    0.0      1.0      5.0      3.0      0.0      1432.0   188.0    213.0    39.0     63.0     49.0     4.0      5.0      28.0     111.0    36.0     7.0      97.0     327.0    0.0      0.0      2.0      0.0      2.0      43.0     0.0      41.0     0.0      0.0      64.0     9.0      31.0     0.0      3.0      0.0      3.0      274.0    356.0    0.0      49.0     4.0      59.0     3.0      0.0      1.0      0.0      0.0      16.0     32.0     30.0     0.0      0.0      10.0     104.0    433.0    10.0     0.0      0.0      0.0      0.0      0.0      0.0      0.0      0.0      0.0      0.0      0.0      0.0      0.0      0.0      0.0      0.0      0.0      0.0      3.0      0.0      0.0      0.0      2.0      0.0      0.0      0.0      12.0     5.0      4.0      9.0      0.0      2.0      0.0      1.0      4.0      0.0      10.0     7.0      0.0      0.0      0.0      0.0      0.0      3.0      0.0      2.0      0.0      0.0      1.0      0.0      0.0      0.0      0.0      0.0      0.0      0.0      5.0      0.0      2.0      0.0      0.0      0.0      0.0      1.0      0.0      1.0      13.0     2.0      0.0      0.0      0.0      1.0      11.0     6.0      0.0     
0.0      0.0      0.0      224.0    0.0      6.0      0.0      0.0      0.0      0.0      0.0      23.0     0.0      0.0      0.0      21.0     5.0      1.0      0.0      0.0      0.0      6.0      0.0      0.0      188.0    856.0    66.0     19.0     196.0    0.0      0.0      0.0      2.0      35.0     1.0      79.0     1.0      166.0    0.0      0.0      94.0     0.0      2.0      0.0      0.0      43.0     0.0      0.0      11.0     10.0     0.0      0.0      10.0     0.0      0.0      309.0    119.0    0.0      0.0      0.0      0.0      0.0      0.0      0.0      0.0      0.0      4.0      131.0    72.0     0.0      0.0      0.0      45.0     182.0    3.0      0.0      0.0      0.0      0.0      0.0      0.0      0.0      0.0      0.0      0.0      0.0      0.0      0.0      0.0      0.0      0.0      0.0      0.0      0.0      0.0      0.0      0.0      0.0      0.0      0.0      0.0      0.0      0.0      0.0      4.0      0.0      0.0      0.0      0.0      0.0      0.0      0.0      0.0      0.0      0.0      0.0      0.0      0.0      0.0      0.0      0.0      0.0      0.0      0.0      0.0      0.0      0.0      0.0      0.0      0.0      0.0      0.0      0.0      0.0      0.0      0.0      0.0      0.0      0.0      0.0      0.0      4.0      0.0      0.0      0.0      0.0      0.0      0.0      0.0      0.0     
3.0      10.0     51.0     48.0     7.0      22.0     11.0     3.0      4.0      61.0     2.0      21.0     2.0      1.0      2.0      129.0    35.0     18.0     14.0     14.0     0.0      9.0      33.0     1.0      213.0    66.0     2839.0   67.0     174.0    428.0    1.0      5.0      36.0     129.0    24.0     16.0     83.0     163.0    2.0      0.0      10.0     0.0      4.0      34.0     25.0     121.0    66.0     0.0      69.0     19.0     15.0     6.0      3.0      2.0      3.0      17.0     754.0    1.0      12.0     0.0      8.0      11.0     0.0      1.0      0.0      232.0    221.0    567.0    38.0     8.0      0.0      40.0     50.0     207.0    23.0     1.0      0.0      26.0     0.0      0.0      1.0      0.0      0.0      1.0      4.0      5.0      1.0      0.0      1.0      1.0      11.0     0.0      0.0      1.0      9.0      0.0      0.0      4.0      1.0      0.0      1.0      114.0    2.0      1.0      98.0     0.0      0.0      0.0      3.0      0.0      1.0      2.0      4.0      0.0      0.0      0.0      0.0      0.0      1.0      2.0      1.0      22.0     0.0      0.0      0.0      0.0      0.0      1.0      1.0      1.0      0.0      24.0     0.0      0.0      0.0      0.0      0.0      0.0      1.0      0.0      11.0     220.0    32.0     0.0      0.0      0.0      26.0     4.0      5.0      1.0     
1.0      0.0      54.0     24.0     3.0      2.0      0.0      0.0      0.0      0.0      0.0      18.0     0.0      0.0      11.0     8.0      2.0      1.0      0.0      0.0      0.0      6.0      2.0      0.0      39.0     19.0     67.0     917.0    391.0    2.0      0.0      0.0      0.0      1.0      2.0      0.0      1.0      1.0      0.0      0.0      0.0      0.0      5.0      3.0      0.0      581.0    3.0      0.0      10.0     3.0      0.0      4.0      12.0     0.0      2.0      44.0     61.0     0.0      0.0      0.0      0.0      0.0      0.0      0.0      0.0      0.0      5.0      569.0    116.0    40.0     0.0      0.0      0.0      1.0      0.0      0.0      0.0      5.0      0.0      0.0      0.0      0.0      0.0      0.0      0.0      0.0      0.0      0.0      0.0      0.0      1.0      0.0      0.0      0.0      0.0      0.0      0.0      1.0      0.0      0.0      0.0      0.0      0.0      0.0      4.0      0.0      0.0      0.0      0.0      0.0      0.0      0.0      0.0      0.0      0.0      0.0      0.0      0.0      1.0      0.0      0.0      5.0      0.0      0.0      0.0      0.0      0.0      0.0      0.0      0.0      0.0      0.0      0.0      0.0      0.0      0.0      0.0      0.0      0.0      0.0      0.0      5.0      0.0      0.0      0.0      0.0      0.0      0.0      0.0      0.0     
5.0      3.0      101.0    156.0    7.0      1.0      0.0      4.0      0.0      0.0      1.0      65.0     0.0      0.0      134.0    266.0    1.0      1.0      0.0      0.0      0.0      21.0     0.0      0.0      63.0     196.0    174.0    391.0    2627.0   0.0      1.0      0.0      6.0      50.0     3.0      53.0     25.0     179.0    0.0      0.0      43.0     0.0      16.0     2.0      4.0      465.0    0.0      0.0      32.0     20.0     0.0      8.0      69.0     0.0      70.0     90.0     70.0     0.0      1.0      0.0      0.0      4.0      0.0      0.0      0.0      0.0      50.0     450.0    654.0    409.0    0.0      0.0      67.0     122.0    3.0      1.0      0.0      4.0      0.0      0.0      0.0      0.0      16.0     0.0      1.0      0.0      0.0      0.0      0.0      1.0      81.0     0.0      0.0      0.0      0.0      0.0      0.0      1.0      0.0      0.0      0.0      1.0      0.0      6.0      12.0     0.0      0.0      0.0      0.0      0.0      0.0      0.0      0.0      0.0      0.0      0.0      0.0      0.0      0.0      0.0      0.0      15.0     0.0      0.0      0.0      0.0      0.0      0.0      0.0      1.0      0.0      0.0      0.0      0.0      0.0      0.0      0.0      0.0      0.0      0.0      0.0      64.0     0.0      0.0      0.0      0.0      5.0      0.0      0.0      0.0     
23.0     3.0      39.0     2.0      72.0     136.0    268.0    290.0    160.0    157.0    6.0      0.0      3.0      3.0      0.0      275.0    7.0      7.0      10.0     2.0      0.0      0.0      91.0     4.0      49.0     0.0      428.0    2.0      0.0      1847.0   26.0     13.0     9.0      44.0     9.0      2.0      33.0     59.0     1.0      2.0      0.0      0.0      0.0      48.0     89.0     0.0      214.0    0.0      14.0     4.0      21.0     0.0      0.0      1.0      1.0      2.0      21.0     2.0      7.0      0.0      5.0      42.0     0.0      2.0      0.0      175.0    385.0    3.0      1.0      0.0      62.0     460.0    11.0     101.0    1.0      0.0      0.0      59.0     1.0      1.0      3.0      1.0      2.0      1.0      5.0      4.0      3.0      0.0      0.0      2.0      43.0     0.0      0.0      1.0      12.0     0.0      0.0      6.0      0.0      0.0      2.0      148.0    5.0      15.0     94.0     1.0      1.0      0.0      10.0     0.0      0.0      10.0     13.0     0.0      0.0      1.0      0.0      0.0      0.0      1.0      4.0      30.0     0.0      1.0      0.0      0.0      0.0      2.0      2.0      2.0      1.0      32.0     0.0      2.0      0.0      0.0      1.0      0.0      1.0      0.0      14.0     291.0    32.0     0.0      0.0      0.0      6.0      12.0     11.0     3.0     
438.0    8.0      0.0      0.0      160.0    221.0    22.0     23.0     14.0     10.0     9.0      0.0      0.0      0.0      0.0      40.0     27.0     31.0     16.0     8.0      0.0      53.0     45.0     159.0    4.0      0.0      1.0      0.0      1.0      26.0     881.0    203.0    0.0      4.0      87.0     0.0      10.0     0.0      0.0      0.0      0.0      0.0      31.0     102.0    50.0     0.0      1.0      38.0     11.0     0.0      1.0      18.0     0.0      0.0      0.0      0.0      0.0      3.0      10.0     0.0      0.0      44.0     0.0      208.0    52.0     2.0      52.0     1.0      0.0      1.0      89.0     15.0     0.0      1.0      0.0      48.0     0.0      0.0      0.0      43.0     109.0    3.0      2.0      0.0      0.0      0.0      1.0      0.0      0.0      0.0      36.0     0.0      0.0      0.0      1.0      0.0      0.0      2.0      115.0    0.0      0.0      1.0      0.0      2.0      2.0      104.0    12.0     0.0      0.0      6.0      0.0      0.0      0.0      0.0      0.0      0.0      0.0      0.0      4.0      0.0      0.0      1.0      0.0      3.0      1.0      1.0      0.0      0.0      0.0      3.0      0.0      0.0      0.0      0.0      0.0      0.0      1.0      0.0      126.0    19.0     2.0      83.0     0.0      0.0      0.0      50.0     1.0      0.0      0.0      0.0     
139.0    5.0      0.0      0.0      19.0     68.0     5.0      4.0      4.0      12.0     4.0      0.0      0.0      0.0      1.0      5.0      82.0     27.0     10.0     6.0      0.0      46.0     113.0    53.0     5.0      0.0      5.0      0.0      0.0      13.0     203.0    801.0    0.0      1.0      135.0    0.0      26.0     1.0      0.0      0.0      0.0      0.0      24.0     160.0    51.0     0.0      0.0      5.0      6.0      0.0      4.0      11.0     0.0      0.0      0.0      0.0      1.0      2.0      10.0     0.0      0.0      29.0     1.0      121.0    5.0      5.0      55.0     1.0      0.0      0.0      63.0     5.0      1.0      1.0      0.0      18.0     0.0      1.0      0.0      2.0      11.0     1.0      0.0      2.0      2.0      0.0      0.0      0.0      4.0      2.0      1.0      0.0      0.0      1.0      7.0      1.0      3.0      12.0     33.0     5.0      3.0      24.0     9.0      2.0      24.0     5.0      265.0    0.0      2.0      28.0     1.0      12.0     2.0      0.0      0.0      0.0      0.0      26.0     53.0     5.0      1.0      0.0      0.0      1.0      0.0      6.0      1.0      8.0      0.0      0.0      2.0      8.0      0.0      0.0      0.0      0.0      11.0     0.0      80.0     4.0      5.0      17.0     17.0     0.0      0.0      8.0      0.0      4.0      0.0      0.0     
0.0      0.0      0.0      4.0      0.0      0.0      0.0      0.0      0.0      0.0      0.0      0.0      0.0      0.0      0.0      0.0      0.0      0.0      51.0     1.0      0.0      0.0      0.0      0.0      28.0     2.0      36.0     0.0      6.0      9.0      0.0      0.0      139.0    99.0     23.0     3.0      4.0      3.0      0.0      0.0      10.0     0.0      0.0      0.0      0.0      0.0      0.0      0.0      93.0     0.0      0.0      0.0      0.0      0.0      0.0      2.0      14.0     0.0      19.0     0.0      1.0      0.0      0.0      0.0      0.0      3.0      1.0      1.0      1.0      0.0      0.0      0.0      0.0      22.0     23.0     0.0      0.0      0.0      0.0      0.0      0.0      0.0      0.0      0.0      0.0      0.0      0.0      0.0      0.0      0.0      0.0      0.0      0.0      0.0      0.0      0.0      0.0      0.0      0.0      0.0      0.0      0.0      0.0      0.0      0.0      0.0      0.0      0.0      1.0      0.0      0.0      0.0      0.0      0.0      0.0      0.0      0.0      0.0      0.0      0.0      0.0      0.0      0.0      0.0      0.0      0.0      0.0      0.0      0.0      0.0      0.0      0.0      0.0      0.0      0.0      0.0      0.0      0.0      0.0      0.0      0.0      1.0      0.0      0.0      0.0      0.0      2.0      0.0      1.0      0.0     
12.0     45.0     0.0      62.0     4.0      7.0      0.0      0.0      0.0      0.0      2.0      16.0     7.0      3.0      3.0      36.0     31.0     20.0     128.0    63.0     10.0     10.0     0.0      11.0     111.0    35.0     129.0    1.0      50.0     44.0     4.0      1.0      99.0     882.0    349.0    98.0     11.0     40.0     1.0      1.0      72.0     0.0      57.0     83.0     2.0      0.0      0.0      9.0      291.0    21.0     0.0      74.0     0.0      3.0      3.0      15.0     59.0     2.0      99.0     3.0      2.0      9.0      9.0      1.0      2.0      11.0     2.0      6.0      14.0     0.0      0.0      0.0      21.0     355.0    67.0     0.0      0.0      0.0      0.0      0.0      0.0      1.0      1.0      0.0      0.0      0.0      0.0      0.0      0.0      2.0      2.0      0.0      0.0      0.0      0.0      0.0      0.0      1.0      5.0      0.0      0.0      6.0      2.0      0.0      5.0      0.0      0.0      0.0      1.0      0.0      0.0      1.0      2.0      0.0      0.0      0.0      0.0      0.0      0.0      0.0      2.0      0.0      0.0      0.0      0.0      0.0      0.0      0.0      0.0      1.0      0.0      1.0      0.0      0.0      0.0      0.0      0.0      3.0      0.0      0.0      0.0      12.0     1.0      0.0      0.0      0.0      4.0      2.0      2.0      0.0     
121.0    48.0     0.0      3.0      43.0     28.0     0.0      0.0      0.0      4.0      4.0      4.0      48.0     4.0      20.0     79.0     84.0     42.0     60.0     55.0     9.0      15.0     136.0    76.0     36.0     1.0      24.0     2.0      3.0      9.0      87.0     135.0    23.0     349.0    901.0    3.0      8.0      11.0     8.0      1.0      2.0      0.0      70.0     548.0    5.0      1.0      0.0      42.0     265.0    13.0     2.0      86.0     0.0      9.0      0.0      1.0      5.0      2.0      84.0     2.0      1.0      10.0     21.0     42.0     18.0     4.0      11.0     4.0      0.0      0.0      5.0      0.0      11.0     68.0     2.0      5.0      0.0      0.0      0.0      4.0      5.0      2.0      1.0      0.0      1.0      0.0      1.0      0.0      2.0      4.0      10.0     0.0      0.0      0.0      0.0      0.0      0.0      3.0      24.0     1.0      1.0      4.0      2.0      1.0      4.0      0.0      30.0     0.0      1.0      4.0      0.0      1.0      0.0      0.0      0.0      0.0      0.0      5.0      6.0      3.0      0.0      0.0      0.0      0.0      0.0      0.0      0.0      4.0      1.0      1.0      1.0      2.0      0.0      0.0      0.0      0.0      1.0      4.0      17.0     0.0      0.0      3.0      4.0      0.0      2.0      1.0      0.0      0.0      1.0      0.0     
0.0      0.0      0.0      48.0     0.0      2.0      0.0      0.0      0.0      0.0      0.0      6.0      0.0      0.0      0.0      5.0      0.0      0.0      7.0      0.0      0.0      1.0      0.0      0.0      7.0      79.0     16.0     0.0      53.0     2.0      0.0      0.0      3.0      98.0     3.0      192.0    0.0      17.0     0.0      0.0      72.0     0.0      0.0      0.0      0.0      0.0      0.0      0.0      7.0      4.0      0.0      0.0      3.0      0.0      1.0      15.0     5.0      0.0      0.0      0.0      0.0      0.0      0.0      0.0      0.0      0.0      0.0      1.0      27.0     0.0      0.0      0.0      4.0      44.0     15.0     0.0      0.0      0.0      0.0      0.0      0.0      0.0      0.0      0.0      0.0      0.0      0.0      0.0      0.0      0.0      0.0      0.0      0.0      0.0      0.0      0.0      0.0      0.0      0.0      0.0      0.0      1.0      0.0      0.0      0.0      0.0      0.0      0.0      0.0      0.0      0.0      0.0      0.0      0.0      0.0      0.0      0.0      0.0      0.0      0.0      0.0      0.0      0.0      0.0      0.0      0.0      0.0      0.0      0.0      0.0      0.0      0.0      0.0      0.0      0.0      0.0      0.0      0.0      0.0      0.0      0.0      1.0      0.0      0.0      0.0      0.0      0.0      0.0      0.0      0.0     
9.0      38.0     0.0      18.0     9.0      5.0      0.0      0.0      0.0      1.0      3.0      14.0     2.0      1.0      0.0      38.0     35.0     24.0     104.0    75.0     10.0     14.0     6.0      2.0      97.0     1.0      83.0     1.0      25.0     33.0     10.0     26.0     4.0      11.0     8.0      0.0      1154.0   137.0    2.0      0.0      10.0     0.0      44.0     220.0    0.0      1.0      2.0      2.0      24.0     20.0     193.0    51.0     3.0      1.0      1.0      1.0      48.0     10.0     126.0    23.0     248.0    12.0     1.0      4.0      1.0      12.0     18.0     3.0      12.0     0.0      0.0      3.0      315.0    52.0     2.0      2.0      0.0      0.0      0.0      0.0      0.0      0.0      1.0      0.0      0.0      0.0      0.0      0.0      0.0      1.0      2.0      0.0      0.0      0.0      0.0      0.0      1.0      1.0      4.0      1.0      1.0      25.0     0.0      2.0      24.0     1.0      16.0     0.0      1.0      4.0      0.0      2.0      0.0      0.0      0.0      0.0      0.0      3.0      4.0      0.0      0.0      0.0      0.0      0.0      0.0      0.0      0.0      0.0      0.0      0.0      0.0      13.0     0.0      0.0      0.0      0.0      0.0      0.0      3.0      1.0      1.0      46.0     3.0      0.0      0.0      0.0      10.0     0.0      1.0      0.0     
1.0      9.0      0.0      141.0    3.0      25.0     0.0      0.0      0.0      1.0      1.0      78.0     6.0      0.0      8.0      107.0    60.0     18.0     43.0     18.0     5.0      2.0      2.0      0.0      327.0    166.0    163.0    1.0      179.0    59.0     0.0      1.0      3.0      40.0     11.0     17.0     137.0    1783.0   6.0      0.0      52.0     0.0      15.0     40.0     1.0      1.0      1.0      4.0      80.0     60.0     13.0     18.0     13.0     8.0      7.0      99.0     90.0     4.0      31.0     23.0     32.0     1.0      0.0      0.0      0.0      4.0      42.0     8.0      95.0     0.0      0.0      2.0      564.0    807.0    0.0      0.0      0.0      0.0      0.0      0.0      1.0      1.0      0.0      0.0      0.0      0.0      0.0      0.0      2.0      9.0      9.0      0.0      0.0      0.0      0.0      0.0      0.0      0.0      1.0      0.0      0.0      51.0     1.0      2.0      41.0     0.0      0.0      0.0      1.0      0.0      0.0      2.0      1.0      1.0      1.0      0.0      0.0      0.0      0.0      0.0      1.0      0.0      0.0      0.0      0.0      0.0      0.0      10.0     0.0      1.0      0.0      21.0     0.0      0.0      0.0      0.0      0.0      6.0      0.0      0.0      0.0      78.0     4.0      0.0      1.0      0.0      15.0     1.0      2.0      0.0     
1.0      0.0      0.0      0.0      1.0      73.0     1.0      1.0      0.0      0.0      0.0      4.0      216.0    214.0    42.0     166.0    8.0      9.0      1.0      0.0      0.0      5.0      0.0      1.0      0.0      0.0      2.0      0.0      0.0      1.0      0.0      0.0      0.0      1.0      8.0      0.0      2.0      6.0      394.0    22.0     0.0      0.0      3.0      15.0     0.0      0.0      0.0      59.0     13.0     54.0     0.0      2.0      9.0      62.0     0.0      0.0      0.0      0.0      1.0      0.0      0.0      1.0      38.0     0.0      0.0      1.0      1.0      0.0      0.0      0.0      0.0      0.0      2.0      4.0      0.0      0.0      0.0      0.0      0.0      2.0      7.0      0.0      0.0      0.0      0.0      0.0      0.0      2.0      18.0     66.0     47.0     0.0      0.0      0.0      0.0      0.0      0.0      0.0      4.0      0.0      0.0      0.0      0.0      0.0      0.0      0.0      0.0      0.0      0.0      0.0      0.0      0.0      0.0      1.0      3.0      0.0      0.0      0.0      0.0      0.0      0.0      0.0      0.0      0.0      0.0      0.0      0.0      35.0     25.0     0.0      0.0      0.0      0.0      0.0      0.0      0.0      0.0      29.0     0.0      0.0      0.0      6.0      0.0      0.0      0.0      0.0      0.0      0.0      0.0      0.0     
0.0      2.0      0.0      0.0      1.0      14.0     2.0      2.0      0.0      0.0      0.0      122.0    1.0      146.0    19.0     160.0    2.0      1.0      0.0      1.0      1.0      1.0      0.0      0.0      0.0      0.0      0.0      0.0      0.0      2.0      0.0      0.0      0.0      1.0      1.0      0.0      0.0      0.0      22.0     277.0    0.0      0.0      1.0      0.0      0.0      0.0      0.0      0.0      6.0      129.0    0.0      1.0      10.0     12.0     25.0     0.0      1.0      0.0      1.0      0.0      0.0      0.0      2.0      0.0      0.0      0.0      2.0      0.0      0.0      0.0      0.0      0.0      0.0      0.0      0.0      0.0      0.0      0.0      0.0      0.0      1.0      0.0      0.0      0.0      0.0      0.0      1.0      0.0      6.0      22.0     25.0     0.0      0.0      0.0      0.0      0.0      0.0      0.0      0.0      0.0      0.0      0.0      0.0      0.0      0.0      0.0      0.0      0.0      0.0      0.0      0.0      0.0      0.0      0.0      0.0      0.0      0.0      0.0      0.0      0.0      0.0      0.0      0.0      0.0      1.0      0.0      0.0      32.0     4.0      7.0      0.0      0.0      0.0      0.0      0.0      0.0      0.0      0.0      0.0      0.0      0.0      9.0      0.0      0.0      0.0      0.0      0.0      0.0      0.0      0.0     
0.0      1.0      0.0      98.0     0.0      0.0      0.0      0.0      0.0      0.0      0.0      18.0     0.0      0.0      0.0      9.0      38.0     9.0      0.0      0.0      0.0      0.0      0.0      0.0      2.0      94.0     10.0     0.0      43.0     0.0      0.0      0.0      10.0     72.0     2.0      72.0     10.0     52.0     0.0      0.0      232.0    0.0      0.0      0.0      0.0      0.0      0.0      0.0      38.0     31.0     0.0      0.0      0.0      0.0      2.0      1.0      5.0      0.0      0.0      0.0      0.0      0.0      0.0      0.0      0.0      0.0      1.0      3.0      21.0     0.0      0.0      0.0      17.0     67.0     22.0     0.0      0.0      0.0      1.0      0.0      0.0      0.0      0.0      0.0      0.0      0.0      2.0      0.0      0.0      0.0      0.0      0.0      0.0      0.0      0.0      0.0      0.0      0.0      0.0      0.0      0.0      2.0      0.0      0.0      0.0      0.0      0.0      0.0      0.0      0.0      0.0      0.0      0.0      0.0      0.0      2.0      0.0      0.0      0.0      0.0      0.0      0.0      0.0      0.0      2.0      0.0      0.0      0.0      0.0      0.0      0.0      0.0      0.0      0.0      0.0      0.0      0.0      0.0      0.0      0.0      0.0      4.0      1.0      0.0      0.0      0.0      0.0      0.0      0.0      0.0     
0.0      0.0      0.0      0.0      0.0      0.0      0.0      0.0      0.0      0.0      0.0      0.0      0.0      0.0      0.0      0.0      0.0      0.0      0.0      0.0      0.0      0.0      0.0      0.0      0.0      0.0      0.0      0.0      0.0      0.0      0.0      0.0      0.0      0.0      0.0      0.0      0.0      0.0      0.0      0.0      0.0      0.0      0.0      0.0      0.0      0.0      0.0      0.0      0.0      0.0      0.0      0.0      0.0      0.0      0.0      0.0      0.0      0.0      0.0      0.0      0.0      0.0      0.0      0.0      0.0      0.0      0.0      0.0      0.0      0.0      0.0      0.0      0.0      0.0      0.0      0.0      0.0      0.0      0.0      0.0      0.0      0.0      0.0      0.0      0.0      0.0      0.0      0.0      0.0      0.0      0.0      0.0      0.0      0.0      0.0      0.0      0.0      0.0      0.0      0.0      0.0      0.0      0.0      0.0      0.0      0.0      0.0      0.0      0.0      0.0      0.0      0.0      0.0      0.0      0.0      0.0      0.0      0.0      0.0      0.0      0.0      0.0      0.0      0.0      0.0      0.0      0.0      0.0      0.0      0.0      0.0      0.0      0.0      0.0      0.0      0.0      0.0      0.0      0.0      0.0      0.0      0.0      0.0      0.0      0.0      0.0      0.0      0.0      0.0      0.0     
36.0     113.0    0.0      9.0      23.0     9.0      4.0      0.0      0.0      2.0      45.0     18.0     4.0      1.0      19.0     254.0    18.0     6.0      28.0     34.0     8.0      175.0    3.0      3.0      2.0      2.0      4.0      5.0      16.0     0.0      31.0     24.0     0.0      57.0     70.0     0.0      44.0     15.0     3.0      1.0      0.0      0.0      1207.0   29.0     298.0    1.0      0.0      2.0      254.0    31.0     3.0      435.0    4.0      6.0      23.0     3.0      3.0      21.0     1.0      1.0      3.0      9.0      0.0      5.0      3.0      1.0      5.0      10.0     4.0      12.0     0.0      0.0      11.0     15.0     0.0      0.0      7.0      0.0      0.0      0.0      0.0      0.0      0.0      0.0      0.0      50.0     0.0      0.0      0.0      0.0      0.0      0.0      0.0      3.0      64.0     1.0      7.0      0.0      1.0      1.0      0.0      2.0      2.0      5.0      9.0      0.0      2.0      0.0      8.0      0.0      0.0      7.0      3.0      0.0      0.0      0.0      0.0      251.0    0.0      226.0    3.0      0.0      0.0      3.0      0.0      0.0      3.0      0.0      0.0      0.0      0.0      0.0      1.0      0.0      0.0      1.0      1.0      0.0      1.0      0.0      29.0     3.0      1.0      2.0      0.0      0.0      0.0      3.0      13.0     0.0     
130.0    58.0     0.0      2.0      50.0     37.0     4.0      1.0      8.0      60.0     6.0      2.0      60.0     6.0      26.0     101.0    79.0     42.0     94.0     59.0     35.0     24.0     337.0    76.0     43.0     0.0      34.0     3.0      2.0      48.0     102.0    160.0    0.0      83.0     548.0    0.0      220.0    40.0     15.0     0.0      0.0      0.0      29.0     1460.0   37.0     2.0      0.0      51.0     57.0     9.0      325.0    39.0     0.0      8.0      0.0      0.0      12.0     14.0     91.0     18.0     163.0    132.0    24.0     43.0     18.0     32.0     15.0     3.0      1.0      0.0      5.0      5.0      56.0     43.0     0.0      10.0     0.0      0.0      0.0      4.0      4.0      2.0      3.0      0.0      1.0      0.0      3.0      0.0      2.0      5.0      22.0     0.0      0.0      0.0      0.0      0.0      0.0      6.0      34.0     3.0      2.0      15.0     5.0      4.0      11.0     0.0      52.0     0.0      2.0      11.0     0.0      4.0      0.0      0.0      0.0      0.0      0.0      2.0      13.0     2.0      0.0      2.0      0.0      0.0      0.0      0.0      0.0      4.0      1.0      1.0      1.0      6.0      0.0      0.0      0.0      0.0      1.0      8.0      16.0     0.0      1.0      10.0     8.0      0.0      4.0      0.0      1.0      0.0      1.0      0.0     
83.0     5.0      0.0      0.0      45.0     8.0      0.0      0.0      22.0     145.0    451.0    0.0      0.0      0.0      3.0      40.0     0.0      0.0      6.0      76.0     0.0      230.0    88.0     0.0      0.0      0.0      25.0     0.0      4.0      89.0     50.0     51.0     0.0      2.0      5.0      0.0      0.0      1.0      0.0      0.0      0.0      0.0      298.0    37.0     1242.0   0.0      0.0      0.0      23.0     0.0      21.0     6.0      0.0      0.0      5.0      0.0      0.0      6.0      3.0      0.0      0.0      151.0    0.0      3.0      1.0      166.0    218.0    1.0      0.0      3.0      1.0      6.0      0.0      0.0      0.0      1.0      2.0      0.0      0.0      0.0      0.0      0.0      0.0      1.0      0.0      85.0     0.0      0.0      0.0      0.0      0.0      0.0      0.0      5.0      49.0     1.0      113.0    6.0      1.0      1.0      0.0      2.0      0.0      0.0      2.0      0.0      5.0      0.0      2.0      0.0      0.0      1.0      0.0      0.0      0.0      0.0      0.0      344.0    10.0     462.0    0.0      0.0      0.0      0.0      0.0      0.0      2.0      0.0      0.0      0.0      0.0      0.0      1.0      1.0      0.0      0.0      99.0     0.0      3.0      0.0      53.0     173.0    0.0      0.0      0.0      0.0      1.0      3.0      6.0      0.0     
1.0      0.0      38.0     16.0     1.0      2.0      0.0      0.0      0.0      0.0      0.0      9.0      0.0      0.0      11.0     11.0     1.0      0.0      0.0      0.0      0.0      3.0      1.0      0.0      41.0     43.0     121.0    581.0    465.0    0.0      0.0      0.0      0.0      0.0      1.0      0.0      1.0      1.0      0.0      0.0      0.0      0.0      1.0      2.0      0.0      805.0    4.0      0.0      3.0      1.0      0.0      1.0      11.0     0.0      3.0      46.0     75.0     0.0      0.0      0.0      0.0      0.0      0.0      0.0      0.0      0.0      2.0      372.0    76.0     36.0     0.0      0.0      1.0      0.0      0.0      0.0      0.0      4.0      0.0      0.0      0.0      0.0      0.0      0.0      0.0      0.0      0.0      0.0      0.0      0.0      1.0      0.0      0.0      0.0      0.0      0.0      0.0      0.0      0.0      0.0      0.0      0.0      0.0      2.0      2.0      0.0      0.0      0.0      0.0      0.0      0.0      0.0      0.0      0.0      0.0      0.0      0.0      0.0      1.0      0.0      0.0      3.0      0.0      0.0      0.0      0.0      0.0      0.0      0.0      0.0      0.0      0.0      0.0      0.0      0.0      0.0      0.0      0.0      0.0      0.0      0.0      4.0      0.0      0.0      0.0      0.0      0.0      0.0      0.0      0.0     
0.0      0.0      122.0    0.0      0.0      3.0      31.0     61.0     11.0     0.0      0.0      0.0      0.0      0.0      0.0      107.0    0.0      0.0      0.0      0.0      0.0      0.0      0.0      0.0      0.0      0.0      66.0     3.0      0.0      214.0    1.0      0.0      0.0      0.0      0.0      0.0      2.0      1.0      0.0      0.0      0.0      0.0      0.0      0.0      0.0      4.0      344.0    0.0      0.0      0.0      0.0      0.0      0.0      0.0      0.0      0.0      0.0      0.0      0.0      0.0      0.0      0.0      0.0      0.0      0.0      0.0      94.0     6.0      0.0      0.0      1.0      54.0     1.0      0.0      0.0      0.0      0.0      64.0     0.0      0.0      0.0      0.0      0.0      0.0      0.0      0.0      0.0      0.0      0.0      2.0      42.0     0.0      0.0      0.0      0.0      0.0      0.0      0.0      0.0      0.0      0.0      8.0      1.0      14.0     7.0      0.0      0.0      0.0      0.0      0.0      0.0      0.0      0.0      0.0      0.0      0.0      0.0      0.0      0.0      0.0      3.0      11.0     0.0      0.0      0.0      0.0      0.0      2.0      1.0      0.0      0.0      1.0      0.0      0.0      0.0      0.0      0.0      0.0      0.0      0.0      0.0      80.0     4.0      0.0      0.0      0.0      1.0      0.0      0.0      0.0     
77.0     0.0      0.0      0.0      8.0      19.0     1.0      1.0      0.0      0.0      0.0      0.0      129.0    0.0      5.0      31.0     31.0     50.0     3.0      1.0      0.0      4.0      2.0      100.0    0.0      0.0      0.0      0.0      0.0      0.0      38.0     5.0      0.0      9.0      42.0     0.0      2.0      4.0      59.0     0.0      0.0      0.0      2.0      51.0     0.0      0.0      0.0      256.0    19.0     12.0     0.0      2.0      0.0      3.0      0.0      0.0      0.0      0.0      4.0      0.0      0.0      2.0      14.0     14.0     44.0     0.0      1.0      0.0      0.0      0.0      0.0      0.0      1.0      2.0      0.0      0.0      0.0      0.0      0.0      1.0      2.0      0.0      0.0      0.0      0.0      0.0      0.0      1.0      2.0      10.0     4.0      0.0      0.0      0.0      0.0      0.0      0.0      0.0      5.0      0.0      0.0      0.0      0.0      0.0      0.0      0.0      0.0      0.0      0.0      0.0      0.0      0.0      0.0      0.0      0.0      0.0      0.0      0.0      0.0      0.0      0.0      0.0      0.0      0.0      0.0      0.0      0.0      11.0     2.0      0.0      0.0      0.0      0.0      0.0      0.0      0.0      0.0      11.0     0.0      0.0      0.0      2.0      0.0      0.0      0.0      0.0      0.0      0.0      0.0      0.0     
25.0     89.0     0.0      22.0     25.0     31.0     2.0      1.0      0.0      1.0      10.0     37.0     22.0     11.0     29.0     447.0    246.0    108.0    120.0    73.0     16.0     286.0    2.0      18.0     64.0     11.0     69.0     10.0     32.0     14.0     11.0     6.0      93.0     291.0    265.0    7.0      24.0     80.0     13.0     6.0      38.0     0.0      254.0    57.0     23.0     3.0      0.0      19.0     1141.0   111.0    1.0      193.0    9.0      17.0     51.0     8.0      24.0     1.0      138.0    3.0      0.0      16.0     15.0     3.0      3.0      7.0      3.0      22.0     7.0      19.0     0.0      1.0      34.0     124.0    10.0     0.0      0.0      0.0      1.0      0.0      1.0      2.0      1.0      0.0      0.0      0.0      1.0      0.0      1.0      4.0      7.0      0.0      0.0      0.0      0.0      0.0      0.0      0.0      6.0      0.0      0.0      4.0      1.0      0.0      3.0      0.0      0.0      0.0      1.0      0.0      0.0      0.0      0.0      1.0      1.0      1.0      0.0      0.0      0.0      0.0      1.0      0.0      0.0      0.0      1.0      0.0      0.0      3.0      0.0      1.0      0.0      2.0      0.0      0.0      0.0      0.0      0.0      9.0      0.0      0.0      0.0      6.0      2.0      0.0      0.0      0.0      2.0      0.0      1.0      0.0     
1.0      10.0     0.0      107.0    3.0      29.0     5.0      2.0      0.0      0.0      0.0      377.0    28.0     132.0    33.0     311.0    94.0     80.0     8.0      4.0      5.0      29.0     1.0      1.0      9.0      10.0     19.0     3.0      20.0     4.0      0.0      0.0      0.0      21.0     13.0     4.0      20.0     60.0     54.0     129.0    31.0     0.0      31.0     9.0      0.0      1.0      0.0      12.0     111.0    728.0    1.0      21.0     12.0     22.0     46.0     4.0      10.0     0.0      8.0      0.0      0.0      0.0      2.0      0.0      0.0      1.0      18.0     9.0      22.0     8.0      0.0      0.0      25.0     38.0     5.0      0.0      0.0      0.0      0.0      0.0      2.0      15.0     5.0      0.0      0.0      0.0      4.0      0.0      8.0      31.0     47.0     0.0      0.0      0.0      0.0      0.0      0.0      0.0      0.0      0.0      1.0      3.0      0.0      0.0      0.0      0.0      0.0      0.0      1.0      0.0      0.0      0.0      0.0      1.0      2.0      0.0      0.0      0.0      0.0      0.0      0.0      0.0      0.0      0.0      0.0      0.0      0.0      34.0     5.0      11.0     0.0      0.0      0.0      0.0      0.0      0.0      0.0      4.0      0.0      0.0      0.0      7.0      3.0      2.0      0.0      0.0      0.0      0.0      0.0      0.0     
2.0      49.0     0.0      0.0      0.0      0.0      2.0      0.0      2.0      20.0     0.0      0.0      0.0      0.0      0.0      1.0      1.0      0.0      86.0     43.0     47.0     4.0      138.0    0.0      31.0     0.0      15.0     0.0      0.0      21.0     1.0      4.0      0.0      0.0      2.0      0.0      193.0    13.0     0.0      0.0      0.0      0.0      3.0      325.0    21.0     0.0      0.0      0.0      1.0      1.0      489.0    8.0      0.0      0.0      0.0      0.0      7.0      12.0     60.0     19.0     223.0    112.0    0.0      0.0      0.0      20.0     1.0      0.0      0.0      0.0      0.0      0.0      42.0     25.0     0.0      1.0      0.0      0.0      0.0      0.0      0.0      0.0      0.0      0.0      0.0      0.0      1.0      0.0      0.0      0.0      1.0      0.0      0.0      0.0      0.0      0.0      0.0      0.0      0.0      0.0      0.0      0.0      0.0      0.0      0.0      0.0      1.0      0.0      0.0      0.0      0.0      0.0      0.0      0.0      0.0      0.0      0.0      0.0      0.0      0.0      0.0      0.0      0.0      0.0      0.0      0.0      0.0      0.0      0.0      0.0      0.0      0.0      0.0      0.0      0.0      0.0      0.0      0.0      0.0      0.0      0.0      1.0      0.0      0.0      0.0      0.0      0.0      0.0      0.0      0.0     
26.0     168.0    0.0      7.0      25.0     13.0     4.0      0.0      0.0      0.0      5.0      11.0     3.0      0.0      17.0     185.0    12.0     6.0      9.0      13.0     34.0     78.0     5.0      3.0      0.0      0.0      6.0      4.0      8.0      0.0      18.0     11.0     0.0      74.0     86.0     0.0      51.0     18.0     2.0      1.0      0.0      0.0      435.0    39.0     6.0      1.0      0.0      2.0      193.0    21.0     8.0      611.0    1.0      6.0      16.0     0.0      3.0      5.0      8.0      2.0      9.0      51.0     0.0      3.0      1.0      3.0      0.0      7.0      2.0      7.0      0.0      0.0      15.0     23.0     0.0      0.0      0.0      0.0      0.0      0.0      0.0      0.0      0.0      0.0      0.0      0.0      0.0      0.0      0.0      0.0      0.0      0.0      0.0      0.0      1.0      0.0      0.0      0.0      0.0      0.0      0.0      0.0      0.0      0.0      0.0      0.0      2.0      0.0      0.0      0.0      0.0      1.0      0.0      0.0      0.0      0.0      0.0      3.0      0.0      2.0      0.0      0.0      0.0      0.0      0.0      0.0      0.0      0.0      0.0      0.0      0.0      0.0      0.0      0.0      0.0      0.0      0.0      0.0      0.0      0.0      0.0      0.0      0.0      0.0      0.0      0.0      0.0      0.0      0.0      0.0     
0.0      0.0      0.0      0.0      0.0      4.0      0.0      0.0      0.0      0.0      0.0      271.0    10.0     97.0     481.0    301.0    9.0      1.0      0.0      1.0      0.0      3.0      0.0      0.0      3.0      10.0     3.0      12.0     69.0     0.0      0.0      0.0      0.0      0.0      0.0      3.0      3.0      13.0     9.0      10.0     0.0      0.0      4.0      0.0      0.0      11.0     0.0      0.0      9.0      12.0     0.0      1.0      802.0    43.0     123.0    7.0      1.0      0.0      2.0      0.0      0.0      0.0      29.0     0.0      0.0      0.0      4.0      13.0     57.0     23.0     0.0      0.0      4.0      1.0      0.0      0.0      0.0      0.0      0.0      0.0      3.0      2.0      0.0      0.0      0.0      0.0      0.0      1.0      0.0      21.0     19.0     0.0      0.0      0.0      0.0      0.0      0.0      0.0      0.0      0.0      0.0      0.0      0.0      0.0      0.0      0.0      0.0      0.0      0.0      0.0      0.0      0.0      0.0      0.0      0.0      0.0      0.0      0.0      0.0      0.0      0.0      0.0      0.0      0.0      0.0      0.0      0.0      13.0     11.0     0.0      0.0      0.0      0.0      0.0      0.0      0.0      0.0      2.0      0.0      0.0      0.0      11.0     0.0      0.0      0.0      0.0      0.0      0.0      0.0      0.0     
7.0      0.0      0.0      0.0      19.0     19.0     0.0      0.0      0.0      0.0      0.0      22.0     27.0     110.0    364.0    215.0    9.0      18.0     0.0      0.0      0.0      1.0      0.0      1.0      0.0      0.0      2.0      0.0      0.0      1.0      0.0      0.0      0.0      3.0      9.0      0.0      1.0      8.0      62.0     12.0     0.0      0.0      6.0      8.0      0.0      0.0      0.0      3.0      17.0     22.0     0.0      6.0      43.0     500.0    83.0     0.0      1.0      0.0      0.0      0.0      0.0      0.0      51.0     0.0      0.0      0.0      0.0      0.0      0.0      0.0      0.0      0.0      1.0      4.0      0.0      1.0      0.0      0.0      0.0      1.0      10.0     0.0      0.0      0.0      0.0      0.0      0.0      1.0      5.0      13.0     47.0     0.0      0.0      0.0      0.0      0.0      0.0      0.0      1.0      0.0      0.0      0.0      0.0      0.0      0.0      0.0      0.0      0.0      0.0      0.0      0.0      0.0      0.0      0.0      0.0      0.0      0.0      0.0      0.0      0.0      0.0      0.0      0.0      0.0      0.0      0.0      0.0      4.0      5.0      0.0      0.0      0.0      0.0      0.0      0.0      0.0      0.0      8.0      0.0      0.0      0.0      14.0     0.0      0.0      0.0      0.0      0.0      0.0      0.0      0.0     
0.0      9.0      0.0      7.0      1.0      0.0      0.0      0.0      0.0      0.0      2.0      237.0    0.0      41.0     412.0    484.0    10.0     8.0      6.0      5.0      2.0      34.0     0.0      0.0      3.0      0.0      3.0      2.0      70.0     1.0      0.0      0.0      0.0      3.0      0.0      1.0      1.0      7.0      0.0      25.0     2.0      0.0      23.0     0.0      5.0      3.0      0.0      0.0      51.0     46.0     0.0      16.0     123.0    83.0     817.0    1.0      0.0      0.0      9.0      0.0      0.0      3.0      1.0      0.0      0.0      0.0      10.0     1.0      75.0     45.0     0.0      1.0      1.0      2.0      1.0      0.0      0.0      0.0      0.0      0.0      1.0      1.0      0.0      0.0      0.0      0.0      1.0      0.0      4.0      5.0      20.0     0.0      0.0      0.0      0.0      0.0      0.0      0.0      0.0      0.0      0.0      0.0      0.0      0.0      0.0      0.0      0.0      0.0      0.0      0.0      0.0      0.0      0.0      0.0      0.0      0.0      0.0      0.0      0.0      0.0      0.0      0.0      0.0      0.0      0.0      0.0      0.0      5.0      1.0      1.0      0.0      0.0      0.0      0.0      0.0      0.0      0.0      0.0      0.0      0.0      0.0      18.0     0.0      0.0      0.0      0.0      0.0      0.0      0.0      0.0     
0.0      0.0      0.0      87.0     0.0      5.0      0.0      0.0      0.0      0.0      0.0      23.0     0.0      0.0      1.0      28.0     0.0      0.0      0.0      0.0      0.0      8.0      0.0      0.0      274.0    309.0    17.0     44.0     90.0     2.0      0.0      0.0      2.0      15.0     1.0      15.0     1.0      99.0     0.0      0.0      1.0      0.0      3.0      0.0      0.0      46.0     0.0      0.0      8.0      4.0      0.0      0.0      7.0      0.0      1.0      500.0    76.0     0.0      0.0      0.0      0.0      0.0      0.0      0.0      0.0      0.0      2.0      28.0     38.0     0.0      0.0      0.0      30.0     104.0    1.0      0.0      0.0      0.0      0.0      0.0      0.0      0.0      0.0      0.0      0.0      0.0      0.0      0.0      0.0      0.0      0.0      0.0      0.0      0.0      0.0      0.0      0.0      0.0      0.0      0.0      0.0      0.0      0.0      0.0      2.0      0.0      0.0      0.0      0.0      0.0      0.0      0.0      0.0      0.0      0.0      0.0      0.0      0.0      0.0      0.0      0.0      0.0      0.0      0.0      0.0      0.0      0.0      0.0      0.0      0.0      0.0      0.0      0.0      0.0      0.0      0.0      0.0      0.0      0.0      0.0      0.0      3.0      0.0      0.0      0.0      0.0      1.0      0.0      0.0      0.0     
0.0      2.0      0.0      67.0     1.0      7.0      0.0      0.0      0.0      2.0      0.0      16.0     0.0      1.0      1.0      39.0     12.0     8.0      7.0      6.0      0.0      6.0      2.0      0.0      356.0    119.0    754.0    61.0     70.0     21.0     0.0      1.0      14.0     59.0     5.0      5.0      48.0     90.0     0.0      1.0      5.0      0.0      3.0      12.0     0.0      75.0     0.0      0.0      24.0     10.0     7.0      3.0      1.0      1.0      0.0      76.0     1051.0   0.0      24.0     0.0      8.0      1.0      0.0      0.0      0.0      44.0     52.0     100.0    17.0     0.0      0.0      2.0      28.0     118.0    10.0     0.0      0.0      0.0      0.0      0.0      0.0      0.0      0.0      0.0      2.0      3.0      0.0      0.0      0.0      0.0      0.0      0.0      0.0      0.0      1.0      0.0      0.0      4.0      1.0      0.0      1.0      21.0     2.0      0.0      40.0     0.0      0.0      0.0      0.0      0.0      0.0      6.0      3.0      0.0      0.0      0.0      0.0      0.0      0.0      0.0      0.0      0.0      0.0      0.0      0.0      0.0      0.0      0.0      0.0      0.0      0.0      6.0      0.0      0.0      0.0      0.0      0.0      0.0      1.0      0.0      5.0      59.0     5.0      0.0      0.0      0.0      3.0      5.0      0.0      0.0     
5.0      38.0     0.0      0.0      1.0      0.0      0.0      0.0      0.0      0.0      2.0      0.0      1.0      0.0      0.0      2.0      0.0      0.0      135.0    7.0      21.0     2.0      2.0      1.0      0.0      0.0      1.0      0.0      0.0      2.0      3.0      2.0      0.0      2.0      2.0      0.0      10.0     4.0      0.0      0.0      0.0      0.0      21.0     14.0     6.0      0.0      0.0      0.0      1.0      0.0      12.0     5.0      0.0      0.0      0.0      0.0      0.0      153.0    12.0     14.0     16.0     10.0     0.0      0.0      0.0      2.0      0.0      0.0      0.0      0.0      0.0      0.0      3.0      14.0     0.0      0.0      1.0      0.0      0.0      0.0      0.0      0.0      0.0      0.0      0.0      1.0      0.0      0.0      0.0      0.0      0.0      0.0      0.0      0.0      5.0      0.0      0.0      0.0      0.0      0.0      0.0      0.0      1.0      0.0      0.0      0.0      0.0      0.0      0.0      0.0      0.0      0.0      0.0      0.0      0.0      0.0      0.0      4.0      0.0      1.0      1.0      0.0      0.0      0.0      0.0      0.0      0.0      0.0      0.0      0.0      0.0      0.0      0.0      0.0      0.0      0.0      0.0      0.0      0.0      0.0      0.0      0.0      0.0      0.0      0.0      0.0      0.0      0.0      0.0      0.0     
18.0     53.0     0.0      1.0      19.0     10.0     0.0      0.0      0.0      4.0      6.0      4.0      5.0      0.0      2.0      106.0    23.0     9.0      450.0    380.0    70.0     8.0      28.0     6.0      49.0     0.0      12.0     0.0      1.0      7.0      10.0     10.0     19.0     99.0     84.0     0.0      126.0    31.0     1.0      1.0      0.0      0.0      1.0      91.0     3.0      0.0      0.0      4.0      138.0    8.0      60.0     8.0      2.0      0.0      9.0      0.0      24.0     12.0     1025.0   21.0     53.0     64.0     1.0      0.0      4.0      20.0     60.0     0.0      0.0      0.0      0.0      0.0      53.0     53.0     2.0      0.0      0.0      0.0      0.0      0.0      0.0      0.0      0.0      0.0      0.0      21.0     0.0      0.0      0.0      0.0      0.0      0.0      0.0      1.0      20.0     0.0      1.0      2.0      0.0      0.0      1.0      10.0     3.0      0.0      25.0     0.0      1.0      0.0      1.0      2.0      0.0      11.0     7.0      0.0      0.0      0.0      0.0      5.0      2.0      5.0      2.0      0.0      0.0      1.0      0.0      0.0      1.0      0.0      0.0      0.0      0.0      5.0      0.0      0.0      0.0      0.0      3.0      0.0      0.0      0.0      25.0     55.0     1.0      0.0      0.0      0.0      0.0      13.0     9.0      0.0     
0.0      55.0     0.0      0.0      0.0      0.0      0.0      0.0      0.0      0.0      1.0      0.0      0.0      0.0      0.0      2.0      0.0      0.0      112.0    6.0      23.0     0.0      0.0      0.0      4.0      0.0      0.0      0.0      0.0      0.0      0.0      0.0      0.0      3.0      2.0      0.0      23.0     23.0     0.0      0.0      0.0      0.0      1.0      18.0     0.0      0.0      0.0      0.0      3.0      0.0      19.0     2.0      0.0      0.0      0.0      0.0      0.0      14.0     21.0     141.0    38.0     8.0      0.0      0.0      0.0      0.0      0.0      0.0      0.0      0.0      0.0      0.0      27.0     9.0      0.0      0.0      0.0      0.0      0.0      0.0      0.0      0.0      0.0      0.0      0.0      0.0      0.0      0.0      0.0      0.0      0.0      0.0      0.0      0.0      0.0      0.0      0.0      0.0      0.0      0.0      0.0      0.0      0.0      0.0      0.0      0.0      0.0      0.0      0.0      0.0      0.0      0.0      0.0      0.0      0.0      0.0      0.0      0.0      0.0      0.0      0.0      0.0      0.0      0.0      0.0      0.0      0.0      0.0      0.0      0.0      0.0      0.0      0.0      0.0      0.0      0.0      0.0      0.0      0.0      0.0      0.0      0.0      0.0      0.0      0.0      0.0      0.0      0.0      0.0      0.0     
0.0      47.0     0.0      0.0      1.0      0.0      0.0      0.0      0.0      0.0      0.0      0.0      0.0      0.0      0.0      2.0      0.0      0.0      119.0    22.0     62.0     2.0      25.0     0.0      59.0     0.0      8.0      0.0      0.0      5.0      0.0      0.0      1.0      2.0      1.0      0.0      248.0    32.0     0.0      0.0      0.0      0.0      3.0      163.0    0.0      0.0      0.0      0.0      0.0      0.0      223.0    9.0      0.0      0.0      0.0      0.0      8.0      16.0     53.0     38.0     421.0    37.0     0.0      0.0      0.0      0.0      0.0      0.0      0.0      0.0      0.0      0.0      70.0     37.0     0.0      0.0      0.0      0.0      0.0      0.0      0.0      0.0      0.0      0.0      0.0      0.0      0.0      0.0      0.0      0.0      0.0      0.0      0.0      0.0      0.0      0.0      0.0      0.0      0.0      0.0      0.0      0.0      0.0      0.0      0.0      0.0      0.0      0.0      0.0      0.0      0.0      0.0      0.0      0.0      0.0      0.0      0.0      0.0      0.0      0.0      0.0      0.0      0.0      0.0      0.0      0.0      0.0      0.0      0.0      0.0      0.0      0.0      0.0      0.0      0.0      0.0      0.0      0.0      0.0      0.0      0.0      0.0      0.0      0.0      0.0      0.0      0.0      0.0      0.0      0.0     
90.0     51.0     0.0      0.0      56.0     19.0     0.0      0.0      12.0     66.0     26.0     0.0      4.0      0.0      4.0      101.0    1.0      1.0      49.0     62.0     130.0    270.0    109.0    3.0      3.0      0.0      11.0     0.0      4.0      42.0     44.0     29.0     0.0      9.0      10.0     0.0      12.0     1.0      1.0      0.0      0.0      0.0      9.0      132.0    151.0    0.0      0.0      2.0      16.0     0.0      112.0    51.0     0.0      0.0      3.0      0.0      1.0      10.0     64.0     8.0      37.0     642.0    0.0      1.0      1.0      26.0     47.0     1.0      0.0      1.0      0.0      2.0      3.0      2.0      0.0      1.0      0.0      0.0      0.0      0.0      0.0      0.0      0.0      0.0      0.0      3.0      1.0      0.0      0.0      0.0      0.0      0.0      0.0      0.0      1.0      0.0      25.0     2.0      2.0      0.0      0.0      1.0      0.0      0.0      0.0      0.0      4.0      0.0      1.0      0.0      0.0      2.0      2.0      0.0      0.0      0.0      0.0      8.0      8.0      32.0     0.0      0.0      0.0      2.0      0.0      0.0      0.0      0.0      0.0      0.0      0.0      0.0      0.0      0.0      0.0      0.0      20.0     1.0      3.0      0.0      3.0      34.0     0.0      1.0      0.0      0.0      0.0      3.0      5.0      0.0     
23.0     0.0      0.0      0.0      53.0     52.0     0.0      0.0      0.0      0.0      0.0      1.0      200.0    109.0    115.0    158.0    17.0     16.0     1.0      0.0      0.0      0.0      2.0      175.0    0.0      0.0      0.0      0.0      0.0      0.0      0.0      1.0      0.0      9.0      21.0     0.0      1.0      0.0      38.0     2.0      0.0      0.0      0.0      24.0     0.0      0.0      0.0      14.0     15.0     2.0      0.0      0.0      29.0     51.0     1.0      0.0      0.0      0.0      1.0      0.0      0.0      0.0      505.0    0.0      10.0     0.0      0.0      0.0      0.0      0.0      1.0      0.0      1.0      0.0      0.0      15.0     0.0      0.0      0.0      16.0     17.0     0.0      0.0      0.0      0.0      0.0      0.0      1.0      0.0      73.0     29.0     0.0      0.0      0.0      0.0      0.0      0.0      0.0      74.0     0.0      0.0      0.0      0.0      0.0      0.0      0.0      0.0      0.0      0.0      0.0      0.0      0.0      0.0      0.0      0.0      0.0      0.0      0.0      0.0      0.0      0.0      0.0      0.0      0.0      0.0      0.0      0.0      5.0      28.0     0.0      0.0      0.0      0.0      0.0      0.0      0.0      0.0      58.0     0.0      0.0      0.0      2.0      0.0      0.0      0.0      0.0      0.0      0.0      0.0      0.0     
6.0      1.0      0.0      0.0      6.0      132.0    7.0      3.0      2.0      0.0      0.0      0.0      0.0      0.0      0.0      5.0      40.0     34.0     0.0      1.0      0.0      4.0      25.0     162.0    1.0      0.0      1.0      0.0      0.0      2.0      208.0    121.0    0.0      1.0      42.0     0.0      4.0      0.0      0.0      0.0      0.0      0.0      5.0      43.0     3.0      0.0      0.0      14.0     3.0      0.0      0.0      3.0      0.0      0.0      0.0      0.0      0.0      0.0      0.0      0.0      0.0      1.0      0.0      365.0    23.0     1.0      74.0     0.0      0.0      0.0      57.0     3.0      0.0      0.0      0.0      10.0     0.0      0.0      0.0      6.0      25.0     3.0      1.0      0.0      0.0      0.0      0.0      0.0      0.0      0.0      6.0      2.0      1.0      0.0      1.0      0.0      0.0      3.0      53.0     0.0      0.0      0.0      0.0      0.0      0.0      27.0     10.0     0.0      0.0      13.0     0.0      0.0      0.0      0.0      0.0      0.0      0.0      0.0      10.0     0.0      0.0      1.0      0.0      3.0      0.0      1.0      0.0      1.0      0.0      0.0      0.0      0.0      0.0      0.0      0.0      0.0      1.0      0.0      61.0     11.0     1.0      45.0     0.0      0.0      0.0      15.0     0.0      0.0      0.0      0.0     
107.0    1.0      0.0      0.0      19.0     10.0     0.0      0.0      0.0      0.0      0.0      0.0      4.0      0.0      0.0      4.0      9.0      10.0     2.0      0.0      0.0      2.0      2.0      228.0    0.0      0.0      0.0      0.0      0.0      0.0      52.0     5.0      0.0      2.0      18.0     0.0      1.0      0.0      0.0      0.0      0.0      0.0      3.0      18.0     1.0      0.0      0.0      44.0     3.0      0.0      0.0      1.0      0.0      0.0      0.0      0.0      0.0      0.0      4.0      0.0      0.0      1.0      10.0     23.0     245.0    0.0      9.0      0.0      0.0      0.0      7.0      0.0      0.0      0.0      0.0      3.0      0.0      0.0      0.0      3.0      5.0      0.0      0.0      0.0      0.0      0.0      0.0      0.0      0.0      0.0      0.0      0.0      0.0      0.0      0.0      0.0      0.0      0.0      3.0      0.0      0.0      0.0      0.0      0.0      0.0      2.0      1.0      0.0      0.0      0.0      0.0      0.0      0.0      0.0      0.0      0.0      0.0      0.0      0.0      0.0      0.0      0.0      0.0      0.0      0.0      0.0      0.0      0.0      3.0      0.0      0.0      0.0      0.0      0.0      0.0      0.0      0.0      0.0      4.0      0.0      0.0      5.0      0.0      0.0      0.0      1.0      0.0      0.0      0.0      0.0     
3.0      12.0     0.0      0.0      3.0      0.0      0.0      0.0      3.0      137.0    195.0    0.0      1.0      0.0      0.0      5.0      4.0      4.0      15.0     127.0    0.0      2.0      65.0     0.0      0.0      0.0      232.0    0.0      0.0      175.0    2.0      5.0      3.0      11.0     4.0      0.0      12.0     4.0      1.0      0.0      0.0      0.0      1.0      32.0     166.0    0.0      0.0      0.0      7.0      1.0      20.0     3.0      0.0      0.0      0.0      0.0      44.0     2.0      20.0     0.0      0.0      26.0     0.0      1.0      0.0      664.0    177.0    0.0      0.0      0.0      0.0      2.0      7.0      11.0     1.0      0.0      0.0      0.0      0.0      0.0      0.0      0.0      0.0      2.0      2.0      94.0     0.0      0.0      0.0      0.0      1.0      0.0      0.0      8.0      59.0     0.0      14.0     1.0      0.0      0.0      0.0      17.0     3.0      1.0      17.0     0.0      0.0      0.0      6.0      0.0      0.0      12.0     6.0      0.0      0.0      0.0      0.0      22.0     6.0      52.0     0.0      0.0      0.0      4.0      0.0      0.0      1.0      0.0      0.0      0.0      0.0      7.0      0.0      1.0      0.0      0.0      18.0     0.0      0.0      0.0      84.0     158.0    2.0      1.0      0.0      0.0      2.0      12.0     10.0     0.0     
15.0     0.0      84.0     7.0      88.0     220.0    243.0    204.0    128.0    219.0    233.0    33.0     2.0      2.0      4.0      484.0    17.0     6.0      46.0     69.0     0.0      53.0     12.0     38.0     16.0     4.0      221.0    5.0      50.0     385.0    52.0     55.0     1.0      2.0      11.0     0.0      18.0     42.0     1.0      2.0      1.0      0.0      5.0      15.0     218.0    2.0      94.0     1.0      3.0      18.0     1.0      0.0      4.0      0.0      10.0     2.0      52.0     0.0      60.0     0.0      0.0      47.0     0.0      74.0     9.0      177.0    2131.0   12.0     16.0     3.0      69.0     142.0    11.0     10.0     0.0      6.0      0.0      120.0    3.0      10.0     33.0     15.0     22.0     6.0      13.0     158.0    11.0     0.0      1.0      19.0     594.0    4.0      3.0      10.0     88.0     0.0      115.0    20.0     45.0     0.0      1.0      301.0    6.0      40.0     228.0    7.0      12.0     0.0      1.0      18.0     0.0      5.0      7.0      0.0      0.0      3.0      0.0      60.0     36.0     211.0    8.0      83.0     0.0      8.0      2.0      2.0      2.0      2.0      4.0      75.0     1.0      72.0     0.0      6.0      0.0      0.0      117.0    1.0      45.0     4.0      155.0    1477.0   60.0     8.0      12.0     13.0     50.0     10.0     8.0      0.0     
2.0      0.0      37.0     53.0     7.0      14.0     0.0      0.0      0.0      0.0      0.0      30.0     0.0      0.0      4.0      33.0     1.0      1.0      0.0      0.0      0.0      11.0     6.0      0.0      32.0     131.0    567.0    569.0    450.0    3.0      1.0      1.0      1.0      6.0      4.0      1.0      3.0      8.0      0.0      0.0      3.0      0.0      10.0     3.0      1.0      372.0    6.0      0.0      22.0     9.0      0.0      7.0      13.0     0.0      1.0      28.0     100.0    0.0      0.0      0.0      0.0      1.0      0.0      0.0      0.0      0.0      12.0     1358.0   98.0     34.0     0.0      0.0      3.0      7.0      1.0      0.0      0.0      7.0      0.0      0.0      0.0      0.0      0.0      0.0      0.0      0.0      0.0      0.0      0.0      0.0      0.0      0.0      0.0      0.0      0.0      0.0      0.0      1.0      0.0      0.0      0.0      1.0      0.0      0.0      8.0      0.0      0.0      0.0      0.0      0.0      0.0      0.0      0.0      0.0      0.0      0.0      0.0      0.0      1.0      0.0      0.0      7.0      0.0      0.0      0.0      0.0      0.0      0.0      0.0      0.0      0.0      0.0      0.0      0.0      0.0      0.0      0.0      0.0      0.0      0.0      0.0      12.0     0.0      0.0      0.0      0.0      0.0      0.0      0.0      0.0     
1.0      1.0      0.0      73.0     1.0      0.0      0.0      1.0      0.0      0.0      0.0      221.0    0.0      0.0      91.0     289.0    0.0      1.0      0.0      0.0      0.0      4.0      0.0      0.0      30.0     72.0     38.0     116.0    654.0    1.0      0.0      0.0      1.0      14.0     0.0      27.0     12.0     95.0     0.0      0.0      21.0     0.0      4.0      1.0      0.0      76.0     0.0      0.0      7.0      22.0     0.0      2.0      57.0     0.0      75.0     38.0     17.0     0.0      0.0      0.0      0.0      0.0      0.0      0.0      0.0      0.0      16.0     98.0     943.0    44.0     0.0      0.0      36.0     45.0     2.0      0.0      0.0      0.0      0.0      0.0      0.0      1.0      10.0     0.0      0.0      0.0      0.0      0.0      0.0      4.0      34.0     0.0      0.0      0.0      0.0      0.0      0.0      0.0      0.0      0.0      0.0      0.0      0.0      3.0      0.0      0.0      0.0      0.0      0.0      0.0      0.0      0.0      0.0      0.0      0.0      0.0      0.0      0.0      0.0      0.0      0.0      0.0      0.0      0.0      0.0      0.0      0.0      0.0      0.0      5.0      0.0      0.0      0.0      0.0      0.0      0.0      0.0      0.0      0.0      0.0      0.0      13.0     0.0      0.0      0.0      0.0      0.0      0.0      0.0      0.0     
1.0      1.0      2.0      11.0     4.0      0.0      1.0      1.0      0.0      0.0      2.0      31.0     0.0      0.0      160.0    138.0    0.0      0.0      0.0      0.0      0.0      13.0     0.0      0.0      0.0      0.0      8.0      40.0     409.0    0.0      1.0      0.0      0.0      0.0      0.0      0.0      0.0      0.0      0.0      0.0      0.0      0.0      12.0     0.0      3.0      36.0     0.0      0.0      19.0     8.0      0.0      7.0      23.0     0.0      45.0     0.0      0.0      0.0      0.0      0.0      0.0      1.0      0.0      0.0      0.0      0.0      3.0      34.0     44.0     547.0    0.0      0.0      0.0      0.0      0.0      1.0      0.0      0.0      0.0      0.0      0.0      0.0      0.0      0.0      0.0      0.0      0.0      0.0      0.0      0.0      2.0      0.0      0.0      0.0      0.0      0.0      0.0      0.0      0.0      0.0      0.0      0.0      0.0      1.0      0.0      0.0      0.0      0.0      0.0      0.0      0.0      0.0      0.0      0.0      0.0      0.0      0.0      0.0      0.0      0.0      0.0      0.0      0.0      0.0      0.0      0.0      0.0      0.0      0.0      0.0      0.0      0.0      0.0      0.0      0.0      0.0      0.0      0.0      0.0      0.0      0.0      3.0      0.0      0.0      0.0      0.0      0.0      0.0      0.0      0.0     
26.0     0.0      0.0      0.0      178.0    310.0    94.0     83.0     38.0     6.0      1.0      0.0      0.0      0.0      0.0      99.0     4.0      3.0      1.0      0.0      0.0      1.0      3.0      41.0     0.0      0.0      0.0      0.0      0.0      62.0     89.0     63.0     0.0      0.0      5.0      0.0      0.0      0.0      0.0      0.0      0.0      0.0      0.0      5.0      1.0      0.0      1.0      0.0      0.0      0.0      0.0      0.0      0.0      0.0      0.0      0.0      0.0      0.0      0.0      0.0      0.0      0.0      1.0      57.0     7.0      0.0      69.0     0.0      0.0      0.0      401.0    28.0     0.0      0.0      0.0      68.0     0.0      0.0      0.0      72.0     64.0     1.0      1.0      0.0      0.0      0.0      0.0      0.0      0.0      1.0      16.0     0.0      0.0      0.0      0.0      0.0      0.0      0.0      31.0     0.0      0.0      0.0      0.0      0.0      0.0      26.0     3.0      0.0      0.0      2.0      0.0      0.0      0.0      0.0      0.0      0.0      0.0      0.0      2.0      0.0      0.0      0.0      0.0      1.0      0.0      0.0      0.0      0.0      1.0      0.0      0.0      0.0      0.0      0.0      0.0      0.0      0.0      0.0      33.0     3.0      0.0      15.0     0.0      0.0      0.0      1.0      0.0      0.0      0.0      0.0     
6.0      0.0      2.0      0.0      27.0     59.0     159.0    184.0    115.0    22.0     0.0      0.0      0.0      0.0      0.0      142.0    1.0      1.0      0.0      0.0      0.0      0.0      5.0      3.0      10.0     0.0      40.0     0.0      0.0      460.0    15.0     5.0      0.0      0.0      0.0      0.0      3.0      2.0      0.0      0.0      0.0      0.0      0.0      5.0      6.0      0.0      54.0     0.0      1.0      0.0      0.0      0.0      0.0      0.0      1.0      0.0      2.0      0.0      0.0      0.0      0.0      2.0      0.0      3.0      0.0      2.0      142.0    0.0      0.0      0.0      28.0     494.0    1.0      1.0      0.0      0.0      0.0      8.0      1.0      0.0      0.0      0.0      0.0      0.0      1.0      0.0      1.0      0.0      0.0      1.0      9.0      0.0      0.0      0.0      0.0      0.0      1.0      1.0      0.0      0.0      1.0      78.0     0.0      2.0      24.0     0.0      0.0      0.0      3.0      0.0      0.0      0.0      1.0      0.0      0.0      1.0      0.0      0.0      0.0      1.0      0.0      10.0     0.0      0.0      0.0      0.0      0.0      1.0      0.0      0.0      1.0      11.0     0.0      0.0      0.0      0.0      0.0      0.0      0.0      0.0      0.0      104.0    22.0     0.0      0.0      0.0      4.0      0.0      1.0      1.0     
1.0      8.0      0.0      58.0     2.0      10.0     0.0      0.0      0.0      0.0      3.0      30.0     2.0      2.0      3.0      43.0     30.0     10.0     47.0     30.0     5.0      1.0      0.0      0.0      104.0    45.0     50.0     0.0      67.0     11.0     0.0      1.0      0.0      21.0     11.0     4.0      315.0    564.0    2.0      0.0      17.0     0.0      11.0     56.0     0.0      1.0      1.0      1.0      34.0     25.0     42.0     15.0     4.0      1.0      1.0      30.0     28.0     3.0      53.0     27.0     70.0     3.0      1.0      0.0      0.0      7.0      11.0     3.0      36.0     0.0      0.0      1.0      838.0    220.0    0.0      0.0      0.0      0.0      0.0      0.0      0.0      0.0      0.0      0.0      0.0      0.0      0.0      0.0      2.0      1.0      2.0      0.0      0.0      0.0      0.0      0.0      0.0      0.0      1.0      0.0      0.0      13.0     0.0      1.0      11.0     0.0      1.0      0.0      0.0      0.0      0.0      0.0      0.0      2.0      1.0      0.0      0.0      1.0      0.0      0.0      0.0      0.0      0.0      0.0      0.0      0.0      0.0      4.0      0.0      0.0      0.0      5.0      0.0      0.0      0.0      0.0      0.0      1.0      0.0      0.0      1.0      19.0     1.0      0.0      0.0      0.0      2.0      0.0      0.0      0.0     
2.0      18.0     0.0      128.0    2.0      7.0      0.0      0.0      0.0      0.0      2.0      30.0     4.0      0.0      4.0      34.0     34.0     11.0     118.0    36.0     10.0     2.0      1.0      0.0      433.0    182.0    207.0    1.0      122.0    101.0    1.0      1.0      22.0     355.0    68.0     44.0     52.0     807.0    4.0      0.0      67.0     0.0      15.0     43.0     0.0      0.0      0.0      2.0      124.0    38.0     25.0     23.0     1.0      4.0      2.0      104.0    118.0    14.0     53.0     9.0      37.0     2.0      0.0      0.0      0.0      11.0     10.0     7.0      45.0     0.0      0.0      1.0      220.0    1512.0   21.0     0.0      0.0      0.0      0.0      0.0      1.0      0.0      0.0      0.0      0.0      0.0      0.0      0.0      2.0      2.0      8.0      0.0      0.0      0.0      0.0      0.0      0.0      0.0      0.0      0.0      1.0      19.0     1.0      1.0      15.0     0.0      0.0      0.0      3.0      0.0      0.0      2.0      2.0      2.0      1.0      0.0      0.0      0.0      0.0      0.0      1.0      0.0      0.0      0.0      0.0      0.0      0.0      4.0      0.0      1.0      0.0      5.0      0.0      0.0      0.0      0.0      0.0      1.0      0.0      0.0      0.0      29.0     3.0      0.0      0.0      0.0      8.0      2.0      2.0      0.0     
0.0      0.0      0.0      12.0     0.0      0.0      0.0      0.0      0.0      0.0      0.0      6.0      0.0      0.0      0.0      2.0      0.0      0.0      18.0     0.0      0.0      0.0      0.0      0.0      10.0     3.0      23.0     0.0      3.0      1.0      0.0      0.0      23.0     67.0     2.0      15.0     2.0      0.0      0.0      0.0      22.0     0.0      0.0      0.0      0.0      0.0      0.0      0.0      10.0     5.0      0.0      0.0      0.0      0.0      1.0      1.0      10.0     0.0      2.0      0.0      0.0      0.0      0.0      0.0      0.0      1.0      0.0      1.0      2.0      0.0      0.0      0.0      0.0      21.0     74.0     0.0      0.0      0.0      0.0      0.0      0.0      0.0      0.0      0.0      0.0      0.0      0.0      0.0      0.0      0.0      0.0      0.0      0.0      0.0      0.0      0.0      0.0      0.0      0.0      0.0      0.0      0.0      0.0      0.0      0.0      0.0      0.0      0.0      0.0      0.0      0.0      0.0      0.0      0.0      0.0      0.0      0.0      0.0      0.0      0.0      0.0      0.0      0.0      0.0      0.0      0.0      0.0      0.0      0.0      0.0      0.0      0.0      0.0      0.0      0.0      0.0      0.0      0.0      0.0      0.0      0.0      2.0      0.0      0.0      0.0      0.0      0.0      0.0      0.0      0.0     
119.0    0.0      0.0      0.0      163.0    138.0    1.0      1.0      0.0      0.0      0.0      0.0      0.0      0.0      4.0      79.0     2.0      0.0      0.0      0.0      0.0      1.0      1.0      39.0     0.0      0.0      1.0      0.0      1.0      0.0      48.0     18.0     0.0      0.0      5.0      0.0      2.0      0.0      0.0      0.0      0.0      0.0      0.0      10.0     1.0      0.0      0.0      0.0      0.0      0.0      1.0      0.0      0.0      1.0      0.0      0.0      0.0      0.0      0.0      0.0      0.0      1.0      15.0     10.0     3.0      0.0      6.0      0.0      0.0      1.0      68.0     0.0      0.0      0.0      0.0      1037.0   3.0      0.0      0.0      172.0    58.0     6.0      5.0      3.0      0.0      1.0      0.0      2.0      0.0      53.0     20.0     4.0      0.0      1.0      10.0     0.0      0.0      7.0      400.0    0.0      0.0      2.0      0.0      1.0      8.0      42.0     26.0     0.0      2.0      100.0    0.0      2.0      4.0      0.0      0.0      0.0      0.0      40.0     99.0     7.0      0.0      3.0      10.0     31.0     0.0      0.0      2.0      0.0      30.0     1.0      0.0      1.0      0.0      0.0      0.0      0.0      0.0      36.0     26.0     70.0     4.0      9.0      0.0      0.0      0.0      28.0     1.0      1.0      1.0      0.0     
0.0      2.0      0.0      0.0      0.0      0.0      0.0      0.0      0.0      0.0      1.0      0.0      0.0      0.0      0.0      0.0      0.0      0.0      2.0      0.0      0.0      0.0      0.0      0.0      0.0      0.0      0.0      0.0      0.0      0.0      0.0      0.0      0.0      0.0      0.0      0.0      0.0      0.0      0.0      0.0      0.0      0.0      7.0      0.0      2.0      0.0      0.0      0.0      0.0      0.0      0.0      0.0      0.0      0.0      0.0      0.0      0.0      1.0      0.0      0.0      0.0      0.0      0.0      0.0      0.0      0.0      0.0      0.0      0.0      0.0      0.0      0.0      0.0      0.0      0.0      3.0      534.0    0.0      0.0      0.0      0.0      0.0      0.0      0.0      0.0      15.0     6.0      7.0      11.0     8.0      11.0     4.0      2.0      85.0     87.0     137.0    1.0      1.0      32.0     0.0      0.0      0.0      1.0      1.0      0.0      0.0      0.0      0.0      0.0      1.0      0.0      104.0    12.0     5.0      1.0      0.0      0.0      81.0     50.0     7.0      1.0      0.0      3.0      27.0     8.0      68.0     71.0     11.0     3.0      1.0      0.0      0.0      31.0     25.0     38.0     76.0     93.0     23.0     0.0      0.0      1.0      0.0      0.0      0.0      1.0      0.0      0.0      16.0     15.0     0.0     
1.0      0.0      38.0     2.0      1.0      0.0      0.0      2.0      1.0      2.0      0.0      0.0      0.0      0.0      0.0      12.0     0.0      0.0      0.0      0.0      0.0      0.0      1.0      0.0      0.0      0.0      26.0     5.0      4.0      59.0     0.0      1.0      0.0      0.0      0.0      0.0      0.0      0.0      0.0      0.0      0.0      0.0      0.0      0.0      0.0      4.0      64.0     0.0      0.0      0.0      0.0      0.0      0.0      0.0      0.0      0.0      0.0      0.0      0.0      0.0      0.0      0.0      0.0      0.0      0.0      0.0      120.0    7.0      0.0      0.0      0.0      8.0      0.0      0.0      0.0      0.0      0.0      669.0    0.0      0.0      0.0      0.0      11.0     0.0      0.0      0.0      4.0      0.0      0.0      3.0      47.0     0.0      0.0      0.0      0.0      0.0      0.0      0.0      0.0      0.0      4.0      41.0     55.0     42.0     22.0     0.0      2.0      0.0      3.0      0.0      1.0      0.0      0.0      0.0      0.0      0.0      0.0      0.0      0.0      0.0      101.0    124.0    0.0      0.0      0.0      0.0      0.0      2.0      0.0      0.0      4.0      1.0      0.0      0.0      0.0      0.0      0.0      0.0      0.0      0.0      0.0      102.0    72.0     4.0      1.0      0.0      0.0      0.0      0.0      0.0     
0.0      0.0      0.0      0.0      0.0      0.0      0.0      0.0      0.0      0.0      0.0      0.0      0.0      0.0      0.0      0.0      1.0      0.0      0.0      1.0      0.0      0.0      0.0      0.0      0.0      0.0      0.0      0.0      0.0      1.0      0.0      0.0      0.0      0.0      0.0      0.0      0.0      0.0      0.0      0.0      1.0      0.0      0.0      0.0      0.0      0.0      0.0      0.0      1.0      0.0      0.0      0.0      0.0      0.0      0.0      0.0      0.0      0.0      0.0      0.0      0.0      0.0      0.0      0.0      0.0      0.0      3.0      0.0      0.0      0.0      0.0      1.0      0.0      0.0      0.0      0.0      0.0      0.0      565.0    0.0      0.0      0.0      0.0      0.0      0.0      0.0      210.0    1.0      5.0      0.0      0.0      6.0      6.0      1.0      0.0      1.0      0.0      0.0      2.0      121.0    205.0    14.0     18.0     68.0     0.0      0.0      0.0      0.0      92.0     3.0      32.0     8.0      153.0    0.0      0.0      93.0     0.0      2.0      2.0      0.0      40.0     0.0      1.0      8.0      29.0     0.0      1.0      2.0      0.0      0.0      39.0     16.0     0.0      0.0      1.0      0.0      0.0      3.0      0.0      0.0      0.0      3.0      12.0     21.0     0.0      0.0      0.0      53.0     152.0    0.0     
86.0     0.0      0.0      0.0      250.0    272.0    5.0      5.0      5.0      0.0      0.0      0.0      11.0     1.0      20.0     120.0    2.0      0.0      0.0      0.0      0.0      0.0      2.0      23.0     0.0      0.0      0.0      0.0      0.0      1.0      43.0     2.0      0.0      0.0      4.0      0.0      0.0      0.0      2.0      0.0      0.0      0.0      0.0      4.0      0.0      0.0      0.0      1.0      0.0      0.0      0.0      0.0      0.0      1.0      0.0      0.0      0.0      0.0      0.0      0.0      0.0      0.0      16.0     6.0      3.0      0.0      10.0     0.0      0.0      0.0      72.0     0.0      0.0      0.0      0.0      172.0    0.0      0.0      0.0      851.0    328.0    77.0     66.0     39.0     3.0      0.0      0.0      10.0     5.0      61.0     221.0    0.0      0.0      0.0      2.0      0.0      0.0      0.0      63.0     0.0      0.0      0.0      0.0      0.0      35.0     24.0     1.0      0.0      0.0      3.0      0.0      0.0      0.0      0.0      0.0      0.0      0.0      2.0      6.0      1.0      0.0      37.0     0.0      0.0      0.0      0.0      0.0      0.0      150.0    0.0      0.0      0.0      0.0      0.0      0.0      0.0      0.0      37.0     8.0      0.0      3.0      102.0    0.0      0.0      0.0      54.0     11.0     0.0      0.0      0.0     
31.0     0.0      0.0      0.0      196.0    320.0    7.0      8.0      8.0      0.0      0.0      3.0      18.0     7.0      40.0     144.0    5.0      2.0      0.0      0.0      0.0      1.0      4.0      28.0     0.0      0.0      1.0      0.0      0.0      3.0      109.0    11.0     0.0      0.0      5.0      0.0      0.0      1.0      7.0      1.0      0.0      0.0      0.0      4.0      0.0      0.0      0.0      2.0      1.0      2.0      0.0      0.0      3.0      10.0     1.0      0.0      0.0      0.0      0.0      0.0      0.0      0.0      17.0     25.0     5.0      0.0      33.0     0.0      0.0      0.0      64.0     0.0      0.0      1.0      0.0      58.0     0.0      0.0      0.0      328.0    899.0    194.0    132.0    77.0     5.0      0.0      8.0      6.0      11.0     61.0     380.0    10.0     10.0     0.0      1.0      0.0      0.0      4.0      88.0     0.0      0.0      1.0      0.0      0.0      64.0     95.0     41.0     0.0      0.0      9.0      0.0      0.0      0.0      0.0      2.0      0.0      0.0      3.0      6.0      0.0      0.0      53.0     1.0      2.0      1.0      0.0      0.0      17.0     75.0     0.0      0.0      0.0      0.0      0.0      0.0      0.0      0.0      25.0     125.0    0.0      11.0     286.0    0.0      0.0      0.0      73.0     34.0     0.0      0.0      0.0     
0.0      0.0      0.0      0.0      1.0      4.0      2.0      1.0      1.0      0.0      0.0      22.0     0.0      0.0      2.0      9.0      3.0      3.0      0.0      0.0      0.0      0.0      1.0      1.0      0.0      0.0      0.0      0.0      0.0      1.0      3.0      1.0      0.0      1.0      2.0      0.0      0.0      1.0      0.0      0.0      0.0      0.0      0.0      2.0      0.0      0.0      0.0      0.0      2.0      15.0     0.0      0.0      2.0      0.0      1.0      0.0      0.0      0.0      0.0      0.0      0.0      0.0      0.0      3.0      0.0      0.0      15.0     0.0      1.0      0.0      1.0      0.0      0.0      0.0      0.0      6.0      0.0      0.0      0.0      77.0     194.0    455.0    222.0    85.0     6.0      0.0      14.0     3.0      2.0      17.0     275.0    1.0      1.0      0.0      0.0      0.0      0.0      0.0      20.0     0.0      0.0      2.0      0.0      0.0      102.0    22.0     5.0      0.0      0.0      0.0      0.0      0.0      0.0      0.0      3.0      0.0      0.0      1.0      1.0      0.0      0.0      89.0     0.0      0.0      3.0      0.0      0.0      6.0      4.0      0.0      0.0      2.0      0.0      0.0      0.0      0.0      0.0      11.0     28.0     0.0      9.0      157.0    0.0      0.0      0.0      7.0      45.0     0.0      0.0      0.0     
0.0      0.0      1.0      2.0      1.0      3.0      1.0      3.0      1.0      0.0      0.0      7.0      0.0      0.0      0.0      11.0     1.0      1.0      0.0      0.0      0.0      0.0      2.0      1.0      0.0      0.0      0.0      0.0      16.0     2.0      2.0      0.0      0.0      1.0      1.0      0.0      1.0      0.0      0.0      0.0      0.0      0.0      0.0      3.0      0.0      0.0      0.0      0.0      1.0      5.0      0.0      0.0      0.0      0.0      0.0      0.0      0.0      0.0      0.0      0.0      0.0      0.0      0.0      1.0      0.0      0.0      22.0     0.0      10.0     0.0      1.0      0.0      0.0      0.0      0.0      5.0      0.0      11.0     0.0      66.0     132.0    222.0    563.0    115.0    4.0      0.0      3.0      0.0      1.0      16.0     321.0    0.0      0.0      0.0      0.0      0.0      0.0      1.0      4.0      0.0      0.0      0.0      0.0      12.0     169.0    17.0     2.0      0.0      0.0      0.0      0.0      0.0      0.0      0.0      1.0      0.0      0.0      0.0      0.0      1.0      0.0      155.0    0.0      0.0      0.0      0.0      0.0      5.0      3.0      1.0      0.0      0.0      0.0      0.0      0.0      0.0      1.0      5.0      19.0     1.0      10.0     174.0    0.0      8.0      5.0      6.0      91.0     0.0      0.0      0.0     
0.0      0.0      1.0      0.0      0.0      1.0      1.0      0.0      0.0      2.0      1.0      0.0      0.0      0.0      0.0      1.0      0.0      0.0      0.0      0.0      0.0      0.0      1.0      0.0      0.0      0.0      1.0      0.0      0.0      1.0      0.0      2.0      0.0      0.0      0.0      0.0      0.0      0.0      0.0      0.0      0.0      0.0      0.0      0.0      1.0      0.0      0.0      0.0      0.0      0.0      0.0      0.0      0.0      0.0      0.0      0.0      0.0      0.0      0.0      0.0      0.0      0.0      0.0      0.0      0.0      2.0      6.0      0.0      0.0      0.0      0.0      0.0      0.0      0.0      0.0      3.0      0.0      0.0      0.0      39.0     77.0     85.0     115.0    281.0    45.0     0.0      2.0      0.0      0.0      14.0     113.0    0.0      0.0      0.0      0.0      0.0      3.0      11.0     0.0      0.0      0.0      0.0      0.0      0.0      92.0     11.0     2.0      0.0      0.0      0.0      0.0      0.0      0.0      0.0      1.0      0.0      0.0      0.0      2.0      8.0      0.0      55.0     0.0      0.0      0.0      1.0      0.0      1.0      2.0      0.0      0.0      1.0      0.0      0.0      0.0      0.0      6.0      0.0      11.0     0.0      6.0      193.0    0.0      0.0      0.0      5.0      67.0     0.0      0.0      0.0     
0.0      0.0      2.0      0.0      0.0      0.0      0.0      0.0      0.0      2.0      0.0      0.0      0.0      0.0      0.0      4.0      0.0      0.0      0.0      0.0      0.0      0.0      0.0      0.0      0.0      0.0      4.0      0.0      1.0      5.0      0.0      2.0      0.0      0.0      1.0      0.0      0.0      0.0      0.0      0.0      0.0      0.0      0.0      1.0      0.0      0.0      0.0      0.0      0.0      0.0      0.0      0.0      0.0      0.0      0.0      0.0      2.0      0.0      0.0      0.0      0.0      0.0      0.0      0.0      0.0      2.0      13.0     0.0      0.0      0.0      0.0      1.0      0.0      0.0      0.0      0.0      0.0      0.0      0.0      3.0      5.0      6.0      4.0      45.0     284.0    4.0      2.0      0.0      0.0      4.0      60.0     0.0      0.0      2.0      2.0      0.0      25.0     126.0    3.0      0.0      0.0      7.0      0.0      0.0      133.0    1.0      2.0      0.0      0.0      0.0      0.0      0.0      0.0      0.0      0.0      0.0      0.0      0.0      9.0      67.0     0.0      4.0      0.0      0.0      0.0      3.0      0.0      0.0      0.0      0.0      0.0      6.0      0.0      1.0      0.0      0.0      61.0     1.0      1.0      0.0      51.0     139.0    1.0      0.0      0.0      1.0      27.0     1.0      0.0      0.0     
0.0      2.0      0.0      0.0      0.0      0.0      0.0      0.0      0.0      39.0     154.0    0.0      0.0      0.0      0.0      0.0      0.0      0.0      19.0     48.0     0.0      8.0      0.0      0.0      0.0      0.0      5.0      0.0      0.0      4.0      0.0      0.0      0.0      0.0      0.0      0.0      0.0      0.0      0.0      0.0      0.0      0.0      50.0     0.0      85.0     0.0      0.0      0.0      0.0      0.0      0.0      0.0      0.0      0.0      0.0      0.0      3.0      1.0      21.0     0.0      0.0      3.0      0.0      0.0      0.0      94.0     158.0    0.0      0.0      0.0      0.0      0.0      0.0      0.0      0.0      1.0      15.0     0.0      0.0      0.0      0.0      0.0      0.0      0.0      4.0      646.0    0.0      3.0      1.0      3.0      0.0      0.0      0.0      4.0      171.0    5.0      62.0     14.0     17.0     0.0      0.0      1.0      0.0      0.0      4.0      0.0      0.0      0.0      1.0      3.0      0.0      13.0     2.0      0.0      0.0      0.0      0.0      71.0     13.0     371.0    0.0      0.0      0.0      2.0      0.0      4.0      3.0      5.0      0.0      0.0      0.0      1.0      0.0      0.0      0.0      4.0      26.0     26.0     1.0      0.0      155.0    145.0    1.0      0.0      0.0      0.0      0.0      3.0      1.0      0.0     
0.0      0.0      0.0      0.0      0.0      0.0      11.0     3.0      0.0      0.0      0.0      11.0     0.0      0.0      0.0      28.0     2.0      2.0      0.0      0.0      0.0      0.0      1.0      0.0      0.0      0.0      1.0      0.0      0.0      3.0      1.0      0.0      0.0      0.0      1.0      0.0      0.0      0.0      0.0      1.0      2.0      0.0      0.0      3.0      0.0      0.0      0.0      0.0      1.0      4.0      1.0      0.0      0.0      0.0      1.0      0.0      0.0      0.0      0.0      0.0      0.0      1.0      0.0      0.0      0.0      0.0      11.0     0.0      0.0      0.0      0.0      1.0      0.0      0.0      0.0      0.0      6.0      4.0      210.0    0.0      8.0      14.0     3.0      2.0      2.0      0.0      1768.0   1.0      67.0     138.0    631.0    11.0     6.0      11.0     3.0      3.0      14.0     7.0      2.0      58.0     131.0    16.0     44.0     125.0    7.0      0.0      0.0      2.0      104.0    5.0      44.0     31.0     155.0    8.0      66.0     84.0     0.0      27.0     4.0      4.0      32.0     1.0      1.0      23.0     331.0    0.0      2.0      117.0    6.0      283.0    44.0     6.0      0.0      4.0      0.0      0.0      6.0      2.0      0.0      0.0      2.0      13.0     36.0     317.0    97.0     0.0      1.0      86.0     109.0    5.0     
0.0      0.0      0.0      0.0      0.0      0.0      0.0      0.0      0.0      0.0      0.0      0.0      1.0      4.0      1.0      4.0      0.0      0.0      0.0      0.0      0.0      0.0      0.0      0.0      0.0      0.0      0.0      0.0      0.0      0.0      0.0      0.0      0.0      0.0      0.0      0.0      0.0      0.0      2.0      0.0      0.0      0.0      0.0      0.0      0.0      0.0      0.0      1.0      0.0      0.0      0.0      0.0      1.0      1.0      0.0      0.0      0.0      0.0      0.0      0.0      0.0      0.0      1.0      0.0      0.0      0.0      0.0      0.0      0.0      0.0      0.0      0.0      0.0      0.0      0.0      2.0      7.0      0.0      1.0      10.0     6.0      3.0      0.0      0.0      0.0      3.0      1.0      294.0    26.0     23.0     18.0     32.0     22.0     16.0     30.0     1.0      10.0     0.0      133.0    0.0      0.0      14.0     0.0      0.0      25.0     1.0      0.0      0.0      2.0      7.0      2.0      4.0      10.0     73.0     0.0      1.0      0.0      89.0     8.0      1.0      0.0      0.0      59.0     103.0    6.0      0.0      22.0     54.0     6.0      0.0      0.0      1.0      0.0      13.0     0.0      0.0      0.0      128.0    0.0      3.0      11.0     3.0      0.0      0.0      0.0      0.0      0.0      7.0      11.0     0.0     
0.0      0.0      0.0      0.0      0.0      2.0      4.0      0.0      0.0      0.0      0.0      3.0      9.0      16.0     4.0      20.0     2.0      0.0      0.0      0.0      0.0      0.0      2.0      0.0      0.0      0.0      1.0      0.0      0.0      0.0      0.0      4.0      0.0      0.0      2.0      0.0      0.0      2.0      18.0     6.0      0.0      0.0      0.0      2.0      0.0      0.0      0.0      2.0      1.0      8.0      0.0      0.0      0.0      5.0      4.0      0.0      0.0      0.0      0.0      0.0      0.0      0.0      0.0      0.0      0.0      0.0      1.0      0.0      0.0      0.0      0.0      0.0      2.0      2.0      0.0      0.0      11.0     0.0      5.0      5.0      11.0     2.0      1.0      0.0      0.0      1.0      67.0     26.0     784.0    53.0     190.0    23.0     24.0     48.0     42.0     3.0      25.0     0.0      0.0      0.0      9.0      12.0     1.0      5.0      32.0     0.0      0.0      0.0      20.0     1.0      5.0      1.0      30.0     84.0     37.0     22.0     0.0      71.0     0.0      1.0      2.0      3.0      6.0      115.0    163.0    0.0      8.0      312.0    33.0     46.0     4.0      2.0      2.0      23.0     0.0      0.0      10.0     148.0    0.0      0.0      10.0     13.0     1.0      5.0      0.0      0.0      2.0      15.0     19.0     1.0     
7.0      0.0      0.0      2.0      15.0     48.0     25.0     5.0      0.0      0.0      0.0      22.0     62.0     89.0     45.0     140.0    2.0      10.0     0.0      0.0      0.0      0.0      2.0      37.0     0.0      0.0      1.0      0.0      1.0      2.0      0.0      2.0      0.0      2.0      4.0      0.0      1.0      9.0      66.0     22.0     0.0      0.0      0.0      5.0      0.0      0.0      2.0      10.0     4.0      31.0     0.0      0.0      21.0     13.0     5.0      0.0      0.0      0.0      0.0      0.0      0.0      0.0      73.0     0.0      0.0      0.0      19.0     0.0      4.0      0.0      1.0      1.0      1.0      2.0      0.0      53.0     8.0      3.0      0.0      61.0     61.0     17.0     16.0     14.0     4.0      3.0      138.0    23.0     53.0     2177.0   585.0    7.0      2.0      9.0      22.0     0.0      23.0     2.0      131.0    0.0      0.0      17.0     40.0     167.0    30.0     0.0      1.0      0.0      1.0      4.0      0.0      5.0      6.0      0.0      3.0      0.0      0.0      54.0     5.0      13.0     30.0     12.0     0.0      12.0     23.0     0.0      5.0      639.0    530.0    320.0    0.0      5.0      0.0      4.0      0.0      0.0      6.0      413.0    0.0      0.0      14.0     90.0     18.0     85.0     118.0    0.0      5.0      4.0      3.0      0.0     
36.0     0.0      41.0     7.0      105.0    141.0    102.0    62.0     16.0     25.0     0.0      102.0    36.0     55.0     56.0     618.0    5.0      7.0      0.0      0.0      0.0      1.0      15.0     12.0     0.0      0.0      11.0     1.0      81.0     43.0     36.0     1.0      0.0      2.0      10.0     0.0      2.0      9.0      47.0     25.0     0.0      0.0      0.0      22.0     0.0      1.0      42.0     4.0      7.0      47.0     1.0      0.0      19.0     47.0     20.0     0.0      0.0      0.0      0.0      0.0      0.0      0.0      29.0     6.0      0.0      1.0      594.0    0.0      34.0     2.0      16.0     9.0      2.0      8.0      0.0      20.0     11.0     47.0     0.0      221.0    380.0    275.0    321.0    113.0    60.0     0.0      631.0    18.0     190.0    585.0    5583.0   19.0     8.0      20.0     10.0     0.0      26.0     14.0     59.0     0.0      0.0      24.0     1.0      101.0    167.0    13.0     3.0      0.0      2.0      9.0      0.0      2.0      0.0      0.0      41.0     0.0      0.0      57.0     12.0     3.0      4.0      85.0     0.0      38.0     97.0     0.0      5.0      415.0    210.0    696.0    0.0      5.0      0.0      7.0      0.0      0.0      12.0     141.0    9.0      0.0      14.0     987.0    0.0      141.0    147.0    41.0     87.0     1.0      4.0      0.0     
0.0      0.0      0.0      0.0      0.0      1.0      0.0      0.0      0.0      0.0      0.0      0.0      0.0      0.0      0.0      0.0      0.0      0.0      0.0      0.0      0.0      0.0      0.0      2.0      0.0      0.0      0.0      0.0      0.0      0.0      0.0      0.0      0.0      0.0      0.0      0.0      0.0      0.0      0.0      0.0      0.0      0.0      0.0      0.0      0.0      0.0      0.0      0.0      0.0      0.0      0.0      0.0      0.0      0.0      0.0      0.0      0.0      0.0      0.0      0.0      0.0      0.0      0.0      2.0      0.0      0.0      4.0      0.0      0.0      0.0      0.0      0.0      0.0      0.0      0.0      4.0      4.0      0.0      6.0      0.0      10.0     1.0      0.0      0.0      0.0      0.0      11.0     32.0     23.0     7.0      19.0     288.0    148.0    22.0     7.0      0.0      0.0      4.0      110.0    0.0      23.0     12.0     0.0      2.0      17.0     16.0     12.0     0.0      43.0     61.0     3.0      0.0      29.0     12.0     1.0      42.0     0.0      19.0     50.0     0.0      1.0      0.0      73.0     209.0    72.0     0.0      0.0      13.0     0.0      11.0     15.0     0.0      0.0      6.0      0.0      0.0      0.0      11.0     37.0     53.0     3.0      4.0      2.0      1.0      0.0      2.0      0.0      15.0     34.0     0.0     
0.0      0.0      0.0      0.0      0.0      1.0      0.0      0.0      0.0      0.0      0.0      0.0      0.0      0.0      0.0      0.0      0.0      0.0      0.0      0.0      0.0      0.0      0.0      1.0      0.0      0.0      0.0      0.0      0.0      0.0      0.0      0.0      0.0      0.0      0.0      0.0      0.0      0.0      0.0      0.0      0.0      0.0      0.0      0.0      0.0      0.0      0.0      0.0      0.0      0.0      0.0      0.0      0.0      0.0      0.0      0.0      0.0      0.0      0.0      0.0      0.0      0.0      0.0      1.0      0.0      0.0      3.0      0.0      0.0      0.0      0.0      0.0      0.0      0.0      0.0      0.0      2.0      0.0      6.0      0.0      10.0     1.0      0.0      0.0      0.0      0.0      6.0      22.0     24.0     2.0      8.0      148.0    212.0    9.0      2.0      0.0      0.0      7.0      84.0     0.0      17.0     7.0      0.0      1.0      9.0      13.0     21.0     0.0      30.0     41.0     3.0      0.0      14.0     11.0     0.0      27.0     0.0      1.0      32.0     0.0      0.0      0.0      68.0     93.0     55.0     0.0      0.0      11.0     0.0      6.0      6.0      0.0      0.0      2.0      0.0      0.0      0.0      5.0      45.0     39.0     2.0      4.0      1.0      0.0      0.0      2.0      0.0      6.0      14.0     1.0     
0.0      0.0      0.0      0.0      0.0      0.0      0.0      0.0      0.0      0.0      14.0     0.0      0.0      0.0      0.0      0.0      0.0      0.0      3.0      17.0     0.0      0.0      0.0      0.0      3.0      0.0      1.0      0.0      0.0      1.0      0.0      1.0      0.0      0.0      0.0      0.0      0.0      0.0      0.0      0.0      0.0      0.0      3.0      0.0      5.0      0.0      0.0      0.0      0.0      0.0      0.0      0.0      0.0      0.0      0.0      0.0      0.0      0.0      1.0      0.0      0.0      0.0      0.0      0.0      0.0      8.0      10.0     0.0      0.0      0.0      0.0      0.0      0.0      0.0      0.0      1.0      85.0     0.0      1.0      0.0      0.0      0.0      0.0      0.0      2.0      4.0      11.0     16.0     48.0     9.0      20.0     22.0     9.0      1036.0   85.0     118.0    2.0      3.0      17.0     66.0     10.0     85.0     12.0     24.0     4.0      0.0      1.0      0.0      71.0     12.0     2.0      266.0    64.0     6.0      1.0      2.0      0.0      46.0     81.0     5.0      17.0     0.0      8.0      152.0    49.0     87.0     0.0      27.0     0.0      7.0      3.0      89.0     79.0     170.0    99.0     197.0    78.0     27.0     1.0      0.0      17.0     18.0     13.0     6.0      5.0      0.0      0.0      39.0     319.0    0.0     
0.0      1.0      0.0      0.0      0.0      0.0      0.0      0.0      0.0      7.0      179.0    0.0      0.0      0.0      0.0      0.0      0.0      0.0      25.0     126.0    0.0      5.0      0.0      1.0      0.0      0.0      9.0      0.0      0.0      12.0     1.0      7.0      0.0      0.0      0.0      0.0      0.0      0.0      0.0      0.0      0.0      0.0      64.0     0.0      49.0     0.0      0.0      0.0      0.0      0.0      0.0      1.0      0.0      0.0      0.0      0.0      1.0      5.0      20.0     0.0      0.0      1.0      0.0      1.0      0.0      59.0     88.0     0.0      0.0      0.0      0.0      0.0      0.0      0.0      0.0      10.0     87.0     0.0      0.0      2.0      1.0      0.0      0.0      0.0      2.0      171.0    3.0      30.0     42.0     22.0     10.0     7.0      2.0      85.0     1473.0   94.0     28.0     18.0     61.0     1.0      0.0      11.0     0.0      2.0      3.0      1.0      11.0     1.0      61.0     38.0     1.0      231.0    31.0     3.0      0.0      0.0      0.0      131.0    157.0    112.0    0.0      0.0      7.0      91.0     14.0     138.0    5.0      40.0     0.0      3.0      0.0      12.0     12.0     279.0    10.0     133.0    111.0    86.0     13.0     0.0      184.0    76.0     0.0      0.0      2.0      1.0      0.0      50.0     77.0     0.0     
0.0      0.0      0.0      0.0      0.0      0.0      0.0      0.0      0.0      0.0      1.0      0.0      0.0      0.0      0.0      0.0      0.0      0.0      0.0      0.0      0.0      0.0      0.0      0.0      0.0      0.0      0.0      0.0      0.0      0.0      0.0      1.0      0.0      0.0      0.0      0.0      0.0      0.0      0.0      0.0      0.0      0.0      1.0      0.0      1.0      0.0      0.0      0.0      0.0      0.0      0.0      0.0      0.0      0.0      0.0      0.0      0.0      0.0      0.0      0.0      0.0      0.0      0.0      0.0      0.0      0.0      0.0      0.0      0.0      0.0      0.0      0.0      0.0      0.0      0.0      0.0      137.0    0.0      1.0      0.0      0.0      0.0      0.0      0.0      0.0      5.0      3.0      1.0      3.0      0.0      0.0      0.0      0.0      118.0    94.0     455.0    2.0      5.0      1.0      0.0      0.0      2.0      0.0      0.0      0.0      0.0      1.0      0.0      0.0      1.0      0.0      142.0    6.0      1.0      0.0      0.0      0.0      28.0     75.0     2.0      0.0      0.0      0.0      5.0      5.0      138.0    20.0     3.0      0.0      0.0      0.0      2.0      41.0     47.0     49.0     162.0    133.0    1.0      0.0      0.0      2.0      0.0      0.0      0.0      0.0      0.0      0.0      4.0      13.0     0.0     
0.0      0.0      0.0      0.0      1.0      1.0      1.0      1.0      1.0      24.0     39.0     0.0      0.0      0.0      0.0      1.0      0.0      0.0      0.0      13.0     0.0      50.0     0.0      0.0      0.0      0.0      0.0      0.0      0.0      0.0      0.0      3.0      0.0      0.0      0.0      0.0      1.0      0.0      0.0      0.0      0.0      0.0      7.0      0.0      113.0    0.0      0.0      0.0      0.0      0.0      0.0      0.0      0.0      0.0      0.0      0.0      0.0      0.0      1.0      0.0      0.0      25.0     0.0      0.0      0.0      14.0     115.0    0.0      0.0      0.0      0.0      1.0      0.0      0.0      0.0      0.0      1.0      0.0      0.0      0.0      0.0      0.0      0.0      3.0      25.0     62.0     14.0     10.0     25.0     23.0     26.0     0.0      0.0      2.0      28.0     2.0      703.0    33.0     108.0    0.0      0.0      1.0      0.0      5.0      17.0     0.0      3.0      0.0      16.0     7.0      0.0      2.0      20.0     28.0     5.0      0.0      0.0      198.0    17.0     264.0    1.0      0.0      0.0      15.0     27.0     1.0      19.0     11.0     0.0      19.0     0.0      1.0      2.0      1.0      0.0      0.0      214.0    115.0    2.0      0.0      7.0      98.0     1.0      0.0      2.0      0.0      3.0      8.0      26.0     0.0     
0.0      0.0      1.0      0.0      0.0      1.0      1.0      0.0      0.0      1.0      4.0      0.0      0.0      0.0      0.0      4.0      0.0      0.0      3.0      3.0      0.0      3.0      0.0      1.0      2.0      0.0      4.0      1.0      1.0      6.0      2.0      12.0     0.0      1.0      3.0      0.0      1.0      0.0      0.0      0.0      0.0      0.0      0.0      6.0      6.0      0.0      0.0      0.0      0.0      0.0      0.0      0.0      0.0      0.0      0.0      0.0      4.0      0.0      2.0      0.0      0.0      2.0      0.0      3.0      0.0      1.0      20.0     1.0      0.0      0.0      0.0      1.0      0.0      0.0      0.0      7.0      1.0      0.0      0.0      0.0      4.0      0.0      1.0      11.0     126.0    14.0     7.0      0.0      0.0      2.0      14.0     4.0      7.0      3.0      18.0     5.0      33.0     432.0    11.0     1.0      0.0      16.0     1.0      3.0      101.0    3.0      24.0     0.0      0.0      78.0     0.0      4.0      0.0      0.0      0.0      0.0      0.0      16.0     74.0     105.0    0.0      0.0      0.0      0.0      6.0      24.0     1.0      1.0      0.0      3.0      0.0      4.0      4.0      4.0      0.0      0.0      135.0    0.0      14.0     0.0      50.0     53.0     3.0      0.0      2.0      0.0      12.0     2.0      0.0      0.0     
86.0     0.0      0.0      0.0      81.0     139.0    4.0      4.0      3.0      0.0      0.0      0.0      51.0     9.0      7.0      69.0     12.0     5.0      0.0      0.0      0.0      2.0      7.0      80.0     0.0      0.0      1.0      0.0      0.0      0.0      115.0    33.0     0.0      5.0      24.0     0.0      4.0      1.0      4.0      0.0      0.0      0.0      1.0      34.0     1.0      0.0      0.0      5.0      6.0      0.0      0.0      0.0      0.0      1.0      0.0      0.0      1.0      0.0      0.0      0.0      0.0      2.0      74.0     53.0     3.0      0.0      45.0     0.0      0.0      0.0      31.0     0.0      1.0      0.0      0.0      400.0    32.0     0.0      2.0      63.0     88.0     20.0     4.0      0.0      3.0      17.0     2.0      133.0    0.0      131.0    59.0     110.0    84.0     17.0     61.0     1.0      108.0    11.0     2173.0   3.0      2.0      21.0     1.0      1.0      44.0     132.0    41.0     0.0      49.0     342.0    1.0      14.0     63.0     23.0     0.0      1.0      0.0      266.0    335.0    35.0     0.0      5.0      133.0    304.0    3.0      0.0      81.0     3.0      91.0     1.0      2.0      1.0      2.0      10.0     0.0      0.0      61.0     553.0    255.0    249.0    14.0     48.0     1.0      0.0      0.0      23.0     2.0      40.0     34.0     1.0     
0.0      0.0      0.0      0.0      0.0      0.0      0.0      0.0      0.0      0.0      4.0      0.0      0.0      0.0      0.0      0.0      0.0      0.0      0.0      5.0      0.0      0.0      1.0      0.0      0.0      0.0      0.0      0.0      0.0      0.0      0.0      5.0      0.0      0.0      1.0      0.0      1.0      0.0      0.0      0.0      0.0      0.0      1.0      3.0      1.0      0.0      0.0      0.0      0.0      0.0      0.0      0.0      0.0      0.0      0.0      0.0      0.0      0.0      0.0      0.0      0.0      0.0      0.0      0.0      0.0      0.0      0.0      0.0      0.0      0.0      0.0      0.0      0.0      0.0      0.0      0.0      0.0      0.0      121.0    0.0      0.0      0.0      0.0      0.0      0.0      0.0      58.0     0.0      0.0      0.0      0.0      0.0      0.0      66.0     1.0      0.0      0.0      1.0      3.0      1050.0   126.0    77.0     136.0    171.0    23.0     0.0      7.0      0.0      20.0     4.0      0.0      94.0     175.0    0.0      0.0      3.0      0.0      0.0      5.0      0.0      146.0    0.0      0.0      0.0      3.0      0.0      0.0      0.0      0.0      0.0      97.0     199.0    0.0      3.0      6.0      36.0     0.0      2.0      0.0      0.0      4.0      0.0      90.0     37.0     15.0     0.0      0.0      81.0     454.0    0.0     
0.0      0.0      0.0      0.0      0.0      0.0      0.0      0.0      0.0      0.0      1.0      0.0      0.0      0.0      0.0      0.0      2.0      1.0      0.0      4.0      0.0      0.0      0.0      1.0      0.0      0.0      1.0      0.0      0.0      2.0      0.0      3.0      0.0      0.0      1.0      0.0      1.0      0.0      0.0      0.0      0.0      0.0      0.0      2.0      0.0      0.0      0.0      0.0      0.0      1.0      0.0      0.0      0.0      0.0      0.0      0.0      1.0      0.0      1.0      0.0      0.0      0.0      0.0      0.0      0.0      0.0      1.0      0.0      0.0      0.0      0.0      1.0      0.0      1.0      0.0      0.0      0.0      4.0      205.0    0.0      0.0      0.0      0.0      0.0      0.0      0.0      131.0    0.0      9.0      0.0      0.0      23.0     17.0     10.0     0.0      0.0      0.0      0.0      2.0      126.0    900.0    137.0    59.0     20.0     16.0     1.0      3.0      0.0      201.0    1.0      72.0     8.0      151.0    1.0      0.0      140.0    0.0      0.0      0.0      0.0      35.0     0.0      2.0      25.0     34.0     0.0      0.0      1.0      0.0      0.0      268.0    167.0    0.0      0.0      0.0      0.0      0.0      4.0      2.0      0.0      3.0      3.0      158.0    4.0      1.0      0.0      0.0      50.0     188.0    0.0     
0.0      0.0      1.0      4.0      0.0      0.0      0.0      0.0      0.0      2.0      14.0     2.0      0.0      0.0      0.0      1.0      6.0      2.0      7.0      23.0     0.0      1.0      7.0      0.0      12.0     0.0      114.0    0.0      1.0      148.0    1.0      24.0     0.0      6.0      4.0      1.0      25.0     51.0     0.0      0.0      2.0      0.0      2.0      15.0     2.0      0.0      8.0      0.0      4.0      3.0      0.0      0.0      0.0      0.0      0.0      0.0      21.0     0.0      10.0     0.0      0.0      1.0      0.0      0.0      0.0      17.0     301.0    1.0      0.0      0.0      0.0      78.0     13.0     19.0     0.0      2.0      0.0      41.0     14.0     0.0      1.0      2.0      0.0      0.0      7.0      1.0      16.0     14.0     12.0     17.0     24.0     12.0     7.0      85.0     11.0     2.0      1.0      16.0     21.0     77.0     137.0    2602.0   102.0    168.0    648.0    0.0      23.0     15.0     213.0    17.0     43.0     104.0    169.0    4.0      0.0      43.0     0.0      0.0      24.0     3.0      118.0    80.0     9.0      57.0     12.0     1.0      0.0      26.0     1.0      0.0      21.0     898.0    0.0      17.0     0.0      4.0      3.0      26.0     7.0      0.0      241.0    397.0    529.0    30.0     8.0      0.0      24.0     150.0    184.0    44.0    
0.0      0.0      0.0      0.0      0.0      0.0      0.0      0.0      0.0      0.0      1.0      0.0      0.0      0.0      0.0      1.0      1.0      0.0      4.0      6.0      0.0      0.0      2.0      0.0      5.0      0.0      2.0      0.0      0.0      5.0      0.0      9.0      0.0      2.0      2.0      0.0      0.0      1.0      0.0      0.0      0.0      0.0      2.0      5.0      0.0      0.0      1.0      0.0      1.0      0.0      0.0      0.0      0.0      0.0      0.0      0.0      2.0      1.0      3.0      0.0      0.0      0.0      0.0      0.0      0.0      3.0      6.0      0.0      0.0      0.0      0.0      0.0      0.0      1.0      0.0      0.0      1.0      55.0     18.0     0.0      0.0      0.0      0.0      0.0      0.0      0.0      44.0     0.0      1.0      40.0     1.0      0.0      0.0      12.0     0.0      0.0      0.0      1.0      1.0      136.0    59.0     102.0    1139.0   307.0    5.0      0.0      10.0     0.0      2.0      1.0      0.0      29.0     48.0     0.0      0.0      0.0      0.0      0.0      1.0      0.0      689.0    2.0      0.0      3.0      2.0      0.0      0.0      10.0     0.0      0.0      3.0      144.0    0.0      0.0      4.0      4.0      0.0      0.0      0.0      0.0      7.0      9.0      649.0    121.0    13.0     0.0      0.0      36.0     59.0     1.0     
0.0      0.0      14.0     0.0      0.0      0.0      1.0      27.0     0.0      0.0      2.0      0.0      0.0      0.0      0.0      55.0     0.0      0.0      3.0      6.0      0.0      0.0      0.0      0.0      4.0      0.0      1.0      0.0      6.0      15.0     2.0      2.0      0.0      0.0      1.0      0.0      2.0      2.0      0.0      0.0      0.0      0.0      5.0      4.0      0.0      2.0      14.0     0.0      0.0      0.0      0.0      0.0      0.0      0.0      0.0      0.0      0.0      0.0      0.0      0.0      0.0      0.0      0.0      0.0      0.0      1.0      40.0     0.0      3.0      1.0      0.0      2.0      1.0      1.0      0.0      1.0      1.0      42.0     68.0     0.0      0.0      0.0      12.0     0.0      0.0      0.0      125.0    0.0      5.0      167.0    101.0    2.0      1.0      24.0     2.0      0.0      5.0      3.0      1.0      171.0    20.0     168.0    307.0    2474.0   40.0     0.0      3.0      8.0      11.0     6.0      0.0      66.0     167.0    0.0      0.0      9.0      0.0      5.0      7.0      0.0      452.0    0.0      1.0      13.0     9.0      0.0      1.0      50.0     8.0      33.0     9.0      80.0     0.0      1.0      3.0      12.0     2.0      1.0      0.0      0.0      25.0     31.0     261.0    389.0    330.0    0.0      0.0      104.0    125.0    5.0     
0.0      0.0      15.0     2.0      0.0      0.0      0.0      0.0      0.0      2.0      14.0     0.0      0.0      0.0      0.0      7.0      2.0      1.0      17.0     42.0     0.0      0.0      10.0     0.0      9.0      4.0      98.0     4.0      12.0     94.0     2.0      24.0     0.0      5.0      4.0      0.0      24.0     41.0     0.0      0.0      0.0      0.0      9.0      11.0     2.0      2.0      7.0      0.0      3.0      0.0      0.0      0.0      0.0      0.0      0.0      2.0      40.0     0.0      25.0     0.0      0.0      0.0      0.0      0.0      0.0      17.0     228.0    8.0      0.0      0.0      0.0      24.0     11.0     15.0     0.0      8.0      0.0      22.0     0.0      35.0     64.0     102.0    169.0    92.0     133.0    4.0      7.0      25.0     32.0     30.0     167.0    17.0     9.0      4.0      3.0      0.0      17.0     101.0    44.0     23.0     16.0     648.0    5.0      40.0     2465.0   7.0      23.0     18.0     303.0    24.0     42.0     68.0     150.0    8.0      2.0      24.0     0.0      0.0      47.0     86.0     20.0     231.0    16.0     104.0    14.0     9.0      0.0      47.0     4.0      4.0      3.0      70.0     0.0      3.0      0.0      1.0      73.0     34.0     15.0     1.0      493.0    475.0    33.0     7.0      2.0      2.0      333.0    117.0    209.0    45.0    
34.0     0.0      0.0      0.0      33.0     81.0     2.0      3.0      2.0      0.0      0.0      0.0      0.0      0.0      0.0      18.0     1.0      0.0      0.0      0.0      0.0      0.0      1.0      18.0     0.0      0.0      0.0      0.0      0.0      1.0      104.0    5.0      0.0      0.0      0.0      0.0      1.0      0.0      0.0      0.0      0.0      0.0      0.0      0.0      0.0      0.0      0.0      0.0      0.0      0.0      0.0      0.0      0.0      0.0      0.0      0.0      0.0      0.0      0.0      0.0      0.0      0.0      0.0      27.0     2.0      0.0      7.0      0.0      0.0      0.0      26.0     0.0      0.0      0.0      0.0      42.0     0.0      0.0      0.0      24.0     95.0     22.0     17.0     11.0     1.0      0.0      0.0      1.0      0.0      0.0      13.0     16.0     13.0     0.0      1.0      0.0      0.0      3.0      132.0    0.0      1.0      0.0      0.0      0.0      7.0      324.0    33.0     0.0      0.0      39.0     0.0      0.0      0.0      0.0      0.0      0.0      0.0      1.0      30.0     0.0      0.0      3.0      6.0      12.0     0.0      0.0      0.0      0.0      0.0      0.0      1.0      0.0      0.0      0.0      0.0      0.0      0.0      1.0      254.0    5.0      1.0      77.0     0.0      0.0      0.0      61.0     6.0      0.0      0.0      0.0     
3.0      1.0      0.0      0.0      0.0      3.0      0.0      1.0      1.0      0.0      0.0      0.0      0.0      0.0      1.0      3.0      12.0     0.0      1.0      0.0      0.0      8.0      18.0     7.0      2.0      0.0      0.0      0.0      0.0      1.0      12.0     265.0    0.0      0.0      30.0     0.0      16.0     0.0      0.0      0.0      0.0      0.0      2.0      52.0     5.0      0.0      0.0      0.0      0.0      0.0      1.0      2.0      0.0      0.0      0.0      0.0      0.0      0.0      1.0      0.0      0.0      4.0      0.0      10.0     1.0      0.0      12.0     0.0      0.0      0.0      3.0      0.0      1.0      0.0      0.0      26.0     0.0      2.0      0.0      1.0      41.0     5.0      2.0      2.0      2.0      0.0      0.0      0.0      0.0      1.0      3.0      12.0     21.0     1.0      11.0     1.0      3.0      24.0     41.0     7.0      3.0      23.0     10.0     3.0      23.0     33.0     430.0    0.0      2.0      67.0     1.0      11.0     2.0      0.0      0.0      0.0      0.0      36.0     83.0     8.0      0.0      0.0      0.0      3.0      0.0      2.0      1.0      2.0      0.0      0.0      2.0      9.0      0.0      0.0      0.0      0.0      4.0      1.0      155.0    7.0      10.0     19.0     17.0     0.0      2.0      7.0      0.0      3.0      0.0      0.0     
0.0      0.0      0.0      0.0      0.0      0.0      0.0      0.0      0.0      0.0      0.0      0.0      0.0      0.0      0.0      0.0      0.0      0.0      0.0      0.0      0.0      0.0      0.0      0.0      0.0      0.0      0.0      0.0      0.0      0.0      0.0      0.0      0.0      0.0      0.0      0.0      0.0      0.0      0.0      0.0      0.0      0.0      0.0      0.0      0.0      0.0      0.0      0.0      0.0      0.0      0.0      0.0      0.0      0.0      0.0      0.0      0.0      0.0      0.0      0.0      0.0      0.0      0.0      0.0      0.0      0.0      0.0      0.0      0.0      0.0      0.0      0.0      0.0      0.0      0.0      0.0      0.0      0.0      0.0      0.0      0.0      0.0      0.0      0.0      0.0      0.0      2.0      0.0      0.0      0.0      0.0      0.0      0.0      0.0      1.0      0.0      0.0      0.0      0.0      0.0      0.0      15.0     0.0      8.0      18.0     0.0      0.0      48.0     32.0     5.0      0.0      0.0      1.0      0.0      0.0      24.0     0.0      0.0      0.0      0.0      0.0      0.0      0.0      23.0     0.0      0.0      0.0      0.0      0.0      0.0      0.0      3.0      0.0      0.0      0.0      0.0      0.0      0.0      0.0      0.0      6.0      0.0      4.0      3.0      1.0      0.0      0.0      1.0      3.0      14.0    
0.0      1.0      0.0      0.0      0.0      0.0      0.0      0.0      0.0      1.0      2.0      0.0      0.0      0.0      0.0      0.0      2.0      1.0      1.0      5.0      0.0      1.0      0.0      0.0      1.0      0.0      3.0      0.0      0.0      10.0     0.0      2.0      1.0      1.0      1.0      0.0      1.0      1.0      0.0      0.0      0.0      0.0      8.0      2.0      2.0      0.0      0.0      0.0      1.0      1.0      0.0      0.0      0.0      0.0      0.0      0.0      0.0      0.0      1.0      0.0      0.0      1.0      0.0      0.0      0.0      6.0      1.0      0.0      0.0      0.0      0.0      3.0      0.0      3.0      0.0      2.0      0.0      3.0      92.0     0.0      0.0      0.0      0.0      0.0      0.0      1.0      104.0    2.0      20.0     1.0      2.0      43.0     30.0     71.0     61.0     0.0      16.0     0.0      49.0     20.0     201.0    213.0    2.0      11.0     303.0    0.0      2.0      32.0     1014.0   118.0    84.0     1.0      14.0     0.0      0.0      139.0    0.0      20.0     6.0      1.0      1.0      1.0      13.0     293.0    53.0     0.0      5.0      10.0     0.0      0.0      94.0     47.0     0.0      53.0     0.0      0.0      12.0     19.0     3.0      5.0      119.0    5.0      18.0     11.0     2.0      0.0      1.0      7.0      352.0    84.0    
1.0      0.0      0.0      0.0      0.0      7.0      0.0      0.0      0.0      0.0      0.0      0.0      0.0      0.0      0.0      2.0      1.0      0.0      4.0      1.0      0.0      1.0      3.0      6.0      4.0      0.0      0.0      0.0      0.0      0.0      6.0      28.0     0.0      0.0      4.0      0.0      4.0      0.0      0.0      0.0      0.0      0.0      0.0      11.0     0.0      0.0      0.0      0.0      0.0      0.0      0.0      0.0      0.0      0.0      0.0      0.0      0.0      0.0      2.0      0.0      0.0      0.0      0.0      13.0     0.0      0.0      18.0     0.0      0.0      0.0      2.0      0.0      0.0      0.0      0.0      100.0    1.0      0.0      3.0      3.0      9.0      0.0      0.0      0.0      0.0      3.0      5.0      7.0      1.0      4.0      9.0      61.0     41.0     12.0     38.0     1.0      7.0      78.0     342.0    4.0      1.0      17.0     1.0      6.0      24.0     39.0     67.0     5.0      118.0    715.0    2.0      2.0      3.0      3.0      0.0      3.0      0.0      23.0     486.0    8.0      1.0      0.0      29.0     261.0    12.0     5.0      4.0      1.0      2.0      3.0      0.0      1.0      0.0      12.0     0.0      0.0      18.0     28.0     120.0    91.0     30.0     11.0     2.0      0.0      3.0      7.0      0.0      3.0      42.0     1.0     
0.0      0.0      0.0      0.0      0.0      0.0      0.0      0.0      0.0      0.0      0.0      0.0      0.0      0.0      0.0      0.0      0.0      0.0      0.0      0.0      0.0      0.0      0.0      0.0      0.0      0.0      1.0      0.0      0.0      0.0      0.0      1.0      0.0      0.0      0.0      0.0      0.0      0.0      0.0      0.0      0.0      0.0      0.0      0.0      0.0      0.0      0.0      0.0      0.0      0.0      0.0      0.0      0.0      0.0      0.0      0.0      0.0      0.0      0.0      0.0      0.0      0.0      0.0      0.0      0.0      0.0      0.0      0.0      0.0      0.0      0.0      0.0      0.0      0.0      0.0      0.0      0.0      1.0      32.0     0.0      0.0      0.0      0.0      0.0      0.0      0.0      44.0     2.0      5.0      0.0      0.0      3.0      3.0      2.0      1.0      0.0      0.0      0.0      1.0      0.0      72.0     43.0     0.0      0.0      42.0     0.0      1.0      0.0      84.0     2.0      172.0    0.0      3.0      0.0      0.0      95.0     0.0      0.0      0.0      0.0      0.0      0.0      0.0      6.0      15.0     0.0      0.0      4.0      0.0      0.0      17.0     8.0      0.0      1.0      0.0      0.0      0.0      5.0      0.0      0.0      3.0      1.0      18.0     0.0      0.0      0.0      0.0      2.0      8.0      25.0    
0.0      3.0      0.0      0.0      0.0      2.0      0.0      0.0      0.0      1.0      10.0     0.0      0.0      0.0      0.0      1.0      0.0      0.0      5.0      18.0     0.0      1.0      0.0      0.0      10.0     0.0      2.0      0.0      0.0      10.0     0.0      12.0     0.0      1.0      1.0      0.0      2.0      2.0      0.0      0.0      0.0      0.0      7.0      4.0      1.0      0.0      0.0      0.0      0.0      0.0      0.0      1.0      0.0      0.0      0.0      0.0      6.0      0.0      11.0     0.0      0.0      2.0      0.0      0.0      0.0      12.0     5.0      0.0      0.0      0.0      0.0      0.0      0.0      2.0      0.0      2.0      104.0    0.0      8.0      0.0      0.0      0.0      0.0      0.0      0.0      13.0     31.0     4.0      1.0      5.0      2.0      0.0      0.0      266.0    231.0    142.0    2.0      4.0      14.0     94.0     8.0      104.0    29.0     66.0     68.0     0.0      11.0     0.0      1.0      2.0      0.0      1545.0   258.0    0.0      0.0      1.0      0.0      111.0    215.0    9.0      20.0     0.0      0.0      1.0      4.0      338.0    35.0     7.0      0.0      0.0      8.0      54.0     44.0     115.0    92.0     445.0    112.0    12.0     3.0      0.0      38.0     8.0      25.0     36.0     1.0      0.0      0.0      398.0    195.0    0.0     
0.0      1.0      0.0      0.0      0.0      0.0      0.0      0.0      0.0      1.0      8.0      0.0      0.0      0.0      0.0      0.0      0.0      0.0      5.0      11.0     0.0      2.0      0.0      0.0      7.0      0.0      4.0      0.0      0.0      13.0     0.0      2.0      0.0      2.0      0.0      0.0      0.0      1.0      0.0      0.0      0.0      0.0      3.0      0.0      0.0      0.0      0.0      0.0      0.0      0.0      0.0      0.0      0.0      0.0      0.0      0.0      3.0      0.0      7.0      0.0      0.0      2.0      0.0      0.0      0.0      6.0      7.0      0.0      0.0      0.0      0.0      1.0      0.0      2.0      0.0      4.0      12.0     0.0      153.0    0.0      0.0      0.0      0.0      0.0      0.0      2.0      155.0    10.0     30.0     6.0      0.0      29.0     14.0     64.0     31.0     6.0      20.0     0.0      63.0     175.0    151.0    169.0    48.0     167.0    150.0    0.0      2.0      1.0      14.0     3.0      3.0      258.0    1634.0   2.0      1.0      14.0     0.0      98.0     44.0     1.0      45.0     0.0      6.0      49.0     37.0     2.0      33.0     35.0     0.0      0.0      89.0     82.0     0.0      20.0     53.0     35.0     9.0      41.0     2.0      8.0      55.0     4.0      59.0     85.0     1.0      0.0      0.0      685.0    771.0    1.0     
0.0      0.0      0.0      0.0      0.0      0.0      0.0      0.0      0.0      0.0      0.0      0.0      0.0      1.0      0.0      0.0      0.0      0.0      0.0      0.0      0.0      0.0      0.0      0.0      0.0      0.0      0.0      0.0      0.0      0.0      0.0      0.0      0.0      0.0      0.0      0.0      0.0      1.0      1.0      0.0      0.0      0.0      0.0      0.0      0.0      0.0      0.0      0.0      1.0      1.0      0.0      0.0      0.0      0.0      0.0      0.0      0.0      0.0      0.0      0.0      0.0      0.0      0.0      0.0      0.0      0.0      0.0      0.0      0.0      0.0      0.0      0.0      2.0      2.0      0.0      0.0      5.0      0.0      0.0      0.0      0.0      0.0      0.0      0.0      0.0      0.0      8.0      73.0     84.0     0.0      0.0      12.0     11.0     6.0      3.0      1.0      28.0     0.0      23.0     0.0      1.0      4.0      0.0      0.0      8.0      0.0      0.0      0.0      0.0      3.0      0.0      0.0      2.0      166.0    13.0     1.0      0.0      76.0     2.0      1.0      0.0      0.0      19.0     25.0     55.0     0.0      17.0     2.0      0.0      0.0      0.0      0.0      0.0      1.0      0.0      0.0      10.0     11.0     0.0      0.0      4.0      0.0      0.0      0.0      0.0      0.0      0.0      2.0      2.0      0.0     
0.0      0.0      0.0      0.0      0.0      0.0      1.0      0.0      0.0      0.0      0.0      1.0      1.0      3.0      0.0      2.0      0.0      0.0      0.0      0.0      0.0      0.0      0.0      0.0      0.0      0.0      0.0      0.0      0.0      0.0      0.0      0.0      0.0      0.0      0.0      0.0      0.0      1.0      3.0      0.0      0.0      0.0      0.0      0.0      0.0      0.0      0.0      0.0      1.0      2.0      0.0      0.0      0.0      0.0      0.0      0.0      0.0      0.0      0.0      0.0      0.0      0.0      0.0      0.0      0.0      0.0      0.0      0.0      0.0      0.0      0.0      0.0      1.0      1.0      0.0      0.0      1.0      0.0      0.0      0.0      2.0      3.0      1.0      1.0      0.0      0.0      66.0     0.0      37.0     3.0      41.0     1.0      0.0      1.0      0.0      0.0      5.0      0.0      0.0      0.0      0.0      0.0      0.0      0.0      2.0      0.0      0.0      0.0      0.0      0.0      0.0      0.0      1.0      13.0     93.0     0.0      0.0      3.0      0.0      0.0      0.0      1.0      0.0      1.0      12.0     0.0      1.0      11.0     1.0      12.0     0.0      0.0      0.0      0.0      0.0      0.0      4.0      1.0      0.0      0.0      1.0      3.0      0.0      1.0      0.0      0.0      1.0      0.0      1.0      0.0     
0.0      0.0      0.0      0.0      0.0      0.0      0.0      0.0      0.0      0.0      0.0      0.0      0.0      0.0      0.0      0.0      2.0      1.0      0.0      0.0      0.0      0.0      0.0      0.0      0.0      0.0      0.0      0.0      0.0      1.0      0.0      0.0      0.0      0.0      0.0      0.0      0.0      0.0      0.0      0.0      2.0      0.0      0.0      0.0      0.0      0.0      0.0      0.0      1.0      0.0      0.0      0.0      0.0      0.0      0.0      0.0      0.0      0.0      0.0      0.0      0.0      0.0      0.0      0.0      0.0      0.0      3.0      0.0      0.0      0.0      0.0      1.0      0.0      0.0      0.0      0.0      0.0      0.0      93.0     0.0      0.0      0.0      0.0      0.0      0.0      0.0      84.0     1.0      22.0     0.0      0.0      42.0     27.0     2.0      0.0      0.0      0.0      0.0      1.0      3.0      140.0    43.0     0.0      9.0      24.0     0.0      0.0      24.0     139.0    3.0      95.0     1.0      14.0     1.0      0.0      296.0    0.0      0.0      0.0      0.0      0.0      0.0      3.0      59.0     49.0     0.0      0.0      15.0     0.0      0.0      57.0     9.0      0.0      0.0      0.0      0.0      0.0      6.0      0.0      0.0      2.0      5.0      17.0     5.0      0.0      0.0      0.0      8.0      25.0     35.0    
0.0      0.0      0.0      0.0      0.0      0.0      0.0      0.0      0.0      0.0      0.0      0.0      0.0      0.0      0.0      0.0      0.0      0.0      0.0      0.0      0.0      0.0      0.0      0.0      0.0      0.0      0.0      0.0      0.0      0.0      0.0      0.0      0.0      0.0      0.0      0.0      0.0      0.0      0.0      0.0      0.0      0.0      0.0      0.0      0.0      0.0      0.0      0.0      0.0      0.0      0.0      0.0      0.0      0.0      0.0      0.0      0.0      0.0      0.0      0.0      0.0      0.0      0.0      0.0      0.0      0.0      0.0      0.0      0.0      0.0      0.0      0.0      0.0      0.0      0.0      0.0      0.0      0.0      0.0      0.0      0.0      0.0      0.0      0.0      0.0      0.0      0.0      0.0      0.0      0.0      0.0      0.0      0.0      0.0      0.0      0.0      0.0      0.0      0.0      0.0      0.0      0.0      0.0      0.0      0.0      0.0      0.0      0.0      0.0      0.0      0.0      0.0      0.0      0.0      0.0      0.0      0.0      0.0      0.0      0.0      0.0      0.0      0.0      0.0      0.0      0.0      0.0      0.0      0.0      0.0      0.0      0.0      0.0      0.0      0.0      0.0      0.0      0.0      0.0      0.0      0.0      0.0      0.0      0.0      0.0      0.0      0.0      0.0      0.0      0.0     
0.0      7.0      0.0      0.0      0.0      0.0      0.0      0.0      0.0      8.0      162.0    0.0      0.0      0.0      0.0      0.0      0.0      0.0      4.0      51.0     0.0      33.0     3.0      1.0      0.0      0.0      0.0      0.0      0.0      0.0      0.0      26.0     0.0      0.0      5.0      0.0      3.0      0.0      0.0      0.0      0.0      0.0      251.0    2.0      344.0    0.0      0.0      0.0      0.0      0.0      0.0      3.0      0.0      0.0      0.0      0.0      0.0      4.0      5.0      0.0      0.0      8.0      0.0      0.0      0.0      22.0     60.0     0.0      0.0      0.0      0.0      0.0      1.0      0.0      0.0      40.0     81.0     0.0      2.0      2.0      3.0      1.0      0.0      0.0      0.0      71.0     27.0     89.0     71.0     54.0     57.0     19.0     1.0      46.0     131.0    28.0     198.0    16.0     266.0    0.0      0.0      0.0      0.0      5.0      0.0      1.0      36.0     0.0      20.0     23.0     0.0      111.0    98.0     76.0     3.0      0.0      0.0      1902.0   67.0     611.0    0.0      0.0      30.0     121.0    60.0     24.0     205.0    41.0     2.0      27.0     0.0      0.0      18.0     9.0      0.0      13.0     74.0     192.0    21.0     7.0      19.0     32.0     0.0      0.0      4.0      0.0      0.0      100.0    96.0     0.0     
0.0      0.0      1.0      0.0      0.0      6.0      0.0      0.0      0.0      11.0     5.0      0.0      0.0      0.0      0.0      2.0      1.0      0.0      1.0      3.0      0.0      9.0      3.0      3.0      3.0      0.0      1.0      1.0      0.0      0.0      4.0      53.0     0.0      0.0      6.0      0.0      4.0      0.0      0.0      0.0      0.0      0.0      0.0      13.0     10.0     1.0      0.0      0.0      0.0      0.0      0.0      0.0      0.0      0.0      0.0      0.0      0.0      0.0      2.0      0.0      0.0      8.0      0.0      10.0     0.0      6.0      36.0     1.0      0.0      0.0      2.0      0.0      0.0      0.0      0.0      99.0     50.0     0.0      2.0      6.0      6.0      1.0      0.0      2.0      9.0      13.0     4.0      8.0      0.0      5.0      12.0     50.0     32.0     81.0     157.0    75.0     17.0     74.0     335.0    5.0      0.0      24.0     1.0      7.0      47.0     30.0     83.0     0.0      6.0      486.0    0.0      215.0    44.0     2.0      0.0      0.0      0.0      67.0     1258.0   57.0     1.0      0.0      25.0     132.0    6.0      238.0    28.0     0.0      3.0      3.0      0.0      6.0      42.0     78.0     23.0     89.0     255.0    14.0     105.0    99.0     26.0     25.0     2.0      0.0      6.0      3.0      3.0      70.0     23.0     0.0     
0.0      7.0      0.0      0.0      0.0      0.0      0.0      0.0      0.0      63.0     206.0    0.0      0.0      0.0      0.0      0.0      0.0      0.0      4.0      76.0     0.0      65.0     0.0      1.0      0.0      0.0      2.0      0.0      0.0      1.0      0.0      5.0      0.0      0.0      3.0      0.0      0.0      0.0      0.0      0.0      0.0      0.0      226.0    2.0      462.0    0.0      0.0      0.0      0.0      0.0      0.0      2.0      0.0      0.0      0.0      0.0      0.0      1.0      5.0      0.0      0.0      32.0     0.0      0.0      0.0      52.0     211.0    0.0      0.0      0.0      0.0      1.0      0.0      0.0      0.0      7.0      7.0      0.0      0.0      1.0      0.0      0.0      1.0      8.0      67.0     371.0    4.0      1.0      1.0      13.0     3.0      0.0      0.0      5.0      112.0    2.0      264.0    105.0    35.0     0.0      0.0      3.0      0.0      0.0      86.0     0.0      8.0      0.0      1.0      8.0      0.0      9.0      1.0      1.0      0.0      0.0      0.0      611.0    57.0     1299.0   0.0      0.0      0.0      2.0      5.0      11.0     4.0      6.0      0.0      4.0      0.0      1.0      4.0      2.0      0.0      0.0      244.0    46.0     9.0      0.0      134.0    195.0    1.0      0.0      0.0      0.0      10.0     7.0      2.0      0.0     
0.0      0.0      0.0      0.0      0.0      0.0      0.0      0.0      0.0      0.0      1.0      0.0      0.0      0.0      0.0      1.0      0.0      0.0      3.0      8.0      0.0      0.0      0.0      0.0      2.0      0.0      1.0      0.0      0.0      4.0      0.0      1.0      0.0      2.0      0.0      0.0      0.0      1.0      0.0      0.0      0.0      0.0      3.0      0.0      0.0      0.0      3.0      0.0      1.0      0.0      0.0      0.0      0.0      0.0      0.0      0.0      0.0      1.0      2.0      0.0      0.0      0.0      0.0      0.0      0.0      0.0      8.0      0.0      0.0      0.0      0.0      0.0      0.0      1.0      0.0      0.0      1.0      101.0    40.0     0.0      0.0      0.0      0.0      0.0      0.0      0.0      32.0     0.0      2.0      30.0     4.0      1.0      0.0      17.0     0.0      0.0      1.0      0.0      0.0      146.0    35.0     118.0    689.0    452.0    20.0     0.0      0.0      0.0      1.0      1.0      0.0      20.0     45.0     0.0      0.0      0.0      0.0      0.0      1.0      0.0      1042.0   5.0      0.0      2.0      1.0      0.0      0.0      10.0     0.0      0.0      5.0      125.0    0.0      0.0      4.0      1.0      0.0      0.0      0.0      0.0      14.0     4.0      342.0    79.0     9.0      0.0      0.0      29.0     68.0     0.0     
1.0      0.0      22.0     1.0      1.0      1.0      0.0      2.0      0.0      1.0      0.0      0.0      0.0      0.0      0.0      7.0      0.0      0.0      0.0      0.0      0.0      0.0      4.0      1.0      0.0      0.0      22.0     5.0      15.0     30.0     1.0      0.0      0.0      0.0      0.0      0.0      0.0      0.0      0.0      0.0      0.0      0.0      0.0      2.0      0.0      3.0      11.0     0.0      0.0      0.0      0.0      0.0      0.0      0.0      0.0      0.0      0.0      0.0      0.0      0.0      0.0      0.0      0.0      1.0      0.0      0.0      83.0     7.0      0.0      0.0      0.0      10.0     0.0      0.0      0.0      3.0      0.0      124.0    0.0      37.0     53.0     89.0     155.0    55.0     4.0      0.0      1.0      0.0      3.0      12.0     85.0     0.0      0.0      0.0      0.0      0.0      0.0      0.0      5.0      0.0      0.0      80.0     2.0      0.0      231.0    3.0      0.0      0.0      1.0      0.0      0.0      0.0      0.0      0.0      1.0      0.0      0.0      0.0      0.0      0.0      5.0      470.0    0.0      0.0      0.0      0.0      0.0      3.0      1.0      0.0      0.0      0.0      0.0      0.0      0.0      0.0      0.0      6.0      5.0      0.0      7.0      155.0    20.0     0.0      0.0      1.0      59.0     0.0      0.0      0.0     
0.0      0.0      0.0      0.0      0.0      0.0      0.0      0.0      0.0      0.0      0.0      0.0      0.0      0.0      0.0      0.0      0.0      0.0      0.0      0.0      0.0      0.0      0.0      0.0      0.0      0.0      0.0      0.0      0.0      0.0      0.0      0.0      0.0      0.0      0.0      0.0      0.0      0.0      0.0      0.0      0.0      0.0      0.0      0.0      0.0      0.0      0.0      0.0      0.0      0.0      0.0      0.0      0.0      0.0      0.0      0.0      0.0      0.0      0.0      0.0      0.0      0.0      0.0      0.0      0.0      0.0      0.0      0.0      0.0      0.0      0.0      0.0      0.0      0.0      0.0      10.0     3.0      0.0      1.0      0.0      1.0      0.0      0.0      0.0      0.0      0.0      1.0      59.0     6.0      0.0      0.0      73.0     68.0     8.0      7.0      0.0      0.0      0.0      133.0    0.0      2.0      9.0      0.0      1.0      16.0     6.0      0.0      0.0      13.0     29.0     0.0      0.0      6.0      19.0     0.0      3.0      0.0      30.0     25.0     0.0      0.0      0.0      185.0    102.0    14.0     0.0      9.0      0.0      0.0      0.0      1.0      0.0      0.0      3.0      0.0      0.0      0.0      19.0     14.0     61.0     3.0      0.0      0.0      0.0      0.0      2.0      0.0      2.0      12.0     0.0     
0.0      1.0      0.0      0.0      0.0      4.0      0.0      0.0      0.0      2.0      1.0      0.0      0.0      0.0      0.0      0.0      0.0      0.0      1.0      2.0      0.0      2.0      0.0      0.0      1.0      0.0      0.0      0.0      0.0      1.0      3.0      1.0      0.0      0.0      0.0      0.0      0.0      0.0      0.0      0.0      0.0      0.0      3.0      0.0      0.0      0.0      0.0      0.0      0.0      0.0      0.0      0.0      0.0      0.0      0.0      0.0      0.0      0.0      1.0      0.0      0.0      2.0      0.0      3.0      0.0      4.0      8.0      0.0      0.0      0.0      1.0      0.0      0.0      0.0      0.0      31.0     27.0     0.0      8.0      0.0      2.0      0.0      0.0      0.0      0.0      2.0      23.0     103.0    115.0    12.0     38.0     209.0    93.0     152.0    91.0     5.0      15.0     0.0      304.0    0.0      25.0     57.0     3.0      13.0     104.0    12.0     3.0      23.0     293.0    261.0    6.0      1.0      49.0     25.0     1.0      59.0     0.0      121.0    132.0    2.0      2.0      0.0      102.0    903.0    124.0    0.0      35.0     50.0     0.0      14.0     16.0     7.0      3.0      68.0     0.0      0.0      14.0     99.0     30.0     77.0     55.0     7.0      5.0      4.0      4.0      3.0      2.0      10.0     183.0    4.0     
0.0      0.0      0.0      0.0      0.0      0.0      1.0      0.0      0.0      0.0      0.0      2.0      0.0      0.0      0.0      2.0      2.0      1.0      0.0      0.0      0.0      0.0      0.0      0.0      0.0      0.0      0.0      0.0      0.0      0.0      1.0      0.0      0.0      0.0      0.0      0.0      0.0      0.0      0.0      1.0      2.0      0.0      0.0      0.0      0.0      0.0      0.0      0.0      1.0      0.0      0.0      0.0      0.0      0.0      0.0      0.0      0.0      0.0      0.0      0.0      0.0      0.0      0.0      0.0      0.0      0.0      2.0      0.0      0.0      0.0      0.0      0.0      0.0      0.0      0.0      0.0      8.0      0.0      29.0     0.0      1.0      3.0      0.0      0.0      0.0      0.0      331.0    6.0      163.0    23.0     97.0     72.0     55.0     49.0     14.0     5.0      27.0     6.0      3.0      3.0      34.0     12.0     2.0      9.0      14.0     0.0      0.0      0.0      53.0     12.0     15.0     4.0      37.0     55.0     12.0     49.0     0.0      60.0     6.0      5.0      1.0      0.0      14.0     124.0    568.0    0.0      1.0      42.0     1.0      58.0     13.0     4.0      1.0      15.0     0.0      0.0      7.0      17.0     0.0      0.0      2.0      3.0      5.0      2.0      8.0      0.0      0.0      20.0     37.0     2.0     
0.0      0.0      0.0      0.0      0.0      1.0      0.0      0.0      0.0      0.0      0.0      0.0      0.0      0.0      0.0      0.0      0.0      0.0      0.0      0.0      0.0      0.0      0.0      0.0      0.0      0.0      0.0      0.0      0.0      0.0      1.0      6.0      0.0      0.0      0.0      0.0      0.0      0.0      0.0      0.0      0.0      0.0      0.0      0.0      0.0      0.0      0.0      0.0      0.0      0.0      0.0      0.0      0.0      0.0      0.0      0.0      0.0      0.0      0.0      0.0      0.0      0.0      0.0      1.0      0.0      0.0      2.0      0.0      0.0      0.0      0.0      0.0      0.0      0.0      0.0      0.0      68.0     0.0      0.0      0.0      0.0      0.0      0.0      1.0      3.0      4.0      0.0      0.0      0.0      0.0      0.0      0.0      0.0      87.0     138.0    138.0    1.0      24.0     0.0      0.0      0.0      1.0      0.0      0.0      9.0      0.0      2.0      0.0      0.0      5.0      0.0      338.0    2.0      0.0      0.0      0.0      0.0      24.0     238.0    11.0     0.0      0.0      0.0      0.0      0.0      474.0    5.0      0.0      0.0      0.0      0.0      3.0      49.0     86.0     36.0     207.0    201.0    0.0      0.0      0.0      2.0      3.0      0.0      0.0      0.0      0.0      1.0      25.0     8.0      0.0     
0.0      0.0      0.0      0.0      0.0      0.0      0.0      0.0      0.0      1.0      0.0      0.0      0.0      0.0      0.0      0.0      0.0      0.0      0.0      1.0      0.0      0.0      0.0      0.0      0.0      0.0      0.0      0.0      0.0      0.0      0.0      1.0      0.0      0.0      0.0      0.0      0.0      0.0      0.0      0.0      0.0      0.0      3.0      0.0      2.0      0.0      0.0      0.0      0.0      0.0      0.0      0.0      0.0      0.0      0.0      0.0      0.0      0.0      1.0      0.0      0.0      0.0      0.0      0.0      0.0      1.0      2.0      0.0      0.0      0.0      0.0      0.0      0.0      0.0      0.0      2.0      71.0     0.0      1.0      0.0      0.0      0.0      0.0      0.0      0.0      3.0      2.0      22.0     8.0      5.0      5.0      0.0      0.0      0.0      5.0      20.0     19.0     1.0      81.0     0.0      0.0      0.0      0.0      1.0      0.0      0.0      1.0      0.0      5.0      4.0      0.0      35.0     33.0     17.0     1.0      0.0      0.0      205.0    28.0     4.0      0.0      0.0      9.0      35.0     1.0      5.0      286.0    3.0      1.0      0.0      0.0      0.0      0.0      0.0      0.0      2.0      48.0     34.0     1.0      1.0      0.0      2.0      0.0      0.0      1.0      0.0      0.0      25.0     27.0     0.0     
1.0      0.0      0.0      0.0      0.0      19.0     16.0     1.0      0.0      0.0      0.0      25.0     26.0     40.0     9.0      62.0     2.0      8.0      0.0      0.0      0.0      0.0      4.0      0.0      0.0      0.0      1.0      0.0      0.0      2.0      0.0      8.0      0.0      0.0      4.0      0.0      0.0      10.0     35.0     32.0     0.0      0.0      0.0      4.0      0.0      0.0      2.0      11.0     3.0      34.0     0.0      0.0      13.0     4.0      5.0      0.0      0.0      0.0      0.0      0.0      0.0      0.0      5.0      1.0      0.0      0.0      2.0      0.0      0.0      0.0      0.0      1.0      4.0      4.0      0.0      0.0      11.0     2.0      2.0      0.0      17.0     6.0      5.0      1.0      0.0      5.0      117.0    54.0     312.0    639.0    415.0    13.0     11.0     27.0     40.0     3.0      11.0     1.0      3.0      0.0      1.0      26.0     10.0     50.0     47.0     0.0      2.0      0.0      10.0     1.0      4.0      7.0      35.0     2.0      11.0     15.0     0.0      41.0     0.0      6.0      10.0     3.0      0.0      50.0     42.0     0.0      3.0      1387.0   51.0     201.0    1.0      7.0      2.0      13.0     0.0      0.0      6.0      187.0    0.0      0.0      20.0     27.0     9.0      89.0     20.0     0.0      1.0      21.0     7.0      0.0     
5.0      0.0      0.0      0.0      31.0     59.0     6.0      4.0      4.0      0.0      0.0      2.0      18.0     34.0     35.0     47.0     0.0      0.0      0.0      0.0      0.0      0.0      0.0      25.0     0.0      0.0      1.0      0.0      0.0      2.0      0.0      0.0      0.0      0.0      1.0      0.0      0.0      0.0      25.0     4.0      0.0      0.0      0.0      1.0      0.0      0.0      1.0      2.0      0.0      5.0      0.0      0.0      11.0     5.0      1.0      0.0      0.0      0.0      0.0      0.0      0.0      0.0      28.0     0.0      3.0      0.0      4.0      0.0      0.0      0.0      1.0      0.0      0.0      0.0      0.0      30.0     3.0      0.0      0.0      150.0    75.0     4.0      3.0      2.0      0.0      0.0      6.0      6.0      33.0     530.0    210.0    0.0      0.0      0.0      0.0      0.0      0.0      0.0      91.0     0.0      0.0      1.0      0.0      8.0      4.0      0.0      0.0      0.0      0.0      2.0      0.0      0.0      0.0      0.0      1.0      0.0      0.0      2.0      3.0      0.0      0.0      1.0      0.0      0.0      1.0      0.0      1.0      51.0     706.0    82.0     0.0      0.0      0.0      0.0      0.0      0.0      2.0      105.0    0.0      0.0      0.0      14.0     0.0      1.0      6.0      0.0      1.0      0.0      0.0      0.0     
0.0      0.0      0.0      1.0      0.0      2.0      39.0     0.0      0.0      0.0      0.0      21.0     0.0      2.0      0.0      72.0     2.0      1.0      0.0      0.0      0.0      1.0      0.0      0.0      0.0      0.0      1.0      0.0      1.0      2.0      3.0      0.0      0.0      1.0      1.0      0.0      0.0      1.0      0.0      7.0      0.0      0.0      0.0      1.0      0.0      0.0      0.0      0.0      1.0      11.0     0.0      0.0      0.0      0.0      1.0      0.0      0.0      0.0      0.0      0.0      0.0      0.0      0.0      0.0      0.0      0.0      75.0     0.0      5.0      0.0      0.0      0.0      0.0      1.0      0.0      1.0      1.0      0.0      0.0      0.0      0.0      0.0      1.0      0.0      0.0      0.0      283.0    0.0      46.0     320.0    696.0    11.0     6.0      7.0      3.0      0.0      19.0     3.0      1.0      0.0      0.0      0.0      0.0      33.0     4.0      0.0      0.0      0.0      0.0      3.0      0.0      0.0      0.0      0.0      12.0     0.0      0.0      27.0     3.0      4.0      0.0      0.0      0.0      14.0     58.0     0.0      0.0      201.0    82.0     939.0    0.0      0.0      0.0      2.0      0.0      0.0      3.0      18.0     0.0      0.0      2.0      52.0     0.0      91.0     42.0     0.0      0.0      0.0      1.0      0.0     
0.0      0.0      0.0      0.0      0.0      0.0      0.0      0.0      0.0      0.0      0.0      0.0      0.0      0.0      0.0      0.0      1.0      1.0      0.0      1.0      0.0      0.0      0.0      1.0      0.0      0.0      0.0      0.0      0.0      1.0      0.0      2.0      0.0      0.0      1.0      0.0      0.0      0.0      0.0      0.0      0.0      0.0      0.0      1.0      0.0      0.0      0.0      0.0      0.0      0.0      0.0      0.0      0.0      0.0      0.0      0.0      0.0      0.0      0.0      0.0      0.0      0.0      0.0      0.0      0.0      0.0      1.0      0.0      0.0      0.0      0.0      1.0      0.0      0.0      0.0      0.0      0.0      4.0      39.0     0.0      0.0      0.0      0.0      0.0      0.0      0.0      44.0     0.0      4.0      0.0      0.0      15.0     6.0      3.0      0.0      0.0      0.0      0.0      2.0      97.0     268.0    21.0     3.0      9.0      3.0      1.0      2.0      0.0      94.0     0.0      17.0     8.0      89.0     0.0      0.0      57.0     0.0      0.0      0.0      0.0      5.0      0.0      1.0      16.0     13.0     0.0      0.0      1.0      0.0      0.0      336.0    36.0     0.0      0.0      0.0      0.0      0.0      1.0      2.0      0.0      0.0      3.0      5.0      4.0      1.0      0.0      0.0      24.0     115.0    0.0     
0.0      0.0      1.0      0.0      0.0      0.0      0.0      0.0      0.0      0.0      7.0      0.0      0.0      0.0      0.0      0.0      2.0      1.0      3.0      13.0     0.0      0.0      2.0      0.0      5.0      0.0      24.0     0.0      0.0      32.0     0.0      8.0      0.0      1.0      2.0      0.0      13.0     21.0     0.0      0.0      0.0      0.0      0.0      6.0      0.0      0.0      1.0      0.0      2.0      0.0      0.0      0.0      0.0      0.0      0.0      0.0      6.0      0.0      5.0      0.0      0.0      0.0      0.0      0.0      0.0      7.0      72.0     0.0      0.0      0.0      0.0      11.0     5.0      5.0      0.0      1.0      0.0      1.0      16.0     0.0      0.0      2.0      0.0      1.0      6.0      1.0      6.0      1.0      2.0      5.0      5.0      0.0      0.0      89.0     12.0     2.0      1.0      4.0      1.0      199.0    167.0    898.0    144.0    80.0     70.0     0.0      9.0      3.0      47.0     1.0      8.0      54.0     82.0     0.0      0.0      9.0      0.0      0.0      6.0      1.0      125.0    0.0      0.0      7.0      4.0      3.0      0.0      7.0      0.0      0.0      36.0     1139.0   0.0      18.0     0.0      4.0      2.0      8.0      1.0      0.0      56.0     102.0    223.0    8.0      15.0     0.0      0.0      57.0     89.0     10.0    
0.0      0.0      0.0      0.0      0.0      0.0      0.0      0.0      0.0      0.0      1.0      0.0      0.0      0.0      0.0      0.0      0.0      0.0      0.0      2.0      0.0      0.0      0.0      0.0      0.0      0.0      0.0      0.0      0.0      0.0      0.0      0.0      0.0      0.0      0.0      0.0      0.0      0.0      0.0      0.0      0.0      0.0      1.0      0.0      1.0      0.0      0.0      0.0      0.0      0.0      0.0      0.0      0.0      0.0      0.0      0.0      0.0      0.0      0.0      0.0      0.0      0.0      0.0      0.0      0.0      0.0      0.0      0.0      0.0      0.0      0.0      0.0      0.0      0.0      0.0      0.0      31.0     0.0      0.0      0.0      0.0      0.0      0.0      0.0      0.0      0.0      0.0      0.0      2.0      0.0      0.0      0.0      0.0      79.0     12.0     41.0     2.0      4.0      2.0      0.0      0.0      0.0      0.0      0.0      0.0      0.0      0.0      0.0      0.0      0.0      0.0      44.0     0.0      0.0      0.0      0.0      0.0      18.0     42.0     4.0      0.0      0.0      0.0      3.0      1.0      49.0     0.0      2.0      0.0      0.0      0.0      0.0      149.0    11.0     11.0     20.0     53.0     1.0      0.0      0.0      0.0      0.0      0.0      0.0      0.0      0.0      0.0      2.0      0.0      0.0     
0.0      0.0      0.0      0.0      0.0      0.0      0.0      0.0      0.0      0.0      3.0      0.0      0.0      0.0      0.0      0.0      0.0      0.0      2.0      4.0      0.0      0.0      0.0      0.0      2.0      0.0      0.0      0.0      0.0      2.0      0.0      0.0      0.0      0.0      0.0      0.0      0.0      0.0      0.0      0.0      0.0      0.0      0.0      0.0      1.0      0.0      0.0      0.0      0.0      0.0      0.0      0.0      0.0      0.0      0.0      0.0      0.0      0.0      0.0      0.0      0.0      0.0      0.0      0.0      0.0      1.0      6.0      0.0      0.0      0.0      0.0      0.0      0.0      0.0      0.0      0.0      25.0     0.0      0.0      0.0      0.0      0.0      0.0      0.0      1.0      0.0      4.0      13.0     23.0     4.0      7.0      6.0      2.0      170.0    279.0    47.0     1.0      4.0      10.0     3.0      0.0      17.0     0.0      1.0      3.0      0.0      0.0      0.0      53.0     12.0     1.0      115.0    20.0     1.0      0.0      0.0      0.0      9.0      78.0     2.0      0.0      0.0      3.0      68.0     15.0     86.0     0.0      13.0     0.0      2.0      0.0      18.0     11.0     470.0    9.0      96.0     53.0     21.0     0.0      0.0      16.0     8.0      0.0      1.0      0.0      0.0      0.0      16.0     75.0     0.0     
0.0      0.0      0.0      0.0      0.0      0.0      0.0      0.0      0.0      0.0      0.0      0.0      0.0      0.0      0.0      0.0      0.0      0.0      0.0      0.0      0.0      0.0      0.0      0.0      0.0      0.0      0.0      0.0      0.0      0.0      0.0      0.0      0.0      0.0      0.0      0.0      0.0      0.0      0.0      0.0      0.0      0.0      0.0      0.0      0.0      0.0      0.0      0.0      0.0      0.0      0.0      0.0      0.0      0.0      0.0      0.0      0.0      0.0      0.0      0.0      0.0      0.0      0.0      0.0      0.0      0.0      0.0      0.0      0.0      0.0      0.0      0.0      0.0      0.0      0.0      0.0      38.0     0.0      1.0      0.0      0.0      0.0      0.0      0.0      0.0      0.0      0.0      0.0      0.0      0.0      0.0      0.0      0.0      99.0     10.0     49.0     0.0      0.0      0.0      6.0      0.0      0.0      4.0      3.0      0.0      0.0      0.0      0.0      0.0      0.0      0.0      92.0     53.0     0.0      0.0      0.0      0.0      0.0      23.0     0.0      4.0      0.0      0.0      0.0      0.0      36.0     0.0      0.0      0.0      0.0      0.0      0.0      11.0     9.0      185.0    114.0    19.0     0.0      0.0      0.0      0.0      0.0      1.0      1.0      0.0      0.0      0.0      23.0     42.0     0.0     
0.0      0.0      0.0      0.0      0.0      0.0      0.0      0.0      0.0      0.0      0.0      0.0      0.0      0.0      0.0      0.0      0.0      0.0      0.0      0.0      0.0      0.0      0.0      0.0      0.0      0.0      0.0      0.0      0.0      0.0      0.0      0.0      0.0      0.0      0.0      0.0      0.0      0.0      0.0      0.0      0.0      0.0      1.0      0.0      0.0      0.0      0.0      0.0      0.0      0.0      0.0      0.0      0.0      0.0      0.0      0.0      0.0      0.0      0.0      0.0      0.0      0.0      0.0      0.0      0.0      0.0      0.0      0.0      0.0      0.0      0.0      0.0      0.0      0.0      0.0      0.0      76.0     0.0      0.0      0.0      0.0      0.0      0.0      0.0      0.0      4.0      0.0      0.0      0.0      0.0      0.0      0.0      0.0      197.0    133.0    162.0    0.0      0.0      0.0      36.0     0.0      4.0      4.0      12.0     1.0      0.0      0.0      0.0      0.0      0.0      0.0      445.0    35.0     0.0      0.0      0.0      0.0      13.0     89.0     0.0      1.0      0.0      0.0      0.0      0.0      207.0    2.0      0.0      0.0      0.0      0.0      4.0      20.0     96.0     114.0    580.0    17.0     0.0      0.0      0.0      2.0      0.0      3.0      3.0      0.0      0.0      0.0      35.0     104.0    0.0     
0.0      0.0      0.0      0.0      0.0      1.0      0.0      0.0      0.0      44.0     28.0     0.0      0.0      0.0      0.0      0.0      0.0      0.0      0.0      18.0     0.0      29.0     0.0      1.0      0.0      0.0      0.0      0.0      0.0      1.0      1.0      11.0     0.0      0.0      1.0      0.0      0.0      0.0      0.0      0.0      0.0      0.0      1.0      1.0      99.0     0.0      0.0      0.0      0.0      0.0      0.0      0.0      0.0      0.0      0.0      0.0      0.0      0.0      3.0      0.0      0.0      20.0     0.0      1.0      0.0      18.0     117.0    0.0      0.0      0.0      0.0      0.0      0.0      0.0      0.0      0.0      93.0     0.0      0.0      0.0      0.0      0.0      1.0      6.0      61.0     26.0     6.0      0.0      10.0     6.0      12.0     0.0      0.0      78.0     111.0    133.0    214.0    135.0    61.0     0.0      0.0      3.0      0.0      2.0      73.0     0.0      4.0      0.0      12.0     18.0     0.0      112.0    9.0      10.0     4.0      0.0      0.0      74.0     255.0    244.0    0.0      0.0      0.0      14.0     7.0      201.0    48.0     6.0      2.0      3.0      0.0      2.0      53.0     53.0     19.0     17.0     837.0    32.0     3.0      0.0      29.0     121.0    1.0      0.0      0.0      0.0      7.0      10.0     11.0     0.0     
1.0      0.0      0.0      0.0      2.0      26.0     0.0      0.0      0.0      0.0      0.0      0.0      59.0     32.0     15.0     47.0     4.0      12.0     0.0      0.0      0.0      0.0      0.0      22.0     0.0      0.0      0.0      0.0      0.0      0.0      0.0      0.0      0.0      3.0      4.0      0.0      0.0      6.0      29.0     0.0      0.0      0.0      0.0      8.0      0.0      0.0      0.0      11.0     9.0      4.0      0.0      0.0      2.0      8.0      0.0      0.0      0.0      0.0      0.0      0.0      0.0      1.0      58.0     0.0      0.0      0.0      1.0      0.0      0.0      0.0      0.0      0.0      1.0      1.0      0.0      36.0     23.0     0.0      3.0      37.0     25.0     11.0     5.0      0.0      1.0      26.0     2.0      128.0    148.0    413.0    141.0    11.0     5.0      27.0     86.0     1.0      115.0    0.0      553.0    2.0      4.0      26.0     0.0      1.0      34.0     1.0      1.0      0.0      19.0     28.0     5.0      12.0     41.0     11.0     1.0      6.0      0.0      192.0    14.0     46.0     0.0      6.0      19.0     99.0     17.0     0.0      34.0     187.0    105.0    18.0     1.0      8.0      1.0      21.0     0.0      0.0      32.0     1205.0   0.0      0.0      24.0     17.0     0.0      0.0      0.0      0.0      2.0      27.0     15.0     1.0     
28.0     1.0      0.0      0.0      27.0     126.0    5.0      5.0      4.0      0.0      0.0      0.0      0.0      0.0      0.0      21.0     7.0      1.0      0.0      0.0      0.0      1.0      9.0      28.0     1.0      0.0      1.0      0.0      0.0      1.0      126.0    80.0     0.0      0.0      17.0     0.0      3.0      0.0      0.0      0.0      0.0      0.0      1.0      16.0     3.0      0.0      0.0      0.0      0.0      0.0      0.0      0.0      0.0      0.0      0.0      0.0      1.0      0.0      0.0      0.0      0.0      3.0      0.0      61.0     4.0      0.0      45.0     0.0      0.0      0.0      33.0     0.0      0.0      0.0      0.0      26.0     0.0      0.0      0.0      8.0      125.0    28.0     19.0     11.0     1.0      1.0      0.0      0.0      0.0      0.0      9.0      37.0     45.0     1.0      13.0     0.0      2.0      14.0     255.0    0.0      2.0      7.0      0.0      0.0      15.0     254.0    155.0    0.0      3.0      120.0    0.0      3.0      2.0      0.0      0.0      0.0      0.0      21.0     105.0    9.0      0.0      5.0      14.0     30.0     0.0      0.0      1.0      0.0      0.0      0.0      2.0      1.0      0.0      0.0      0.0      0.0      3.0      0.0      590.0    25.0     4.0      104.0    0.0      0.0      0.0      44.0     6.0      2.0      1.0      0.0     
11.0     0.0      0.0      0.0      2.0      13.0     0.0      0.0      0.0      0.0      0.0      0.0      0.0      0.0      0.0      0.0      0.0      0.0      0.0      0.0      0.0      0.0      0.0      9.0      0.0      0.0      0.0      0.0      0.0      0.0      19.0     4.0      0.0      0.0      0.0      0.0      1.0      0.0      0.0      0.0      0.0      0.0      0.0      0.0      0.0      0.0      0.0      0.0      0.0      0.0      0.0      0.0      0.0      0.0      0.0      0.0      0.0      0.0      0.0      0.0      0.0      0.0      0.0      11.0     0.0      0.0      4.0      0.0      0.0      0.0      3.0      0.0      0.0      0.0      0.0      70.0     0.0      0.0      0.0      0.0      0.0      0.0      1.0      0.0      0.0      0.0      0.0      3.0      0.0      0.0      0.0      53.0     39.0     0.0      0.0      0.0      0.0      0.0      249.0    0.0      0.0      0.0      0.0      0.0      1.0      5.0      7.0      0.0      5.0      91.0     0.0      0.0      8.0      0.0      0.0      0.0      0.0      7.0      99.0     0.0      0.0      0.0      61.0     77.0     0.0      0.0      1.0      0.0      0.0      0.0      0.0      0.0      0.0      0.0      0.0      0.0      0.0      0.0      25.0     270.0    0.0      2.0      0.0      0.0      0.0      0.0      0.0      1.0      4.0      0.0     
0.0      0.0      0.0      0.0      0.0      0.0      0.0      0.0      0.0      37.0     136.0    0.0      0.0      0.0      0.0      0.0      0.0      0.0      20.0     82.0     0.0      4.0      0.0      1.0      1.0      0.0      11.0     0.0      0.0      14.0     2.0      5.0      0.0      0.0      0.0      0.0      1.0      0.0      0.0      0.0      0.0      0.0      29.0     1.0      53.0     0.0      0.0      0.0      0.0      0.0      0.0      0.0      0.0      0.0      0.0      0.0      5.0      0.0      25.0     0.0      0.0      3.0      0.0      1.0      0.0      84.0     155.0    0.0      0.0      0.0      0.0      0.0      1.0      0.0      0.0      4.0      1.0      0.0      0.0      3.0      11.0     9.0      10.0     6.0      51.0     155.0    2.0      11.0     10.0     14.0     14.0     3.0      2.0      17.0     184.0    2.0      7.0      50.0     14.0     4.0      3.0      241.0    7.0      25.0     493.0    1.0      10.0     6.0      119.0    30.0     3.0      38.0     55.0     4.0      1.0      2.0      0.0      19.0     26.0     134.0    14.0     7.0      3.0      55.0     2.0      2.0      0.0      20.0     0.0      2.0      0.0      56.0     0.0      16.0     0.0      2.0      29.0     24.0     4.0      0.0      1004.0   184.0    7.0      5.0      1.0      2.0      6.0      24.0     131.0    3.0     
14.0     0.0      81.0     8.0      16.0     149.0    79.0     58.0     18.0     126.0    188.0    26.0     7.0      12.0     18.0     542.0    11.0     5.0      42.0     83.0     0.0      40.0     6.0      30.0     13.0     4.0      220.0    5.0      64.0     291.0    83.0     17.0     1.0      12.0     3.0      1.0      46.0     78.0     6.0      9.0      4.0      0.0      3.0      10.0     173.0    4.0      80.0     2.0      6.0      7.0      1.0      0.0      11.0     14.0     18.0     3.0      59.0     0.0      55.0     0.0      0.0      34.0     2.0      45.0     5.0      158.0    1477.0   12.0     13.0     3.0      15.0     104.0    19.0     29.0     2.0      9.0      0.0      102.0    3.0      102.0    286.0    157.0    174.0    193.0    139.0    145.0    13.0     3.0      13.0     90.0     987.0    4.0      4.0      18.0     76.0     0.0      98.0     53.0     48.0     0.0      3.0      397.0    9.0      31.0     475.0    77.0     19.0     0.0      5.0      11.0     1.0      8.0      4.0      0.0      3.0      5.0      0.0      32.0     25.0     195.0    4.0      155.0    0.0      7.0      3.0      3.0      2.0      27.0     14.0     52.0     3.0      102.0    0.0      8.0      0.0      0.0      121.0    17.0     104.0    2.0      184.0    2609.0   81.0     1.0      10.0     37.0     123.0    9.0      6.0      0.0     
0.0      0.0      1.0      4.0      0.0      0.0      0.0      0.0      0.0      1.0      1.0      2.0      0.0      0.0      0.0      1.0      5.0      1.0      1.0      3.0      0.0      0.0      4.0      0.0      2.0      0.0      32.0     0.0      0.0      32.0     0.0      17.0     0.0      1.0      4.0      0.0      3.0      4.0      0.0      0.0      1.0      0.0      1.0      8.0      0.0      0.0      4.0      0.0      2.0      3.0      0.0      0.0      0.0      0.0      0.0      0.0      5.0      0.0      1.0      0.0      0.0      0.0      0.0      0.0      0.0      2.0      60.0     0.0      0.0      0.0      0.0      22.0     1.0      3.0      0.0      0.0      0.0      72.0     12.0     0.0      0.0      0.0      0.0      0.0      1.0      1.0      36.0     0.0      1.0      18.0     0.0      2.0      1.0      13.0     0.0      0.0      1.0      3.0      1.0      90.0     158.0    529.0    649.0    261.0    33.0     0.0      17.0     4.0      18.0     2.0      18.0     25.0     59.0     0.0      0.0      17.0     0.0      0.0      2.0      1.0      342.0    20.0     0.0      5.0      5.0      0.0      0.0      9.0      0.0      0.0      5.0      223.0    0.0      0.0      1.0      3.0      1.0      0.0      0.0      0.0      7.0      81.0     1352.0   84.0     6.0      0.0      1.0      41.0     53.0     6.0     
0.0      0.0      0.0      0.0      0.0      0.0      2.0      7.0      0.0      0.0      0.0      4.0      0.0      0.0      0.0      18.0     0.0      1.0      0.0      1.0      0.0      0.0      0.0      0.0      0.0      0.0      0.0      0.0      0.0      0.0      0.0      0.0      0.0      0.0      0.0      0.0      0.0      0.0      0.0      0.0      0.0      0.0      2.0      0.0      0.0      0.0      0.0      0.0      0.0      2.0      0.0      0.0      0.0      0.0      0.0      0.0      0.0      0.0      0.0      0.0      0.0      1.0      0.0      0.0      0.0      1.0      8.0      0.0      0.0      0.0      0.0      0.0      0.0      0.0      0.0      0.0      0.0      4.0      21.0     0.0      0.0      0.0      8.0      0.0      0.0      0.0      317.0    0.0      5.0      85.0     141.0    1.0      0.0      6.0      0.0      0.0      0.0      0.0      0.0      37.0     4.0      30.0     121.0    389.0    7.0      0.0      0.0      3.0      11.0     0.0      0.0      36.0     85.0     0.0      1.0      5.0      0.0      0.0      0.0      0.0      79.0     0.0      0.0      4.0      2.0      0.0      0.0      89.0     1.0      91.0     4.0      8.0      0.0      1.0      1.0      3.0      0.0      0.0      0.0      0.0      5.0      1.0      84.0     735.0    40.0     0.0      0.0      63.0     39.0     3.0     
0.0      0.0      0.0      0.0      0.0      0.0      0.0      5.0      0.0      0.0      0.0      0.0      0.0      0.0      0.0      11.0     0.0      0.0      0.0      0.0      0.0      0.0      1.0      0.0      0.0      0.0      0.0      0.0      0.0      0.0      0.0      0.0      0.0      0.0      2.0      0.0      0.0      1.0      0.0      0.0      0.0      0.0      0.0      4.0      0.0      0.0      0.0      0.0      0.0      0.0      0.0      0.0      0.0      0.0      0.0      0.0      0.0      0.0      0.0      0.0      0.0      0.0      0.0      0.0      0.0      0.0      12.0     0.0      0.0      0.0      0.0      0.0      0.0      0.0      0.0      0.0      1.0      1.0      0.0      0.0      0.0      0.0      5.0      0.0      0.0      0.0      97.0     0.0      0.0      118.0    147.0    0.0      0.0      5.0      2.0      0.0      2.0      2.0      0.0      15.0     1.0      8.0      13.0     330.0    2.0      0.0      2.0      1.0      2.0      3.0      0.0      1.0      1.0      0.0      0.0      0.0      0.0      4.0      6.0      0.0      9.0      0.0      0.0      4.0      8.0      0.0      1.0      20.0     6.0      42.0     1.0      15.0     0.0      0.0      0.0      0.0      0.0      0.0      0.0      0.0      1.0      10.0     6.0      40.0     481.0    0.0      0.0      2.0      3.0      0.0     
28.0     0.0      0.0      0.0      28.0     41.0     0.0      0.0      0.0      0.0      0.0      0.0      0.0      0.0      0.0      1.0      4.0      0.0      0.0      0.0      0.0      1.0      3.0      4.0      0.0      0.0      0.0      0.0      0.0      0.0      50.0     8.0      0.0      0.0      1.0      0.0      0.0      0.0      0.0      0.0      0.0      0.0      0.0      0.0      0.0      0.0      0.0      0.0      0.0      0.0      0.0      0.0      0.0      0.0      0.0      0.0      0.0      0.0      0.0      0.0      0.0      0.0      0.0      15.0     1.0      0.0      13.0     0.0      0.0      0.0      1.0      0.0      0.0      0.0      0.0      28.0     0.0      0.0      0.0      54.0     73.0     7.0      6.0      5.0      1.0      0.0      0.0      0.0      0.0      0.0      41.0     2.0      2.0      0.0      1.0      0.0      0.0      0.0      23.0     0.0      0.0      0.0      0.0      0.0      2.0      61.0     7.0      0.0      0.0      7.0      0.0      0.0      0.0      0.0      0.0      0.0      0.0      0.0      3.0      0.0      0.0      1.0      2.0      3.0      0.0      0.0      0.0      0.0      0.0      0.0      0.0      0.0      0.0      0.0      0.0      0.0      0.0      0.0      44.0     0.0      2.0      37.0     0.0      0.0      0.0      132.0    2.0      0.0      0.0      0.0     
0.0      0.0      7.0      0.0      0.0      1.0      1.0      0.0      0.0      1.0      1.0      0.0      0.0      0.0      0.0      2.0      0.0      0.0      0.0      0.0      0.0      0.0      2.0      0.0      1.0      0.0      26.0     0.0      5.0      6.0      1.0      0.0      2.0      4.0      0.0      0.0      10.0     15.0     0.0      0.0      0.0      0.0      0.0      1.0      1.0      0.0      1.0      0.0      2.0      0.0      0.0      0.0      0.0      0.0      0.0      1.0      3.0      0.0      0.0      0.0      0.0      0.0      0.0      0.0      0.0      2.0      50.0     0.0      0.0      0.0      0.0      4.0      2.0      8.0      0.0      1.0      0.0      0.0      0.0      11.0     34.0     45.0     91.0     67.0     27.0     0.0      1.0      0.0      2.0      5.0      87.0     0.0      0.0      0.0      0.0      0.0      3.0      12.0     2.0      0.0      0.0      24.0     0.0      0.0      333.0    6.0      0.0      0.0      1.0      0.0      0.0      0.0      0.0      0.0      1.0      0.0      0.0      0.0      3.0      10.0     0.0      59.0     0.0      2.0      0.0      1.0      0.0      1.0      1.0      0.0      0.0      0.0      0.0      0.0      0.0      0.0      7.0      2.0      6.0      0.0      6.0      123.0    1.0      0.0      0.0      2.0      417.0    1.0      0.0      0.0     
0.0      1.0      0.0      0.0      0.0      0.0      0.0      0.0      0.0      2.0      6.0      0.0      0.0      0.0      0.0      0.0      0.0      0.0      8.0      12.0     0.0      3.0      0.0      0.0      11.0     0.0      4.0      0.0      0.0      12.0     0.0      4.0      0.0      2.0      0.0      0.0      0.0      1.0      0.0      0.0      0.0      0.0      3.0      0.0      3.0      0.0      0.0      0.0      0.0      0.0      0.0      0.0      0.0      0.0      0.0      0.0      5.0      0.0      13.0     0.0      0.0      3.0      0.0      0.0      0.0      12.0     10.0     0.0      0.0      0.0      0.0      0.0      0.0      2.0      0.0      1.0      16.0     0.0      53.0     0.0      0.0      0.0      0.0      0.0      1.0      3.0      86.0     7.0      15.0     4.0      1.0      15.0     6.0      39.0     50.0     4.0      8.0      2.0      40.0     81.0     50.0     150.0    36.0     104.0    117.0    0.0      3.0      1.0      7.0      3.0      2.0      398.0    685.0    2.0      0.0      8.0      0.0      100.0    70.0     7.0      29.0     0.0      2.0      10.0     20.0     25.0     25.0     21.0     0.0      0.0      24.0     57.0     2.0      16.0     23.0     35.0     10.0     27.0     2.0      1.0      24.0     9.0      41.0     63.0     2.0      0.0      1.0      1095.0   297.0    0.0     
0.0      2.0      0.0      0.0      0.0      0.0      0.0      0.0      0.0      3.0      7.0      0.0      0.0      0.0      0.0      0.0      0.0      0.0      6.0      12.0     0.0      5.0      0.0      0.0      6.0      0.0      5.0      0.0      0.0      11.0     0.0      0.0      1.0      2.0      1.0      0.0      1.0      2.0      0.0      0.0      0.0      0.0      13.0     1.0      6.0      0.0      0.0      0.0      1.0      0.0      0.0      0.0      0.0      0.0      0.0      0.0      0.0      0.0      9.0      0.0      0.0      5.0      0.0      0.0      0.0      10.0     8.0      0.0      0.0      0.0      0.0      1.0      0.0      2.0      0.0      1.0      15.0     0.0      152.0    0.0      0.0      0.0      0.0      0.0      0.0      1.0      109.0    11.0     19.0     3.0      4.0      34.0     14.0     319.0    77.0     13.0     26.0     0.0      34.0     454.0    188.0    184.0    59.0     125.0    209.0    0.0      0.0      3.0      352.0    42.0     8.0      195.0    771.0    2.0      1.0      25.0     0.0      96.0     23.0     2.0      68.0     0.0      12.0     183.0    37.0     8.0      27.0     7.0      0.0      1.0      115.0    89.0     0.0      75.0     42.0     104.0    11.0     15.0     1.0      4.0      131.0    6.0      53.0     39.0     3.0      0.0      0.0      297.0    1818.0   4.0     
0.0      0.0      0.0      0.0      0.0      0.0      0.0      0.0      0.0      0.0      0.0      0.0      0.0      0.0      0.0      0.0      0.0      0.0      0.0      0.0      0.0      0.0      0.0      0.0      0.0      0.0      1.0      0.0      0.0      3.0      0.0      0.0      0.0      0.0      0.0      0.0      0.0      0.0      0.0      0.0      0.0      0.0      0.0      0.0      0.0      0.0      0.0      0.0      0.0      0.0      0.0      0.0      0.0      0.0      0.0      0.0      0.0      0.0      0.0      0.0      0.0      0.0      0.0      0.0      0.0      0.0      0.0      0.0      0.0      0.0      0.0      1.0      0.0      0.0      0.0      0.0      0.0      0.0      0.0      0.0      0.0      0.0      0.0      0.0      0.0      0.0      5.0      0.0      1.0      0.0      0.0      0.0      1.0      0.0      0.0      0.0      0.0      0.0      1.0      0.0      0.0      44.0     1.0      5.0      45.0     0.0      0.0      14.0     84.0     1.0      25.0     0.0      1.0      0.0      0.0      35.0     0.0      0.0      0.0      0.0      0.0      0.0      0.0      4.0      2.0      0.0      0.0      0.0      0.0      0.0      0.0      10.0     0.0      0.0      0.0      0.0      0.0      1.0      0.0      0.0      3.0      0.0      6.0      3.0      0.0      0.0      0.0      0.0      4.0      102.0   
