1479.0   3.0      0.0      0.0      550.0    95.0     39.0     23.0     3.0      7.0      63.0     8.0      17.0     1.0      94.0     112.0    5.0      39.0     17.0     58.0     1.0      18.0     3.0      557.0    21.0     2.0      71.0     22.0     28.0     64.0     529.0    43.0     1.0      84.0     114.0    3.0      18.0     18.0     0.0      2.0      6.0      0.0      111.0    92.0     117.0    3.0      17.0     32.0     73.0     9.0      0.0      34.0     19.0     56.0     14.0     0.0      9.0      4.0      17.0     0.0      0.0      39.0     2.0      6.0      95.0     24.0     37.0     45.0     7.0      9.0      40.0     22.0     11.0     12.0     2.0      138.0    0.0      0.0      0.0      126.0    105.0    1.0      2.0      0.0      0.0      0.0      0.0      1.0      0.0      8.0      141.0    1.0      2.0      0.0      0.0      0.0      0.0      0.0      16.0     1.0      1.0      1.0      0.0      1.0      0.0      51.0     5.0      0.0      1.0      4.0      0.0      0.0      0.0      1.0      0.0      0.0      0.0      0.0      6.0      0.0      0.0      0.0      3.0      1.0      0.0      0.0      0.0      1.0      21.0     0.0      1.0      0.0      0.0      0.0      0.0      0.0      0.0      0.0      3.0      1.0      0.0      50.0     0.0      1.0      1.0      38.0     0.0      1.0      0.0      0.0     
3.0      202.0    0.0      0.0      1.0      0.0      0.0      0.0      0.0      0.0      3.0      0.0      0.0      0.0      0.0      1.0      0.0      0.0      79.0     29.0     61.0     2.0      1.0      1.0      1.0      0.0      3.0      0.0      1.0      0.0      1.0      1.0      0.0      8.0      5.0      0.0      5.0      1.0      0.0      0.0      0.0      0.0      32.0     4.0      5.0      0.0      0.0      0.0      9.0      1.0      1.0      37.0     0.0      0.0      0.0      0.0      3.0      20.0     24.0     13.0     20.0     19.0     0.0      0.0      0.0      1.0      0.0      1.0      1.0      0.0      0.0      0.0      10.0     2.0      0.0      0.0      0.0      0.0      0.0      0.0      0.0      0.0      0.0      0.0      0.0      0.0      0.0      0.0      0.0      0.0      0.0      0.0      0.0      0.0      0.0      0.0      0.0      0.0      0.0      0.0      0.0      0.0      0.0      0.0      0.0      0.0      1.0      0.0      0.0      0.0      0.0      0.0      0.0      0.0      0.0      0.0      0.0      0.0      0.0      0.0      0.0      0.0      0.0      0.0      0.0      0.0      0.0      0.0      0.0      0.0      0.0      0.0      0.0      0.0      0.0      0.0      0.0      0.0      0.0      0.0      0.0      0.0      0.0      0.0      0.0      0.0      0.0      0.0      0.0      0.0     
0.0      0.0      717.0    0.0      2.0      1.0      3.0      30.0     0.0      0.0      0.0      0.0      1.0      0.0      0.0      68.0     0.0      0.0      0.0      0.0      0.0      0.0      0.0      0.0      1.0      1.0      50.0     26.0     76.0     25.0     0.0      0.0      0.0      0.0      0.0      0.0      0.0      0.0      0.0      0.0      0.0      0.0      0.0      1.0      0.0      65.0     79.0     0.0      0.0      0.0      1.0      0.0      0.0      0.0      0.0      0.0      0.0      0.0      0.0      0.0      0.0      0.0      0.0      0.0      0.0      0.0      4.0      53.0     0.0      0.0      1.0      0.0      1.0      0.0      0.0      0.0      0.0      74.0     0.0      0.0      0.0      0.0      7.0      0.0      4.0      0.0      0.0      0.0      0.0      0.0      20.0     0.0      0.0      0.0      0.0      0.0      0.0      1.0      0.0      0.0      0.0      13.0     1.0      22.0     27.0     0.0      0.0      0.0      0.0      1.0      0.0      0.0      0.0      0.0      0.0      0.0      0.0      0.0      2.0      0.0      2.0      29.0     0.0      0.0      0.0      0.0      0.0      0.0      0.0      0.0      0.0      0.0      0.0      0.0      0.0      0.0      0.0      0.0      0.0      0.0      1.0      30.0     3.0      0.0      0.0      0.0      6.0      0.0      0.0      0.0     
0.0      0.0      0.0      323.0    0.0      0.0      0.0      0.0      0.0      0.0      0.0      50.0     0.0      0.0      1.0      3.0      1.0      1.0      0.0      1.0      0.0      0.0      0.0      0.0      80.0     42.0     122.0    65.0     49.0     0.0      0.0      0.0      0.0      3.0      2.0      2.0      4.0      17.0     0.0      0.0      7.0      0.0      3.0      1.0      1.0      44.0     0.0      0.0      6.0      48.0     0.0      1.0      0.0      1.0      0.0      8.0      87.0     0.0      0.0      0.0      0.0      0.0      0.0      0.0      0.0      0.0      0.0      98.0     56.0     0.0      0.0      0.0      13.0     21.0     1.0      0.0      0.0      0.0      0.0      0.0      0.0      0.0      0.0      0.0      0.0      0.0      0.0      0.0      0.0      0.0      0.0      0.0      0.0      0.0      0.0      0.0      0.0      0.0      0.0      0.0      0.0      0.0      0.0      0.0      0.0      0.0      0.0      0.0      0.0      0.0      0.0      0.0      0.0      0.0      0.0      0.0      0.0      0.0      0.0      0.0      0.0      0.0      0.0      0.0      0.0      0.0      0.0      0.0      0.0      0.0      0.0      0.0      0.0      0.0      0.0      0.0      0.0      0.0      0.0      0.0      0.0      0.0      0.0      0.0      0.0      0.0      0.0      0.0      0.0      0.0     
550.0    1.0      2.0      0.0      1206.0   128.0    42.0     15.0     4.0      9.0      31.0     1.0      33.0     0.0      50.0     385.0    2.0      8.0      14.0     31.0     0.0      20.0     3.0      78.0     5.0      0.0      74.0     4.0      2.0      43.0     124.0    11.0     1.0      38.0     36.0     2.0      15.0     9.0      0.0      0.0      3.0      0.0      39.0     20.0     59.0     0.0      16.0     18.0     55.0     3.0      0.0      9.0      0.0      51.0     1.0      0.0      3.0      2.0      11.0     0.0      0.0      31.0     6.0      3.0      11.0     7.0      63.0     33.0     1.0      0.0      104.0    24.0     10.0     7.0      0.0      96.0     0.0      0.0      0.0      204.0    139.0    1.0      1.0      0.0      0.0      0.0      0.0      5.0      3.0      9.0      192.0    1.0      1.0      0.0      0.0      0.0      0.0      0.0      22.0     0.0      0.0      0.0      0.0      0.0      0.0      24.0     0.0      0.0      0.0      1.0      0.0      0.0      0.0      4.0      0.0      0.0      0.0      0.0      2.0      0.0      0.0      0.0      3.0      0.0      1.0      0.0      0.0      0.0      36.0     0.0      0.0      0.0      0.0      0.0      0.0      0.0      0.0      12.0     4.0      1.0      0.0      109.0    0.0      0.0      1.0      23.0     0.0      0.0      1.0      0.0     
95.0     0.0      1.0      0.0      128.0    685.0    219.0    106.0    38.0     23.0     1.0      0.0      6.0      0.0      4.0      291.0    3.0      1.0      0.0      5.0      0.0      1.0      1.0      76.0     2.0      0.0      53.0     0.0      0.0      168.0    201.0    47.0     0.0      0.0      0.0      0.0      0.0      0.0      0.0      0.0      0.0      0.0      5.0      2.0      7.0      0.0      111.0    0.0      1.0      0.0      0.0      0.0      0.0      4.0      0.0      0.0      2.0      0.0      0.0      0.0      0.0      0.0      1.0      93.0     5.0      2.0      247.0    0.0      0.0      0.0      97.0     102.0    0.0      0.0      0.0      57.0     0.0      0.0      0.0      69.0     112.0    1.0      1.0      0.0      0.0      1.0      3.0      1.0      0.0      8.0      97.0     9.0      7.0      0.0      2.0      0.0      1.0      0.0      54.0     0.0      0.0      2.0      1.0      0.0      1.0      31.0     14.0     0.0      3.0      14.0     0.0      0.0      0.0      0.0      0.0      0.0      0.0      0.0      11.0     2.0      0.0      0.0      5.0      2.0      1.0      0.0      1.0      1.0      4.0      5.0      0.0      0.0      0.0      0.0      0.0      0.0      1.0      1.0      29.0     14.0     0.0      113.0    1.0      0.0      0.0      30.0     0.0      0.0      0.0      0.0     
39.0     0.0      3.0      0.0      42.0     219.0    366.0    169.0    50.0     22.0     0.0      0.0      0.0      0.0      1.0      139.0    2.0      0.0      0.0      0.0      0.0      1.0      0.0      31.0     0.0      0.0      48.0     0.0      0.0      184.0    75.0     10.0     0.0      0.0      0.0      0.0      0.0      0.0      0.0      0.0      0.0      0.0      1.0      0.0      3.0      0.0      136.0    0.0      1.0      0.0      0.0      0.0      0.0      1.0      1.0      0.0      2.0      0.0      0.0      0.0      0.0      0.0      0.0      35.0     0.0      3.0      175.0    0.0      0.0      0.0      32.0     102.0    0.0      0.0      0.0      0.0      0.0      0.0      2.0      4.0      4.0      1.0      2.0      1.0      0.0      0.0      3.0      0.0      2.0      12.0     16.0     2.0      1.0      0.0      0.0      0.0      0.0      0.0      1.0      0.0      1.0      0.0      0.0      2.0      0.0      0.0      1.0      0.0      1.0      0.0      0.0      0.0      0.0      0.0      0.0      0.0      0.0      0.0      0.0      0.0      0.0      0.0      0.0      1.0      3.0      0.0      0.0      6.0      2.0      5.0      1.0      0.0      0.0      0.0      0.0      0.0      0.0      0.0      3.0      0.0      2.0      20.0     0.0      4.0      0.0      0.0      2.0      0.0      1.0      0.0     
23.0     0.0      30.0     0.0      15.0     106.0    169.0    405.0    82.0     24.0     0.0      0.0      0.0      0.0      4.0      131.0    2.0      0.0      0.0      0.0      0.0      1.0      0.0      20.0     0.0      0.0      39.0     0.0      2.0      158.0    50.0     8.0      0.0      0.0      0.0      0.0      0.0      0.0      0.0      0.0      0.0      0.0      0.0      0.0      1.0      0.0      136.0    0.0      0.0      0.0      0.0      0.0      0.0      0.0      1.0      0.0      1.0      0.0      0.0      0.0      0.0      0.0      0.0      23.0     0.0      9.0      157.0    0.0      0.0      6.0      11.0     102.0    0.0      1.0      0.0      3.0      0.0      3.0      0.0      1.0      0.0      2.0      2.0      0.0      0.0      0.0      2.0      0.0      0.0      2.0      54.0     0.0      0.0      0.0      0.0      0.0      0.0      0.0      1.0      0.0      0.0      0.0      0.0      12.0     5.0      1.0      0.0      0.0      0.0      0.0      0.0      0.0      0.0      0.0      0.0      0.0      0.0      0.0      0.0      0.0      0.0      2.0      0.0      0.0      1.0      0.0      0.0      0.0      0.0      1.0      0.0      0.0      0.0      0.0      0.0      0.0      0.0      0.0      0.0      0.0      1.0      22.0     0.0      9.0      2.0      0.0      3.0      0.0      0.0      0.0     
3.0      0.0      0.0      0.0      4.0      38.0     50.0     82.0     169.0    79.0     0.0      0.0      0.0      0.0      0.0      33.0     1.0      0.0      0.0      0.0      0.0      0.0      0.0      6.0      0.0      0.0      18.0     0.0      0.0      55.0     9.0      3.0      0.0      0.0      0.0      0.0      1.0      1.0      0.0      0.0      0.0      0.0      0.0      1.0      0.0      0.0      36.0     0.0      0.0      0.0      0.0      0.0      0.0      0.0      0.0      0.0      1.0      0.0      0.0      0.0      0.0      0.0      0.0      2.0      0.0      11.0     103.0    0.0      0.0      0.0      5.0      62.0     0.0      1.0      0.0      0.0      0.0      3.0      0.0      3.0      4.0      3.0      1.0      0.0      0.0      0.0      0.0      0.0      0.0      1.0      17.0     1.0      1.0      0.0      0.0      0.0      0.0      0.0      1.0      0.0      0.0      0.0      0.0      0.0      1.0      0.0      1.0      0.0      0.0      0.0      0.0      0.0      0.0      0.0      0.0      0.0      0.0      0.0      0.0      0.0      0.0      0.0      0.0      0.0      0.0      0.0      0.0      0.0      0.0      2.0      0.0      0.0      0.0      0.0      0.0      0.0      0.0      0.0      3.0      0.0      0.0      17.0     0.0      0.0      0.0      0.0      0.0      0.0      0.0      0.0     
7.0      0.0      0.0      0.0      9.0      23.0     22.0     24.0     79.0     325.0    8.0      0.0      0.0      0.0      1.0      48.0     1.0      0.0      4.0      15.0     0.0      14.0     90.0     3.0      0.0      0.0      81.0     0.0      0.0      47.0     6.0      1.0      0.0      4.0      11.0     0.0      1.0      1.0      0.0      0.0      0.0      0.0      2.0      8.0      83.0     0.0      1.0      0.0      2.0      0.0      0.0      0.0      0.0      0.0      0.0      0.0      1.0      0.0      6.0      0.0      2.0      3.0      0.0      1.0      0.0      94.0     122.0    0.0      0.0      0.0      5.0      35.0     3.0      6.0      0.0      0.0      0.0      6.0      0.0      3.0      4.0      1.0      0.0      0.0      0.0      2.0      0.0      0.0      0.0      1.0      14.0     1.0      1.0      1.0      3.0      0.0      1.0      0.0      1.0      0.0      0.0      5.0      0.0      0.0      3.0      0.0      1.0      0.0      1.0      2.0      0.0      0.0      0.0      0.0      0.0      0.0      0.0      0.0      2.0      2.0      0.0      1.0      0.0      0.0      0.0      0.0      2.0      0.0      0.0      1.0      0.0      1.0      0.0      2.0      0.0      0.0      4.0      0.0      3.0      0.0      5.0      30.0     0.0      0.0      0.0      0.0      0.0      0.0      0.0      0.0     
63.0     3.0      0.0      0.0      31.0     1.0      0.0      0.0      0.0      8.0      562.0    0.0      1.0      0.0      9.0      38.0     0.0      0.0      5.0      223.0    5.0      45.0     24.0     43.0     0.0      0.0      0.0      0.0      4.0      0.0      34.0     18.0     0.0      9.0      14.0     0.0      3.0      2.0      0.0      0.0      0.0      0.0      7.0      38.0     296.0    0.0      0.0      1.0      42.0     0.0      2.0      1.0      0.0      4.0      5.0      0.0      0.0      6.0      0.0      0.0      4.0      98.0     0.0      2.0      3.0      145.0    150.0    0.0      1.0      1.0      3.0      0.0      2.0      4.0      0.0      0.0      0.0      0.0      0.0      0.0      0.0      0.0      0.0      0.0      3.0      27.0     0.0      0.0      0.0      0.0      0.0      0.0      0.0      56.0     63.0     0.0      0.0      0.0      0.0      0.0      0.0      4.0      0.0      0.0      2.0      0.0      5.0      0.0      2.0      2.0      0.0      7.0      0.0      0.0      0.0      0.0      0.0      4.0      0.0      13.0     0.0      0.0      0.0      0.0      0.0      0.0      1.0      0.0      0.0      0.0      0.0      2.0      6.0      55.0     5.0      1.0      5.0      0.0      0.0      0.0      41.0     130.0    0.0      0.0      0.0      0.0      0.0      2.0      7.0      0.0     
8.0      0.0      0.0      50.0     1.0      0.0      0.0      0.0      0.0      0.0      0.0      714.0    6.0      17.0     95.0     74.0     1.0      0.0      0.0      1.0      0.0      0.0      0.0      1.0      137.0    20.0     103.0    71.0     15.0     0.0      0.0      0.0      0.0      2.0      1.0      1.0      7.0      44.0     4.0      26.0     5.0      0.0      4.0      1.0      1.0      14.0     0.0      0.0      4.0      87.0     0.0      1.0      38.0     13.0     36.0     17.0     101.0    0.0      1.0      0.0      0.0      0.0      5.0      0.0      0.0      0.0      2.0      96.0     123.0    5.0      0.0      0.0      22.0     101.0    2.0      0.0      0.0      0.0      0.0      0.0      3.0      4.0      2.0      0.0      0.0      0.0      2.0      0.0      0.0      0.0      11.0     0.0      1.0      0.0      0.0      0.0      0.0      0.0      0.0      1.0      0.0      1.0      0.0      0.0      0.0      0.0      0.0      0.0      0.0      0.0      0.0      0.0      0.0      0.0      0.0      0.0      0.0      0.0      1.0      0.0      0.0      0.0      0.0      0.0      3.0      0.0      0.0      0.0      0.0      0.0      1.0      0.0      0.0      0.0      0.0      0.0      0.0      0.0      0.0      0.0      0.0      1.0      0.0      1.0      0.0      0.0      0.0      0.0      0.0      0.0     
17.0     0.0      1.0      0.0      33.0     6.0      0.0      0.0      0.0      0.0      1.0      6.0      204.0    27.0     27.0     56.0     8.0      16.0     1.0      4.0      0.0      0.0      0.0      42.0     7.0      0.0      4.0      0.0      0.0      3.0      2.0      0.0      0.0      2.0      2.0      0.0      1.0      1.0      49.0     0.0      0.0      0.0      5.0      0.0      2.0      0.0      1.0      51.0     10.0     31.0     0.0      3.0      0.0      18.0     1.0      6.0      0.0      1.0      2.0      0.0      0.0      0.0      16.0     0.0      2.0      1.0      0.0      1.0      0.0      0.0      0.0      0.0      1.0      5.0      0.0      0.0      0.0      0.0      0.0      0.0      2.0      0.0      0.0      0.0      0.0      0.0      0.0      0.0      0.0      0.0      3.0      0.0      0.0      0.0      0.0      0.0      0.0      0.0      0.0      0.0      0.0      0.0      0.0      0.0      0.0      0.0      0.0      0.0      0.0      0.0      0.0      0.0      0.0      0.0      0.0      0.0      0.0      0.0      0.0      0.0      0.0      0.0      0.0      0.0      0.0      0.0      0.0      0.0      0.0      0.0      0.0      0.0      0.0      0.0      0.0      0.0      0.0      0.0      0.0      0.0      0.0      0.0      0.0      0.0      0.0      0.0      0.0      0.0      0.0      0.0     
1.0      0.0      0.0      0.0      0.0      0.0      0.0      0.0      0.0      0.0      0.0      17.0     27.0     203.0    17.0     79.0     2.0      1.0      1.0      2.0      0.0      0.0      0.0      2.0      6.0      0.0      9.0      10.0     5.0      1.0      0.0      0.0      0.0      2.0      2.0      0.0      1.0      2.0      41.0     25.0     0.0      0.0      2.0      2.0      2.0      5.0      0.0      0.0      8.0      19.0     0.0      2.0      32.0     7.0      12.0     3.0      3.0      0.0      2.0      0.0      0.0      0.0      8.0      0.0      0.0      0.0      0.0      9.0      1.0      3.0      0.0      0.0      1.0      5.0      0.0      0.0      0.0      0.0      0.0      0.0      3.0      0.0      0.0      0.0      0.0      0.0      0.0      0.0      0.0      0.0      4.0      0.0      0.0      0.0      0.0      0.0      0.0      0.0      0.0      0.0      0.0      0.0      0.0      0.0      0.0      0.0      0.0      0.0      0.0      0.0      0.0      0.0      0.0      0.0      0.0      0.0      0.0      0.0      0.0      0.0      0.0      0.0      0.0      0.0      1.0      0.0      0.0      0.0      0.0      0.0      0.0      0.0      0.0      0.0      0.0      0.0      0.0      0.0      0.0      0.0      0.0      0.0      0.0      0.0      0.0      0.0      0.0      0.0      0.0      0.0     
94.0     0.0      0.0      1.0      50.0     4.0      1.0      4.0      0.0      1.0      9.0      95.0     27.0     17.0     1855.0   320.0    53.0     63.0     8.0      20.0     0.0      5.0      0.0      33.0     33.0     4.0      94.0     237.0    234.0    7.0      1.0      0.0      0.0      36.0     56.0     0.0      7.0      47.0     5.0      4.0      4.0      0.0      18.0     7.0      19.0     105.0    0.0      4.0      148.0    108.0    0.0      4.0      378.0    417.0    252.0    8.0      14.0     5.0      11.0     0.0      0.0      8.0      21.0     0.0      2.0      1.0      16.0     189.0    68.0     141.0    0.0      2.0      28.0     52.0     0.0      2.0      0.0      0.0      2.0      2.0      17.0     10.0     0.0      0.0      0.0      0.0      20.0     4.0      15.0     19.0     53.0     1.0      3.0      0.0      0.0      0.0      0.0      0.0      0.0      4.0      2.0      0.0      0.0      4.0      2.0      1.0      1.0      0.0      0.0      0.0      0.0      0.0      0.0      9.0      1.0      3.0      0.0      0.0      0.0      0.0      0.0      0.0      1.0      0.0      19.0     0.0      0.0      9.0      7.0      9.0      8.0      0.0      0.0      0.0      0.0      0.0      0.0      2.0      0.0      0.0      0.0      6.0      0.0      6.0      0.0      0.0      0.0      0.0      3.0      0.0     
112.0    1.0      68.0     3.0      385.0    291.0    139.0    131.0    33.0     48.0     38.0     74.0     56.0     79.0     320.0    4984.0   86.0     82.0     49.0     89.0     0.0      26.0     3.0      98.0     35.0     9.0      168.0    5.0      85.0     184.0    10.0     8.0      2.0      95.0     134.0    1.0      27.0     84.0     34.0     9.0      7.0      0.0      146.0    41.0     137.0    2.0      74.0     16.0     473.0    146.0    0.0      37.0     72.0     198.0    279.0    10.0     13.0     15.0     39.0     0.0      1.0      32.0     43.0     2.0      7.0      13.0     373.0    38.0     4.0      42.0     48.0     87.0     63.0     78.0     1.0      31.0     0.0      23.0     5.0      136.0    72.0     13.0     35.0     5.0      9.0      0.0      27.0     7.0      17.0     119.0    560.0    5.0      3.0      0.0      1.0      0.0      0.0      3.0      8.0      2.0      2.0      0.0      0.0      34.0     31.0     8.0      5.0      0.0      3.0      1.0      0.0      0.0      0.0      9.0      2.0      2.0      0.0      0.0      1.0      0.0      2.0      22.0     0.0      3.0      19.0     0.0      0.0      14.0     86.0     81.0     4.0      0.0      0.0      1.0      0.0      0.0      0.0      7.0      1.0      1.0      5.0      416.0    0.0      25.0     1.0      0.0      25.0     0.0      3.0      0.0     
5.0      0.0      0.0      1.0      2.0      3.0      2.0      2.0      1.0      1.0      0.0      1.0      8.0      2.0      53.0     86.0     288.0    200.0    0.0      0.0      0.0      0.0      0.0      9.0      31.0     7.0      11.0     6.0      6.0      1.0      6.0      15.0     0.0      7.0      153.0    0.0      6.0      33.0     0.0      0.0      12.0     0.0      0.0      3.0      0.0      3.0      1.0      11.0     194.0    144.0    0.0      0.0      2.0      37.0     29.0     22.0     4.0      0.0      0.0      0.0      0.0      0.0      3.0      9.0      1.0      0.0      2.0      12.0     2.0      2.0      1.0      1.0      23.0     36.0     0.0      0.0      0.0      0.0      0.0      0.0      0.0      0.0      0.0      0.0      0.0      0.0      0.0      0.0      0.0      0.0      1.0      0.0      0.0      0.0      0.0      0.0      0.0      0.0      0.0      0.0      0.0      0.0      0.0      0.0      0.0      0.0      0.0      0.0      0.0      0.0      0.0      0.0      0.0      0.0      0.0      0.0      0.0      1.0      0.0      0.0      0.0      0.0      0.0      0.0      0.0      0.0      1.0      0.0      0.0      0.0      0.0      0.0      0.0      0.0      0.0      0.0      0.0      0.0      0.0      0.0      0.0      0.0      0.0      0.0      0.0      0.0      0.0      0.0      0.0      0.0     
39.0     0.0      0.0      1.0      8.0      1.0      0.0      0.0      0.0      0.0      0.0      0.0      16.0     1.0      63.0     82.0     200.0    318.0    0.0      0.0      0.0      1.0      1.0      58.0     19.0     4.0      13.0     4.0      5.0      0.0      25.0     19.0     0.0      56.0     169.0    0.0      6.0      21.0     0.0      0.0      2.0      0.0      0.0      17.0     1.0      1.0      0.0      37.0     166.0    146.0    0.0      0.0      6.0      43.0     23.0     13.0     2.0      0.0      0.0      0.0      0.0      1.0      4.0      12.0     16.0     0.0      0.0      11.0     2.0      1.0      4.0      0.0      14.0     22.0     0.0      0.0      0.0      0.0      0.0      0.0      0.0      0.0      0.0      0.0      0.0      0.0      0.0      0.0      0.0      0.0      1.0      0.0      0.0      0.0      0.0      0.0      0.0      0.0      0.0      0.0      0.0      0.0      0.0      0.0      0.0      0.0      0.0      0.0      0.0      0.0      0.0      0.0      0.0      0.0      0.0      0.0      0.0      1.0      0.0      0.0      0.0      0.0      0.0      0.0      0.0      0.0      1.0      0.0      0.0      0.0      0.0      0.0      0.0      0.0      0.0      0.0      0.0      0.0      0.0      0.0      0.0      0.0      0.0      0.0      0.0      0.0      0.0      0.0      0.0      0.0     
17.0     79.0     0.0      0.0      14.0     0.0      0.0      0.0      0.0      4.0      5.0      0.0      1.0      1.0      8.0      49.0     0.0      0.0      857.0    27.0     72.0     1.0      14.0     4.0      97.0     3.0      218.0    0.0      1.0      69.0     5.0      4.0      1.0      28.0     27.0     0.0      75.0     29.0     1.0      0.0      0.0      0.0      13.0     75.0     3.0      0.0      0.0      0.0      64.0     2.0      52.0     6.0      0.0      8.0      1.0      0.0      97.0     76.0     307.0    74.0     58.0     41.0     0.0      0.0      2.0      18.0     16.0     2.0      0.0      1.0      0.0      3.0      75.0     85.0     1.0      0.0      0.0      0.0      0.0      0.0      0.0      0.0      0.0      0.0      0.0      0.0      0.0      0.0      0.0      0.0      0.0      0.0      0.0      7.0      0.0      0.0      0.0      0.0      0.0      2.0      0.0      7.0      0.0      0.0      0.0      0.0      1.0      0.0      0.0      0.0      0.0      0.0      0.0      0.0      0.0      0.0      0.0      0.0      0.0      0.0      0.0      0.0      0.0      0.0      0.0      0.0      0.0      0.0      0.0      0.0      0.0      3.0      0.0      4.0      0.0      0.0      0.0      0.0      0.0      0.0      3.0      15.0     0.0      0.0      0.0      0.0      0.0      0.0      1.0      0.0     
58.0     29.0     0.0      1.0      31.0     5.0      0.0      0.0      0.0      15.0     223.0    1.0      4.0      2.0      20.0     89.0     0.0      0.0      27.0     905.0    47.0     10.0     28.0     32.0     0.0      0.0      11.0     0.0      5.0      3.0      29.0     28.0     0.0      35.0     28.0     0.0      32.0     24.0     0.0      0.0      0.0      0.0      50.0     89.0     96.0     0.0      0.0      2.0      91.0     2.0      23.0     7.0      1.0      3.0      18.0     0.0      8.0      8.0      110.0    4.0      26.0     26.0     0.0      6.0      10.0     101.0    165.0    2.0      1.0      2.0      6.0      0.0      22.0     25.0     0.0      0.0      0.0      0.0      0.0      0.0      0.0      0.0      1.0      0.0      1.0      13.0     0.0      0.0      0.0      0.0      0.0      0.0      0.0      89.0     48.0     0.0      0.0      0.0      0.0      1.0      0.0      4.0      0.0      0.0      12.0     0.0      6.0      0.0      1.0      1.0      0.0      12.0     0.0      0.0      0.0      0.0      0.0      0.0      2.0      5.0      0.0      0.0      0.0      0.0      0.0      0.0      1.0      0.0      0.0      0.0      0.0      2.0      6.0      61.0     7.0      1.0      3.0      0.0      0.0      0.0      40.0     138.0    0.0      0.0      0.0      0.0      0.0      2.0      9.0      0.0     
1.0      61.0     0.0      0.0      0.0      0.0      0.0      0.0      0.0      0.0      5.0      0.0      0.0      0.0      0.0      0.0      0.0      0.0      72.0     47.0     303.0    3.0      13.0     0.0      0.0      0.0      1.0      0.0      0.0      0.0      0.0      0.0      0.0      1.0      0.0      0.0      0.0      0.0      0.0      0.0      0.0      0.0      36.0     22.0     1.0      0.0      0.0      0.0      0.0      0.0      29.0     35.0     0.0      0.0      0.0      0.0      0.0      45.0     53.0     0.0      50.0     104.0    0.0      0.0      0.0      0.0      0.0      0.0      0.0      0.0      0.0      0.0      7.0      0.0      0.0      0.0      0.0      0.0      0.0      0.0      0.0      0.0      0.0      0.0      0.0      0.0      0.0      0.0      0.0      0.0      0.0      0.0      0.0      0.0      0.0      0.0      0.0      0.0      0.0      0.0      0.0      0.0      0.0      0.0      0.0      0.0      0.0      0.0      0.0      0.0      0.0      0.0      0.0      0.0      0.0      0.0      0.0      0.0      0.0      0.0      0.0      0.0      0.0      0.0      0.0      0.0      0.0      0.0      0.0      0.0      0.0      0.0      0.0      0.0      0.0      0.0      0.0      0.0      0.0      0.0      0.0      0.0      0.0      0.0      0.0      0.0      0.0      0.0      0.0      0.0     
18.0     2.0      0.0      0.0      20.0     1.0      1.0      1.0      0.0      14.0     45.0     0.0      0.0      0.0      5.0      26.0     0.0      1.0      1.0      10.0     3.0      239.0    22.0     7.0      0.0      0.0      2.0      0.0      0.0      1.0      4.0      1.0      0.0      17.0     38.0     0.0      0.0      1.0      0.0      0.0      0.0      0.0      8.0      19.0     100.0    0.0      0.0      0.0      58.0     1.0      2.0      20.0     0.0      3.0      0.0      0.0      0.0      0.0      0.0      0.0      0.0      128.0    0.0      0.0      0.0      13.0     10.0     0.0      0.0      0.0      1.0      1.0      0.0      1.0      0.0      0.0      0.0      0.0      0.0      0.0      0.0      0.0      0.0      0.0      2.0      1.0      0.0      0.0      0.0      0.0      0.0      0.0      0.0      1.0      4.0      0.0      0.0      0.0      0.0      0.0      0.0      0.0      0.0      0.0      1.0      0.0      1.0      0.0      0.0      0.0      0.0      0.0      0.0      0.0      0.0      0.0      0.0      2.0      0.0      5.0      0.0      0.0      0.0      0.0      0.0      0.0      0.0      0.0      0.0      0.0      0.0      0.0      0.0      1.0      0.0      0.0      1.0      0.0      0.0      0.0      6.0      9.0      0.0      0.0      0.0      0.0      0.0      0.0      0.0      0.0     
3.0      1.0      0.0      0.0      3.0      1.0      0.0      0.0      0.0      90.0     24.0     0.0      0.0      0.0      0.0      3.0      0.0      1.0      14.0     28.0     13.0     22.0     345.0    3.0      0.0      0.0      71.0     0.0      0.0      37.0     0.0      4.0      0.0      2.0      41.0     0.0      1.0      1.0      0.0      0.0      0.0      0.0      8.0      149.0    160.0    0.0      0.0      1.0      6.0      0.0      46.0     2.0      0.0      1.0      0.0      0.0      1.0      3.0      27.0     0.0      2.0      92.0     0.0      3.0      1.0      125.0    19.0     0.0      0.0      0.0      1.0      0.0      1.0      1.0      0.0      0.0      0.0      0.0      0.0      0.0      0.0      0.0      0.0      0.0      0.0      4.0      0.0      0.0      0.0      0.0      0.0      0.0      0.0      1.0      4.0      0.0      1.0      0.0      0.0      0.0      0.0      1.0      0.0      0.0      0.0      0.0      0.0      0.0      0.0      0.0      0.0      0.0      0.0      0.0      0.0      0.0      0.0      2.0      0.0      3.0      0.0      0.0      0.0      0.0      0.0      0.0      1.0      0.0      0.0      0.0      0.0      0.0      0.0      1.0      0.0      0.0      1.0      0.0      0.0      0.0      4.0      10.0     0.0      0.0      0.0      0.0      0.0      0.0      0.0      0.0     
557.0    1.0      0.0      0.0      78.0     76.0     31.0     20.0     6.0      3.0      43.0     1.0      42.0     2.0      33.0     98.0     9.0      58.0     4.0      32.0     0.0      7.0      3.0      1003.0   9.0      1.0      24.0     4.0      20.0     43.0     491.0    37.0     1.0      72.0     105.0    0.0      12.0     16.0     1.0      0.0      4.0      0.0      73.0     93.0     72.0     0.0      16.0     65.0     36.0     4.0      0.0      22.0     22.0     23.0     4.0      0.0      2.0      2.0      9.0      0.0      0.0      18.0     42.0     66.0     174.0    16.0     40.0     10.0     3.0      9.0      10.0     16.0     4.0      7.0      2.0      72.0     0.0      0.0      0.0      18.0     18.0     0.0      1.0      0.0      0.0      0.0      0.0      0.0      0.0      2.0      32.0     1.0      4.0      0.0      0.0      0.0      1.0      0.0      30.0     0.0      0.0      0.0      0.0      0.0      0.0      31.0     4.0      0.0      2.0      4.0      0.0      0.0      0.0      0.0      0.0      0.0      0.0      0.0      4.0      0.0      0.0      0.0      4.0      2.0      0.0      0.0      1.0      0.0      3.0      0.0      0.0      0.0      0.0      0.0      0.0      0.0      0.0      0.0      9.0      6.0      0.0      4.0      0.0      0.0      0.0      16.0     0.0      1.0      0.0      0.0     
21.0     1.0      1.0      80.0     5.0      2.0      0.0      0.0      0.0      0.0      0.0      137.0    7.0      6.0      33.0     35.0     31.0     19.0     97.0     0.0      0.0      0.0      0.0      9.0      1326.0   78.0     285.0    5.0      9.0      22.0     9.0      16.0     3.0      57.0     19.0     10.0     170.0    205.0    5.0      5.0      15.0     0.0      0.0      14.0     0.0      3.0      0.0      1.0      33.0     77.0     9.0      0.0      12.0     9.0      13.0     236.0    366.0    0.0      33.0     8.0      22.0     0.0      2.0      1.0      2.0      2.0      16.0     17.0     50.0     0.0      1.0      2.0      200.0    563.0    0.0      0.0      0.0      0.0      0.0      0.0      0.0      1.0      0.0      0.0      0.0      0.0      0.0      0.0      0.0      1.0      0.0      0.0      1.0      1.0      0.0      0.0      0.0      0.0      0.0      0.0      1.0      20.0     0.0      0.0      14.0     0.0      5.0      0.0      0.0      0.0      0.0      3.0      1.0      0.0      0.0      1.0      0.0      0.0      0.0      0.0      0.0      0.0      0.0      1.0      1.0      0.0      0.0      0.0      0.0      1.0      0.0      15.0     0.0      0.0      0.0      0.0      0.0      0.0      0.0      0.0      1.0      21.0     0.0      0.0      0.0      0.0      1.0      2.0      5.0      0.0     
2.0      0.0      1.0      42.0     0.0      0.0      0.0      0.0      0.0      0.0      0.0      20.0     0.0      0.0      4.0      9.0      7.0      4.0      3.0      0.0      0.0      0.0      0.0      1.0      78.0     562.0    156.0    6.0      1.0      0.0      1.0      1.0      2.0      74.0     11.0     50.0     85.0     76.0     0.0      0.0      77.0     0.0      0.0      7.0      0.0      3.0      0.0      0.0      23.0     24.0     0.0      0.0      0.0      4.0      0.0      35.0     68.0     1.0      0.0      2.0      8.0      0.0      0.0      0.0      0.0      0.0      0.0      136.0    19.0     0.0      0.0      0.0      109.0    121.0    3.0      0.0      0.0      0.0      0.0      0.0      0.0      0.0      0.0      0.0      0.0      0.0      0.0      0.0      0.0      0.0      0.0      0.0      0.0      0.0      0.0      0.0      0.0      0.0      0.0      0.0      0.0      0.0      0.0      0.0      0.0      0.0      1.0      0.0      0.0      0.0      0.0      0.0      0.0      0.0      0.0      0.0      0.0      0.0      0.0      0.0      0.0      0.0      0.0      0.0      0.0      0.0      0.0      0.0      0.0      0.0      0.0      0.0      0.0      0.0      0.0      0.0      0.0      0.0      0.0      0.0      0.0      0.0      0.0      0.0      0.0      0.0      0.0      0.0      0.0      0.0     
71.0     3.0      50.0     122.0    74.0     53.0     48.0     39.0     18.0     81.0     0.0      103.0    4.0      9.0      94.0     168.0    11.0     13.0     218.0    11.0     1.0      2.0      71.0     24.0     285.0    156.0    3737.0   126.0    161.0    460.0    30.0     39.0     42.0     174.0    58.0     10.0     241.0    159.0    1.0      10.0     6.0      0.0      0.0      78.0     50.0     57.0     91.0     3.0      135.0    33.0     27.0     1.0      46.0     34.0     2.0      22.0     539.0    3.0      95.0     27.0     45.0     6.0      2.0      1.0      2.0      142.0    163.0    532.0    73.0     0.0      19.0     93.0     210.0    306.0    45.0     0.0      0.0      23.0     0.0      2.0      2.0      9.0      10.0     0.0      2.0      0.0      0.0      0.0      0.0      1.0      28.0     0.0      1.0      9.0      1.0      0.0      0.0      0.0      0.0      6.0      0.0      105.0    0.0      6.0      129.0    0.0      19.0     0.0      3.0      1.0      0.0      3.0      7.0      0.0      0.0      0.0      0.0      0.0      2.0      0.0      0.0      20.0     0.0      3.0      1.0      0.0      0.0      0.0      0.0      0.0      0.0      49.0     0.0      2.0      0.0      0.0      0.0      0.0      0.0      0.0      2.0      100.0    3.0      0.0      0.0      0.0      22.0     5.0      17.0     0.0     
22.0     0.0      26.0     65.0     4.0      0.0      0.0      0.0      0.0      0.0      0.0      71.0     0.0      10.0     237.0    5.0      6.0      4.0      0.0      0.0      0.0      0.0      0.0      4.0      5.0      6.0      126.0    1099.0   306.0    0.0      1.0      4.0      0.0      7.0      8.0      1.0      1.0      6.0      0.0      12.0     1.0      0.0      7.0      7.0      0.0      372.0    1.0      0.0      20.0     8.0      0.0      3.0      126.0    17.0     1.0      0.0      27.0     0.0      0.0      0.0      0.0      0.0      2.0      0.0      0.0      0.0      0.0      763.0    72.0     35.0     0.0      0.0      5.0      5.0      0.0      0.0      0.0      0.0      0.0      0.0      0.0      1.0      1.0      0.0      0.0      0.0      0.0      0.0      0.0      0.0      1.0      0.0      0.0      0.0      0.0      1.0      0.0      0.0      0.0      0.0      0.0      0.0      0.0      0.0      0.0      0.0      2.0      0.0      0.0      0.0      0.0      0.0      0.0      0.0      0.0      0.0      0.0      0.0      0.0      0.0      0.0      0.0      0.0      0.0      0.0      0.0      0.0      0.0      0.0      0.0      0.0      0.0      0.0      0.0      0.0      0.0      0.0      0.0      0.0      0.0      0.0      0.0      0.0      0.0      0.0      0.0      0.0      0.0      0.0      0.0     
28.0     1.0      76.0     49.0     2.0      0.0      0.0      2.0      0.0      0.0      4.0      15.0     0.0      5.0      234.0    85.0     6.0      5.0      1.0      5.0      0.0      0.0      0.0      20.0     9.0      1.0      161.0    306.0    1595.0   1.0      2.0      1.0      0.0      2.0      9.0      0.0      2.0      4.0      0.0      3.0      0.0      0.0      28.0     8.0      13.0     264.0    1.0      0.0      37.0     7.0      0.0      4.0      47.0     23.0     12.0     0.0      45.0     2.0      0.0      0.0      1.0      0.0      0.0      0.0      0.0      0.0      0.0      314.0    200.0    218.0    0.0      0.0      4.0      4.0      0.0      2.0      0.0      25.0     0.0      0.0      0.0      0.0      15.0     0.0      0.0      0.0      3.0      0.0      0.0      1.0      40.0     0.0      0.0      0.0      0.0      0.0      0.0      0.0      0.0      0.0      0.0      1.0      2.0      23.0     4.0      0.0      1.0      0.0      0.0      0.0      0.0      0.0      0.0      0.0      0.0      0.0      0.0      0.0      0.0      0.0      2.0      5.0      0.0      0.0      0.0      0.0      0.0      0.0      0.0      1.0      0.0      0.0      0.0      0.0      0.0      0.0      0.0      0.0      0.0      0.0      0.0      5.0      1.0      4.0      1.0      0.0      1.0      0.0      0.0      0.0     
64.0     0.0      25.0     0.0      43.0     168.0    184.0    158.0    55.0     47.0     0.0      0.0      3.0      1.0      7.0      184.0    1.0      0.0      69.0     3.0      0.0      1.0      37.0     43.0     22.0     0.0      460.0    0.0      1.0      1553.0   74.0     14.0     21.0     109.0    36.0     0.0      57.0     31.0     3.0      0.0      1.0      0.0      0.0      33.0     41.0     0.0      272.0    2.0      95.0     0.0      9.0      0.0      0.0      4.0      2.0      0.0      37.0     0.0      48.0     9.0      9.0      3.0      0.0      22.0     4.0      126.0    189.0    1.0      0.0      0.0      14.0     393.0    48.0     169.0    8.0      2.0      0.0      39.0     0.0      4.0      0.0      7.0      10.0     0.0      0.0      0.0      0.0      0.0      0.0      1.0      27.0     0.0      1.0      8.0      0.0      0.0      0.0      1.0      1.0      5.0      2.0      109.0    0.0      7.0      65.0     0.0      0.0      0.0      5.0      1.0      0.0      3.0      6.0      0.0      0.0      2.0      0.0      0.0      1.0      0.0      0.0      20.0     0.0      1.0      1.0      0.0      0.0      0.0      0.0      1.0      0.0      64.0     0.0      0.0      1.0      0.0      0.0      0.0      0.0      0.0      0.0      49.0     5.0      0.0      0.0      0.0      6.0      2.0      17.0     0.0     
529.0    1.0      0.0      0.0      124.0    201.0    75.0     50.0     9.0      6.0      34.0     0.0      2.0      0.0      1.0      10.0     6.0      25.0     5.0      29.0     0.0      4.0      0.0      491.0    9.0      1.0      30.0     1.0      2.0      74.0     886.0    79.0     1.0      28.0     59.0     0.0      9.0      7.0      0.0      0.0      4.0      0.0      52.0     90.0     60.0     0.0      39.0     11.0     11.0     0.0      0.0      18.0     0.0      0.0      2.0      0.0      1.0      3.0      7.0      0.0      0.0      10.0     0.0      109.0    82.0     15.0     83.0     4.0      0.0      1.0      78.0     41.0     4.0      4.0      2.0      122.0    0.0      0.0      0.0      34.0     94.0     2.0      1.0      0.0      0.0      1.0      0.0      0.0      0.0      1.0      79.0     5.0      5.0      0.0      1.0      0.0      1.0      0.0      65.0     1.0      1.0      0.0      0.0      0.0      0.0      74.0     5.0      0.0      3.0      11.0     0.0      0.0      0.0      0.0      0.0      0.0      0.0      0.0      13.0     1.0      0.0      0.0      4.0      3.0      0.0      0.0      1.0      0.0      2.0      0.0      1.0      0.0      0.0      0.0      0.0      0.0      0.0      0.0      27.0     16.0     0.0      39.0     0.0      0.0      1.0      47.0     0.0      1.0      0.0      0.0     
43.0     1.0      0.0      0.0      11.0     47.0     10.0     8.0      3.0      1.0      18.0     0.0      0.0      0.0      0.0      8.0      15.0     19.0     4.0      28.0     0.0      1.0      4.0      37.0     16.0     1.0      39.0     4.0      1.0      14.0     79.0     617.0    1.0      8.0      18.0     0.0      6.0      6.0      0.0      0.0      3.0      0.0      24.0     82.0     36.0     0.0      6.0      2.0      8.0      0.0      0.0      4.0      0.0      0.0      0.0      1.0      5.0      1.0      6.0      0.0      0.0      1.0      0.0      67.0     7.0      6.0      22.0     11.0     0.0      1.0      50.0     2.0      9.0      6.0      0.0      15.0     0.0      0.0      0.0      1.0      4.0      0.0      0.0      0.0      0.0      7.0      0.0      0.0      0.0      2.0      10.0     6.0      0.0      5.0      18.0     0.0      4.0      0.0      12.0     13.0     8.0      30.0     2.0      0.0      16.0     1.0      170.0    0.0      0.0      3.0      4.0      4.0      5.0      0.0      0.0      1.0      0.0      28.0     21.0     7.0      2.0      2.0      0.0      1.0      0.0      0.0      1.0      0.0      2.0      0.0      3.0      13.0     3.0      5.0      1.0      0.0      6.0      0.0      2.0      7.0      2.0      3.0      5.0      0.0      1.0      0.0      3.0      6.0      17.0     0.0     
1.0      0.0      0.0      0.0      1.0      0.0      0.0      0.0      0.0      0.0      0.0      0.0      0.0      0.0      0.0      2.0      0.0      0.0      1.0      0.0      0.0      0.0      0.0      1.0      3.0      2.0      42.0     0.0      0.0      21.0     1.0      1.0      87.0     46.0     2.0      0.0      5.0      5.0      0.0      0.0      21.0     0.0      0.0      0.0      0.0      0.0      0.0      0.0      43.0     0.0      0.0      0.0      0.0      0.0      0.0      2.0      0.0      0.0      0.0      0.0      0.0      0.0      0.0      0.0      0.0      0.0      0.0      0.0      0.0      0.0      0.0      3.0      7.0      6.0      9.0      0.0      0.0      0.0      0.0      0.0      0.0      0.0      0.0      0.0      0.0      0.0      0.0      0.0      0.0      0.0      0.0      0.0      0.0      0.0      0.0      0.0      0.0      0.0      0.0      0.0      0.0      0.0      0.0      0.0      1.0      0.0      1.0      0.0      0.0      0.0      0.0      0.0      0.0      0.0      0.0      0.0      0.0      0.0      0.0      0.0      0.0      0.0      0.0      0.0      0.0      0.0      0.0      0.0      0.0      0.0      0.0      0.0      0.0      0.0      0.0      0.0      0.0      0.0      0.0      0.0      0.0      1.0      0.0      0.0      0.0      0.0      0.0      0.0      0.0      0.0     
84.0     8.0      0.0      3.0      38.0     0.0      0.0      0.0      0.0      4.0      9.0      2.0      2.0      2.0      36.0     95.0     7.0      56.0     28.0     35.0     1.0      17.0     2.0      72.0     57.0     74.0     174.0    7.0      2.0      109.0    28.0     8.0      46.0     1086.0   359.0    65.0     4.0      27.0     1.0      1.0      49.0     0.0      130.0    53.0     53.0     5.0      0.0      17.0     446.0    24.0     0.0      51.0     1.0      23.0     9.0      42.0     4.0      11.0     29.0     1.0      2.0      16.0     3.0      3.0      29.0     16.0     11.0     14.0     1.0      2.0      0.0      6.0      8.0      280.0    75.0     1.0      0.0      0.0      0.0      1.0      0.0      1.0      0.0      0.0      0.0      0.0      1.0      0.0      0.0      0.0      2.0      0.0      0.0      1.0      0.0      0.0      1.0      0.0      1.0      3.0      0.0      9.0      0.0      0.0      16.0     0.0      1.0      0.0      0.0      0.0      0.0      0.0      0.0      0.0      0.0      0.0      0.0      2.0      0.0      0.0      0.0      1.0      0.0      0.0      1.0      0.0      3.0      0.0      0.0      0.0      0.0      9.0      0.0      0.0      0.0      0.0      3.0      0.0      0.0      0.0      0.0      17.0     0.0      0.0      0.0      0.0      4.0      0.0      1.0      0.0     
114.0    5.0      0.0      2.0      36.0     0.0      0.0      0.0      0.0      11.0     14.0     1.0      2.0      2.0      56.0     134.0    153.0    169.0    27.0     28.0     0.0      38.0     41.0     105.0    19.0     11.0     58.0     8.0      9.0      36.0     59.0     18.0     2.0      359.0    881.0    2.0      6.0      25.0     0.0      0.0      9.0      0.0      112.0    128.0    69.0     6.0      0.0      28.0     623.0    98.0     0.0      52.0     4.0      41.0     23.0     10.0     4.0      10.0     24.0     0.0      0.0      40.0     2.0      11.0     30.0     27.0     7.0      20.0     1.0      5.0      2.0      2.0      15.0     53.0     3.0      0.0      0.0      0.0      0.0      0.0      0.0      1.0      1.0      0.0      0.0      3.0      1.0      0.0      0.0      0.0      2.0      0.0      0.0      1.0      3.0      0.0      0.0      0.0      0.0      1.0      0.0      0.0      0.0      0.0      5.0      0.0      4.0      0.0      0.0      0.0      0.0      0.0      0.0      0.0      0.0      0.0      0.0      4.0      0.0      2.0      0.0      0.0      0.0      0.0      1.0      0.0      1.0      0.0      0.0      0.0      0.0      0.0      0.0      0.0      0.0      0.0      1.0      0.0      0.0      0.0      1.0      6.0      0.0      0.0      0.0      0.0      0.0      0.0      0.0      0.0     
3.0      0.0      0.0      2.0      2.0      0.0      0.0      0.0      0.0      0.0      0.0      1.0      0.0      0.0      0.0      1.0      0.0      0.0      0.0      0.0      0.0      0.0      0.0      0.0      10.0     50.0     10.0     1.0      0.0      0.0      0.0      0.0      0.0      65.0     2.0      93.0     4.0      5.0      0.0      0.0      32.0     0.0      0.0      3.0      0.0      1.0      0.0      0.0      2.0      1.0      0.0      0.0      0.0      0.0      0.0      9.0      0.0      0.0      0.0      0.0      0.0      0.0      1.0      0.0      0.0      0.0      0.0      6.0      1.0      0.0      0.0      0.0      10.0     21.0     14.0     0.0      0.0      0.0      0.0      0.0      0.0      0.0      0.0      0.0      0.0      0.0      0.0      0.0      0.0      0.0      0.0      0.0      0.0      0.0      0.0      0.0      0.0      0.0      0.0      0.0      0.0      0.0      0.0      0.0      0.0      0.0      0.0      0.0      0.0      0.0      0.0      0.0      0.0      0.0      0.0      0.0      0.0      0.0      0.0      0.0      0.0      0.0      0.0      0.0      0.0      0.0      0.0      0.0      0.0      0.0      0.0      0.0      0.0      0.0      0.0      0.0      0.0      0.0      0.0      0.0      0.0      0.0      0.0      0.0      0.0      0.0      0.0      0.0      0.0      0.0     
18.0     5.0      0.0      4.0      15.0     0.0      0.0      0.0      1.0      1.0      3.0      7.0      1.0      1.0      7.0      27.0     6.0      6.0      75.0     32.0     0.0      0.0      1.0      12.0     170.0    85.0     241.0    1.0      2.0      57.0     9.0      6.0      5.0      4.0      6.0      4.0      1014.0   98.0     1.0      1.0      23.0     0.0      8.0      105.0    5.0      0.0      1.0      0.0      10.0     5.0      84.0     0.0      0.0      5.0      0.0      18.0     55.0     4.0      27.0     16.0     124.0    1.0      0.0      1.0      4.0      30.0     45.0     6.0      3.0      0.0      0.0      3.0      527.0    193.0    0.0      0.0      0.0      0.0      0.0      0.0      0.0      0.0      0.0      0.0      0.0      0.0      0.0      0.0      0.0      0.0      0.0      0.0      0.0      10.0     0.0      0.0      0.0      0.0      0.0      8.0      0.0      30.0     0.0      0.0      26.0     0.0      2.0      0.0      3.0      0.0      0.0      0.0      0.0      0.0      0.0      1.0      0.0      0.0      0.0      0.0      0.0      2.0      0.0      0.0      0.0      0.0      0.0      0.0      0.0      0.0      0.0      18.0     0.0      3.0      0.0      0.0      0.0      0.0      0.0      0.0      2.0      46.0     0.0      0.0      0.0      0.0      5.0      0.0      10.0     0.0     
18.0     1.0      0.0      17.0     9.0      0.0      0.0      0.0      1.0      1.0      2.0      44.0     1.0      2.0      47.0     84.0     33.0     21.0     29.0     24.0     0.0      1.0      1.0      16.0     205.0    76.0     159.0    6.0      4.0      31.0     7.0      6.0      5.0      27.0     25.0     5.0      98.0     1046.0   0.0      2.0      25.0     0.0      11.0     90.0     10.0     1.0      0.0      0.0      64.0     52.0     1.0      1.0      11.0     24.0     9.0      62.0     20.0     2.0      20.0     0.0      2.0      0.0      4.0      1.0      5.0      9.0      5.0      11.0     15.0     1.0      0.0      4.0      424.0    478.0    1.0      0.0      0.0      0.0      0.0      0.0      0.0      0.0      0.0      0.0      0.0      0.0      0.0      0.0      0.0      0.0      1.0      0.0      0.0      1.0      0.0      0.0      0.0      1.0      0.0      0.0      0.0      20.0     0.0      0.0      21.0     0.0      3.0      0.0      4.0      0.0      0.0      0.0      0.0      0.0      0.0      1.0      0.0      0.0      0.0      0.0      0.0      1.0      0.0      0.0      0.0      0.0      0.0      0.0      0.0      0.0      0.0      13.0     0.0      0.0      0.0      0.0      0.0      0.0      0.0      0.0      1.0      14.0     0.0      0.0      0.0      0.0      7.0      0.0      4.0      0.0     
0.0      0.0      0.0      0.0      0.0      0.0      0.0      0.0      0.0      0.0      0.0      4.0      49.0     41.0     5.0      34.0     0.0      0.0      1.0      0.0      0.0      0.0      0.0      1.0      5.0      0.0      1.0      0.0      0.0      3.0      0.0      0.0      0.0      1.0      0.0      0.0      1.0      0.0      80.0     5.0      0.0      0.0      4.0      0.0      2.0      0.0      0.0      9.0      3.0      14.0     0.0      0.0      0.0      4.0      0.0      3.0      1.0      1.0      2.0      0.0      0.0      0.0      2.0      0.0      0.0      1.0      0.0      2.0      0.0      0.0      0.0      0.0      0.0      4.0      0.0      0.0      0.0      0.0      0.0      0.0      3.0      0.0      0.0      0.0      0.0      0.0      0.0      0.0      0.0      0.0      3.0      0.0      0.0      0.0      0.0      0.0      0.0      0.0      0.0      0.0      0.0      0.0      0.0      0.0      0.0      0.0      0.0      0.0      0.0      0.0      0.0      0.0      0.0      0.0      0.0      0.0      0.0      0.0      0.0      0.0      0.0      0.0      0.0      0.0      0.0      0.0      0.0      0.0      0.0      0.0      0.0      0.0      0.0      0.0      0.0      0.0      0.0      0.0      0.0      0.0      0.0      0.0      0.0      0.0      0.0      0.0      0.0      0.0      0.0      0.0     
2.0      0.0      0.0      0.0      0.0      0.0      0.0      0.0      0.0      0.0      0.0      26.0     0.0      25.0     4.0      9.0      0.0      0.0      0.0      0.0      0.0      0.0      0.0      0.0      5.0      0.0      10.0     12.0     3.0      0.0      0.0      0.0      0.0      1.0      0.0      0.0      1.0      2.0      5.0      58.0     0.0      0.0      0.0      0.0      0.0      2.0      0.0      0.0      1.0      6.0      0.0      0.0      2.0      1.0      0.0      0.0      4.0      0.0      0.0      0.0      0.0      0.0      0.0      0.0      0.0      0.0      0.0      10.0     0.0      1.0      0.0      0.0      1.0      7.0      0.0      0.0      0.0      0.0      0.0      0.0      0.0      0.0      0.0      0.0      0.0      0.0      0.0      0.0      0.0      0.0      0.0      0.0      0.0      0.0      0.0      0.0      0.0      0.0      0.0      0.0      0.0      0.0      0.0      0.0      0.0      0.0      0.0      0.0      0.0      0.0      0.0      0.0      0.0      0.0      0.0      0.0      0.0      0.0      0.0      0.0      0.0      0.0      0.0      0.0      0.0      0.0      0.0      0.0      0.0      0.0      0.0      0.0      0.0      0.0      0.0      0.0      0.0      0.0      0.0      0.0      0.0      0.0      0.0      0.0      0.0      0.0      0.0      0.0      0.0      0.0     
6.0      0.0      0.0      7.0      3.0      0.0      0.0      0.0      0.0      0.0      0.0      5.0      0.0      0.0      4.0      7.0      12.0     2.0      0.0      0.0      0.0      0.0      0.0      4.0      15.0     77.0     6.0      1.0      0.0      1.0      4.0      3.0      21.0     49.0     9.0      32.0     23.0     25.0     0.0      0.0      145.0    0.0      0.0      5.0      0.0      1.0      0.0      0.0      29.0     19.0     0.0      0.0      0.0      4.0      0.0      12.0     0.0      0.0      0.0      0.0      0.0      0.0      0.0      1.0      1.0      0.0      0.0      7.0      2.0      0.0      0.0      1.0      35.0     42.0     17.0     0.0      0.0      0.0      0.0      0.0      0.0      0.0      0.0      0.0      0.0      0.0      0.0      0.0      0.0      0.0      0.0      0.0      0.0      0.0      0.0      0.0      0.0      0.0      0.0      0.0      0.0      0.0      0.0      0.0      3.0      0.0      1.0      0.0      0.0      0.0      0.0      0.0      0.0      0.0      0.0      0.0      0.0      0.0      0.0      0.0      0.0      0.0      0.0      0.0      0.0      0.0      0.0      0.0      0.0      0.0      0.0      1.0      0.0      0.0      0.0      0.0      0.0      0.0      0.0      0.0      0.0      0.0      0.0      0.0      0.0      0.0      2.0      0.0      0.0      0.0     
0.0      0.0      0.0      0.0      0.0      0.0      0.0      0.0      0.0      0.0      0.0      0.0      0.0      0.0      0.0      0.0      0.0      0.0      0.0      0.0      0.0      0.0      0.0      0.0      0.0      0.0      0.0      0.0      0.0      0.0      0.0      0.0      0.0      0.0      0.0      0.0      0.0      0.0      0.0      0.0      0.0      0.0      0.0      0.0      0.0      0.0      0.0      0.0      0.0      0.0      0.0      0.0      0.0      0.0      0.0      0.0      0.0      0.0      0.0      0.0      0.0      0.0      0.0      0.0      0.0      0.0      0.0      0.0      0.0      0.0      0.0      0.0      0.0      0.0      0.0      0.0      0.0      0.0      0.0      0.0      0.0      0.0      0.0      0.0      0.0      0.0      0.0      0.0      0.0      0.0      0.0      0.0      0.0      0.0      0.0      0.0      0.0      0.0      0.0      0.0      0.0      0.0      0.0      0.0      0.0      0.0      0.0      0.0      0.0      0.0      0.0      0.0      0.0      0.0      0.0      0.0      0.0      0.0      0.0      0.0      0.0      0.0      0.0      0.0      0.0      0.0      0.0      0.0      0.0      0.0      0.0      0.0      0.0      0.0      0.0      0.0      0.0      0.0      0.0      0.0      0.0      0.0      0.0      0.0      0.0      0.0      0.0      0.0      0.0      0.0     
111.0    32.0     0.0      3.0      39.0     5.0      1.0      0.0      0.0      2.0      7.0      4.0      5.0      2.0      18.0     146.0    0.0      0.0      13.0     50.0     36.0     8.0      8.0      73.0     0.0      0.0      0.0      7.0      28.0     0.0      52.0     24.0     0.0      130.0    112.0    0.0      8.0      11.0     4.0      0.0      0.0      0.0      945.0    37.0     457.0    0.0      0.0      5.0      315.0    10.0     5.0      183.0    2.0      5.0      12.0     0.0      0.0      71.0     0.0      1.0      7.0      19.0     0.0      2.0      21.0     0.0      46.0     5.0      4.0      12.0     5.0      0.0      3.0      34.0     0.0      0.0      0.0      0.0      0.0      0.0      0.0      0.0      0.0      0.0      0.0      79.0     0.0      0.0      0.0      0.0      0.0      0.0      0.0      19.0     75.0     0.0      1.0      0.0      1.0      0.0      0.0      0.0      0.0      0.0      0.0      0.0      10.0     0.0      0.0      0.0      0.0      4.0      0.0      0.0      0.0      0.0      0.0      17.0     0.0      26.0     0.0      0.0      0.0      0.0      0.0      0.0      0.0      0.0      0.0      0.0      0.0      0.0      5.0      23.0     3.0      0.0      1.0      0.0      0.0      1.0      27.0     81.0     0.0      0.0      0.0      0.0      0.0      1.0      4.0      0.0     
92.0     4.0      1.0      1.0      20.0     2.0      0.0      0.0      1.0      8.0      38.0     1.0      0.0      2.0      7.0      41.0     3.0      17.0     75.0     89.0     22.0     19.0     149.0    93.0     14.0     7.0      78.0     7.0      8.0      33.0     90.0     82.0     0.0      53.0     128.0    3.0      105.0    90.0     0.0      0.0      5.0      0.0      37.0     1131.0   78.0     2.0      0.0      9.0      41.0     1.0      141.0    13.0     1.0      5.0      4.0      0.0      12.0     16.0     86.0     6.0      30.0     112.0    0.0      24.0     22.0     41.0     13.0     10.0     3.0      1.0      5.0      2.0      41.0     39.0     2.0      0.0      0.0      0.0      0.0      2.0      0.0      0.0      0.0      0.0      0.0      4.0      0.0      0.0      0.0      0.0      3.0      0.0      0.0      1.0      2.0      0.0      3.0      0.0      0.0      0.0      0.0      2.0      0.0      1.0      3.0      0.0      26.0     0.0      0.0      0.0      0.0      0.0      0.0      0.0      0.0      0.0      0.0      5.0      0.0      4.0      0.0      0.0      0.0      0.0      0.0      0.0      3.0      0.0      0.0      0.0      0.0      2.0      0.0      1.0      0.0      0.0      4.0      0.0      0.0      0.0      3.0      11.0     0.0      0.0      0.0      0.0      1.0      0.0      0.0      0.0     
117.0    5.0      0.0      1.0      59.0     7.0      3.0      1.0      0.0      83.0     296.0    1.0      2.0      2.0      19.0     137.0    0.0      1.0      3.0      96.0     1.0      100.0    160.0    72.0     0.0      0.0      50.0     0.0      13.0     41.0     60.0     36.0     0.0      53.0     69.0     0.0      5.0      10.0     2.0      0.0      0.0      0.0      457.0    78.0     1128.0   0.0      0.0      1.0      202.0    7.0      3.0      15.0     1.0      6.0      7.0      0.0      1.0      13.0     1.0      0.0      1.0      168.0    0.0      2.0      11.0     176.0    148.0    2.0      1.0      7.0      6.0      2.0      3.0      22.0     0.0      0.0      0.0      0.0      0.0      0.0      0.0      0.0      0.0      0.0      4.0      105.0    0.0      0.0      0.0      0.0      0.0      0.0      0.0      29.0     125.0    0.0      3.0      0.0      1.0      0.0      0.0      3.0      0.0      0.0      3.0      0.0      14.0     0.0      2.0      2.0      0.0      6.0      0.0      0.0      0.0      0.0      0.0      26.0     0.0      47.0     0.0      0.0      0.0      0.0      0.0      0.0      2.0      0.0      0.0      0.0      0.0      2.0      6.0      43.0     4.0      0.0      8.0      0.0      0.0      1.0      59.0     183.0    0.0      0.0      0.0      0.0      0.0      1.0      5.0      0.0     
3.0      0.0      65.0     44.0     0.0      0.0      0.0      0.0      0.0      0.0      0.0      14.0     0.0      5.0      105.0    2.0      3.0      1.0      0.0      0.0      0.0      0.0      0.0      0.0      3.0      3.0      57.0     372.0    264.0    0.0      0.0      0.0      0.0      5.0      6.0      1.0      0.0      1.0      0.0      2.0      1.0      0.0      0.0      2.0      0.0      579.0    1.0      0.0      8.0      4.0      0.0      0.0      53.0     7.0      1.0      0.0      11.0     0.0      0.0      0.0      0.0      0.0      0.0      0.0      0.0      0.0      0.0      221.0    37.0     19.0     0.0      0.0      0.0      1.0      0.0      0.0      0.0      4.0      0.0      0.0      0.0      0.0      1.0      0.0      0.0      0.0      0.0      0.0      0.0      0.0      0.0      0.0      0.0      0.0      0.0      0.0      0.0      0.0      0.0      0.0      0.0      0.0      0.0      0.0      2.0      0.0      0.0      0.0      0.0      0.0      0.0      0.0      0.0      0.0      0.0      0.0      0.0      0.0      1.0      0.0      0.0      3.0      0.0      0.0      0.0      0.0      0.0      0.0      0.0      0.0      0.0      0.0      0.0      0.0      0.0      0.0      0.0      0.0      0.0      0.0      0.0      0.0      0.0      0.0      0.0      0.0      0.0      0.0      0.0      0.0     
17.0     0.0      79.0     0.0      16.0     111.0    136.0    136.0    36.0     1.0      0.0      0.0      1.0      0.0      0.0      74.0     1.0      0.0      0.0      0.0      0.0      0.0      0.0      16.0     0.0      0.0      91.0     1.0      1.0      272.0    39.0     6.0      0.0      0.0      0.0      0.0      1.0      0.0      0.0      0.0      0.0      0.0      0.0      0.0      0.0      1.0      406.0    0.0      0.0      0.0      0.0      0.0      0.0      0.0      0.0      0.0      1.0      0.0      0.0      0.0      0.0      0.0      0.0      16.0     0.0      1.0      97.0     5.0      0.0      0.0      8.0      89.0     0.0      0.0      0.0      0.0      0.0      29.0     0.0      0.0      0.0      0.0      1.0      0.0      1.0      0.0      0.0      0.0      0.0      1.0      9.0      0.0      0.0      0.0      0.0      0.0      0.0      0.0      0.0      0.0      0.0      33.0     2.0      7.0      27.0     0.0      0.0      0.0      1.0      0.0      0.0      0.0      0.0      0.0      0.0      0.0      0.0      0.0      0.0      0.0      2.0      10.0     0.0      0.0      0.0      0.0      0.0      0.0      0.0      1.0      0.0      13.0     0.0      0.0      0.0      0.0      0.0      0.0      0.0      0.0      0.0      18.0     4.0      0.0      0.0      0.0      5.0      0.0      1.0      0.0     
32.0     0.0      0.0      0.0      18.0     0.0      0.0      0.0      0.0      0.0      1.0      0.0      51.0     0.0      4.0      16.0     11.0     37.0     0.0      2.0      0.0      0.0      1.0      65.0     1.0      0.0      3.0      0.0      0.0      2.0      11.0     2.0      0.0      17.0     28.0     0.0      0.0      0.0      9.0      0.0      0.0      0.0      5.0      9.0      1.0      0.0      0.0      114.0    17.0     13.0     0.0      2.0      0.0      3.0      0.0      0.0      0.0      0.0      1.0      0.0      0.0      0.0      0.0      1.0      14.0     0.0      0.0      1.0      0.0      0.0      1.0      0.0      0.0      0.0      0.0      0.0      0.0      0.0      0.0      0.0      0.0      0.0      0.0      0.0      0.0      0.0      0.0      0.0      0.0      0.0      1.0      0.0      0.0      0.0      0.0      0.0      0.0      0.0      0.0      0.0      0.0      0.0      0.0      0.0      0.0      0.0      0.0      0.0      0.0      0.0      0.0      0.0      0.0      0.0      0.0      0.0      0.0      0.0      0.0      0.0      0.0      0.0      0.0      0.0      0.0      0.0      0.0      0.0      0.0      0.0      0.0      0.0      0.0      0.0      0.0      0.0      0.0      0.0      0.0      0.0      0.0      0.0      0.0      0.0      0.0      0.0      0.0      0.0      0.0      0.0     
73.0     9.0      0.0      6.0      55.0     1.0      1.0      0.0      0.0      2.0      42.0     4.0      10.0     8.0      148.0    473.0    194.0    166.0    64.0     91.0     0.0      58.0     6.0      36.0     33.0     23.0     135.0    20.0     37.0     95.0     11.0     8.0      43.0     446.0    623.0    2.0      10.0     64.0     3.0      1.0      29.0     0.0      315.0    41.0     202.0    8.0      0.0      17.0     1460.0   180.0    0.0      110.0    11.0     84.0     67.0     19.0     6.0      34.0     71.0     0.0      3.0      46.0     3.0      2.0      7.0      27.0     14.0     43.0     7.0      17.0     1.0      8.0      43.0     150.0    9.0      0.0      0.0      0.0      0.0      0.0      0.0      2.0      1.0      0.0      0.0      0.0      1.0      0.0      0.0      0.0      3.0      0.0      0.0      0.0      0.0      0.0      1.0      0.0      0.0      3.0      0.0      7.0      0.0      0.0      13.0     0.0      1.0      0.0      0.0      0.0      0.0      1.0      0.0      0.0      0.0      0.0      0.0      1.0      0.0      0.0      0.0      1.0      0.0      0.0      1.0      0.0      2.0      0.0      0.0      0.0      0.0      6.0      0.0      0.0      0.0      1.0      2.0      0.0      0.0      0.0      0.0      12.0     0.0      0.0      0.0      0.0      3.0      1.0      1.0      0.0     
9.0      1.0      0.0      48.0     3.0      0.0      0.0      0.0      0.0      0.0      0.0      87.0     31.0     19.0     108.0    146.0    144.0    146.0    2.0      2.0      0.0      1.0      0.0      4.0      77.0     24.0     33.0     8.0      7.0      0.0      0.0      0.0      0.0      24.0     98.0     1.0      5.0      52.0     14.0     6.0      19.0     0.0      10.0     1.0      7.0      4.0      0.0      13.0     180.0    432.0    0.0      1.0      7.0      88.0     29.0     39.0     29.0     0.0      6.0      0.0      1.0      0.0      9.0      0.0      0.0      1.0      0.0      9.0      6.0      3.0      0.0      0.0      27.0     75.0     0.0      0.0      0.0      0.0      0.0      0.0      0.0      1.0      0.0      0.0      0.0      0.0      0.0      0.0      0.0      0.0      2.0      0.0      0.0      0.0      0.0      0.0      0.0      0.0      0.0      0.0      0.0      0.0      0.0      0.0      0.0      0.0      0.0      0.0      0.0      0.0      0.0      0.0      0.0      0.0      0.0      0.0      0.0      0.0      0.0      0.0      0.0      0.0      0.0      0.0      0.0      0.0      0.0      0.0      0.0      0.0      0.0      0.0      0.0      0.0      0.0      0.0      0.0      0.0      0.0      0.0      0.0      0.0      0.0      0.0      0.0      0.0      0.0      0.0      0.0      0.0     
0.0      1.0      1.0      0.0      0.0      0.0      0.0      0.0      0.0      0.0      2.0      0.0      0.0      0.0      0.0      0.0      0.0      0.0      52.0     23.0     29.0     2.0      46.0     0.0      9.0      0.0      27.0     0.0      0.0      9.0      0.0      0.0      0.0      0.0      0.0      0.0      84.0     1.0      0.0      0.0      0.0      0.0      5.0      141.0    3.0      0.0      0.0      0.0      0.0      0.0      232.0    3.0      0.0      0.0      0.0      0.0      2.0      11.0     45.0     5.0      39.0     57.0     0.0      0.0      0.0      0.0      0.0      0.0      0.0      0.0      0.0      0.0      24.0     10.0     0.0      0.0      0.0      0.0      0.0      0.0      0.0      0.0      0.0      0.0      0.0      0.0      0.0      0.0      0.0      0.0      0.0      0.0      0.0      0.0      0.0      0.0      0.0      0.0      0.0      0.0      0.0      0.0      0.0      0.0      0.0      0.0      0.0      0.0      0.0      0.0      0.0      0.0      0.0      0.0      0.0      0.0      0.0      0.0      0.0      0.0      0.0      0.0      0.0      0.0      0.0      0.0      0.0      0.0      0.0      0.0      0.0      0.0      0.0      0.0      0.0      0.0      0.0      0.0      0.0      0.0      0.0      0.0      0.0      0.0      0.0      0.0      0.0      0.0      0.0      0.0     
34.0     37.0     0.0      1.0      9.0      0.0      0.0      0.0      0.0      0.0      1.0      1.0      3.0      2.0      4.0      37.0     0.0      0.0      6.0      7.0      35.0     20.0     2.0      22.0     0.0      0.0      1.0      3.0      4.0      0.0      18.0     4.0      0.0      51.0     52.0     0.0      0.0      1.0      0.0      0.0      0.0      0.0      183.0    13.0     15.0     0.0      0.0      2.0      110.0    1.0      3.0      257.0    1.0      0.0      5.0      0.0      0.0      16.0     0.0      0.0      1.0      28.0     0.0      0.0      5.0      0.0      0.0      4.0      1.0      0.0      1.0      0.0      1.0      8.0      0.0      0.0      0.0      0.0      0.0      0.0      0.0      0.0      0.0      0.0      0.0      0.0      0.0      0.0      0.0      0.0      0.0      0.0      0.0      0.0      0.0      0.0      0.0      0.0      0.0      0.0      0.0      0.0      0.0      0.0      0.0      0.0      2.0      0.0      0.0      0.0      0.0      0.0      0.0      0.0      0.0      0.0      0.0      0.0      0.0      0.0      0.0      0.0      0.0      0.0      0.0      0.0      0.0      0.0      0.0      0.0      0.0      0.0      0.0      0.0      0.0      0.0      0.0      0.0      0.0      0.0      0.0      0.0      0.0      0.0      0.0      0.0      0.0      0.0      0.0      0.0     
19.0     0.0      0.0      0.0      0.0      0.0      0.0      0.0      0.0      0.0      0.0      38.0     0.0      32.0     378.0    72.0     2.0      6.0      0.0      1.0      0.0      0.0      0.0      22.0     12.0     0.0      46.0     126.0    47.0     0.0      0.0      0.0      0.0      1.0      4.0      0.0      0.0      11.0     0.0      2.0      0.0      0.0      2.0      1.0      1.0      53.0     0.0      0.0      11.0     7.0      0.0      1.0      464.0    22.0     23.0     1.0      7.0      1.0      0.0      0.0      0.0      0.0      27.0     0.0      1.0      0.0      0.0      108.0    20.0     8.0      0.0      0.0      3.0      20.0     0.0      0.0      0.0      0.0      0.0      0.0      1.0      1.0      0.0      0.0      0.0      0.0      2.0      0.0      0.0      0.0      5.0      0.0      0.0      0.0      0.0      0.0      0.0      0.0      0.0      1.0      0.0      0.0      0.0      0.0      0.0      0.0      0.0      0.0      0.0      0.0      0.0      0.0      0.0      0.0      0.0      2.0      0.0      0.0      0.0      0.0      0.0      0.0      0.0      0.0      2.0      0.0      0.0      0.0      0.0      0.0      2.0      0.0      0.0      0.0      0.0      0.0      0.0      0.0      0.0      0.0      0.0      1.0      0.0      0.0      0.0      0.0      0.0      0.0      0.0      0.0     
56.0     0.0      0.0      1.0      51.0     4.0      1.0      0.0      0.0      0.0      4.0      13.0     18.0     7.0      417.0    198.0    37.0     43.0     8.0      3.0      0.0      3.0      1.0      23.0     9.0      4.0      34.0     17.0     23.0     4.0      0.0      0.0      0.0      23.0     41.0     0.0      5.0      24.0     4.0      1.0      4.0      0.0      5.0      5.0      6.0      7.0      0.0      3.0      84.0     88.0     0.0      0.0      22.0     547.0    31.0     4.0      4.0      1.0      7.0      0.0      0.0      4.0      7.0      0.0      2.0      2.0      1.0      24.0     8.0      12.0     0.0      2.0      16.0     13.0     0.0      0.0      0.0      0.0      1.0      3.0      18.0     2.0      0.0      0.0      0.0      0.0      5.0      2.0      10.0     9.0      27.0     2.0      3.0      0.0      0.0      0.0      0.0      0.0      3.0      0.0      0.0      0.0      0.0      0.0      0.0      0.0      0.0      0.0      0.0      0.0      0.0      0.0      0.0      6.0      1.0      1.0      0.0      0.0      0.0      0.0      0.0      0.0      0.0      0.0      9.0      0.0      0.0      1.0      14.0     7.0      1.0      0.0      0.0      0.0      0.0      0.0      0.0      5.0      0.0      0.0      0.0      2.0      0.0      0.0      0.0      0.0      0.0      0.0      0.0      0.0     
14.0     0.0      0.0      0.0      1.0      0.0      1.0      1.0      0.0      0.0      5.0      36.0     1.0      12.0     252.0    279.0    29.0     23.0     1.0      18.0     0.0      0.0      0.0      4.0      13.0     0.0      2.0      1.0      12.0     2.0      2.0      0.0      0.0      9.0      23.0     0.0      0.0      9.0      0.0      0.0      0.0      0.0      12.0     4.0      7.0      1.0      0.0      0.0      67.0     29.0     0.0      5.0      23.0     31.0     503.0    9.0      1.0      4.0      1.0      0.0      0.0      0.0      1.0      0.0      0.0      1.0      40.0     1.0      8.0      18.0     0.0      0.0      1.0      27.0     0.0      1.0      0.0      0.0      0.0      1.0      3.0      8.0      1.0      0.0      2.0      0.0      8.0      0.0      5.0      15.0     43.0     1.0      0.0      0.0      0.0      0.0      0.0      0.0      0.0      0.0      0.0      0.0      0.0      0.0      2.0      0.0      0.0      0.0      1.0      0.0      0.0      0.0      0.0      2.0      3.0      1.0      0.0      0.0      0.0      0.0      0.0      0.0      0.0      1.0      7.0      0.0      0.0      9.0      5.0      23.0     2.0      0.0      0.0      0.0      0.0      0.0      0.0      0.0      0.0      0.0      1.0      23.0     0.0      0.0      0.0      0.0      0.0      0.0      0.0      0.0     
0.0      0.0      0.0      8.0      0.0      0.0      0.0      0.0      0.0      0.0      0.0      17.0     6.0      3.0      8.0      10.0     22.0     13.0     0.0      0.0      0.0      0.0      0.0      0.0      236.0    35.0     22.0     0.0      0.0      0.0      0.0      1.0      2.0      42.0     10.0     9.0      18.0     62.0     3.0      0.0      12.0     0.0      0.0      0.0      0.0      0.0      0.0      0.0      19.0     39.0     0.0      0.0      1.0      4.0      9.0      265.0    14.0     0.0      0.0      0.0      0.0      0.0      0.0      0.0      0.0      0.0      4.0      0.0      1.0      0.0      0.0      0.0      52.0     134.0    1.0      0.0      0.0      0.0      0.0      0.0      0.0      0.0      0.0      0.0      0.0      0.0      0.0      0.0      0.0      1.0      0.0      0.0      0.0      0.0      0.0      0.0      0.0      0.0      0.0      0.0      0.0      3.0      0.0      0.0      5.0      0.0      0.0      0.0      0.0      0.0      0.0      0.0      0.0      0.0      0.0      0.0      0.0      0.0      0.0      0.0      0.0      0.0      0.0      0.0      0.0      0.0      0.0      0.0      0.0      1.0      0.0      2.0      0.0      0.0      0.0      0.0      0.0      0.0      0.0      0.0      0.0      5.0      0.0      0.0      0.0      0.0      1.0      0.0      0.0      0.0     
9.0      3.0      0.0      87.0     3.0      2.0      2.0      1.0      1.0      1.0      0.0      101.0    0.0      3.0      14.0     13.0     4.0      2.0      97.0     8.0      0.0      0.0      1.0      2.0      366.0    68.0     539.0    27.0     45.0     37.0     1.0      5.0      0.0      4.0      4.0      0.0      55.0     20.0     1.0      4.0      0.0      0.0      0.0      12.0     1.0      11.0     1.0      0.0      6.0      29.0     2.0      0.0      7.0      4.0      1.0      14.0     773.0    3.0      55.0     8.0      16.0     0.0      2.0      0.0      1.0      18.0     3.0      105.0    63.0     0.0      0.0      0.0      46.0     71.0     0.0      0.0      0.0      0.0      0.0      0.0      0.0      0.0      0.0      0.0      0.0      0.0      0.0      0.0      0.0      0.0      0.0      0.0      0.0      0.0      0.0      0.0      0.0      0.0      0.0      0.0      0.0      0.0      0.0      0.0      2.0      0.0      3.0      0.0      0.0      0.0      0.0      0.0      0.0      0.0      0.0      0.0      0.0      0.0      0.0      0.0      0.0      0.0      0.0      0.0      0.0      0.0      0.0      0.0      0.0      0.0      0.0      0.0      0.0      0.0      0.0      0.0      0.0      0.0      0.0      0.0      0.0      2.0      0.0      0.0      0.0      0.0      0.0      0.0      0.0      0.0     
4.0      20.0     0.0      0.0      2.0      0.0      0.0      0.0      0.0      0.0      6.0      0.0      1.0      0.0      5.0      15.0     0.0      0.0      76.0     8.0      45.0     0.0      3.0      2.0      0.0      1.0      3.0      0.0      2.0      0.0      3.0      1.0      0.0      11.0     10.0     0.0      4.0      2.0      1.0      0.0      0.0      0.0      71.0     16.0     13.0     0.0      0.0      0.0      34.0     0.0      11.0     16.0     1.0      1.0      4.0      0.0      3.0      182.0    12.0     11.0     19.0     17.0     0.0      0.0      1.0      1.0      0.0      0.0      0.0      0.0      0.0      0.0      17.0     3.0      0.0      0.0      0.0      0.0      0.0      0.0      0.0      0.0      0.0      0.0      0.0      0.0      0.0      0.0      0.0      0.0      0.0      0.0      0.0      0.0      1.0      0.0      0.0      0.0      0.0      0.0      0.0      0.0      0.0      0.0      0.0      0.0      1.0      0.0      0.0      0.0      0.0      0.0      0.0      0.0      0.0      0.0      0.0      2.0      0.0      0.0      0.0      0.0      0.0      0.0      0.0      0.0      0.0      0.0      0.0      0.0      0.0      0.0      0.0      0.0      0.0      0.0      0.0      0.0      0.0      0.0      0.0      0.0      0.0      0.0      0.0      0.0      0.0      0.0      0.0      0.0     
17.0     24.0     0.0      0.0      11.0     0.0      0.0      0.0      0.0      6.0      0.0      1.0      2.0      2.0      11.0     39.0     0.0      0.0      307.0    110.0    53.0     0.0      27.0     9.0      33.0     0.0      95.0     0.0      0.0      48.0     7.0      6.0      0.0      29.0     24.0     0.0      27.0     20.0     2.0      0.0      0.0      0.0      0.0      86.0     1.0      0.0      0.0      1.0      71.0     6.0      45.0     0.0      0.0      7.0      1.0      0.0      55.0     12.0     534.0    16.0     25.0     42.0     0.0      2.0      2.0      14.0     4.0      2.0      0.0      0.0      1.0      1.0      26.0     16.0     1.0      0.0      0.0      0.0      0.0      0.0      0.0      0.0      0.0      0.0      0.0      0.0      0.0      0.0      0.0      0.0      0.0      0.0      0.0      2.0      0.0      0.0      0.0      0.0      0.0      0.0      0.0      2.0      0.0      0.0      0.0      0.0      1.0      0.0      0.0      0.0      0.0      0.0      0.0      0.0      0.0      0.0      0.0      0.0      0.0      0.0      0.0      0.0      0.0      0.0      0.0      0.0      0.0      0.0      0.0      0.0      0.0      0.0      0.0      0.0      0.0      0.0      0.0      0.0      0.0      0.0      0.0      2.0      0.0      0.0      0.0      0.0      0.0      0.0      1.0      0.0     
0.0      13.0     0.0      0.0      0.0      0.0      0.0      0.0      0.0      0.0      0.0      0.0      0.0      0.0      0.0      0.0      0.0      0.0      74.0     4.0      0.0      0.0      0.0      0.0      8.0      2.0      27.0     0.0      0.0      9.0      0.0      0.0      0.0      1.0      0.0      0.0      16.0     0.0      0.0      0.0      0.0      0.0      1.0      6.0      0.0      0.0      0.0      0.0      0.0      0.0      5.0      0.0      0.0      0.0      0.0      0.0      8.0      11.0     16.0     108.0    5.0      0.0      0.0      0.0      0.0      0.0      3.0      0.0      0.0      0.0      0.0      0.0      19.0     24.0     0.0      0.0      0.0      0.0      0.0      0.0      0.0      0.0      0.0      0.0      0.0      0.0      0.0      0.0      0.0      0.0      0.0      0.0      0.0      1.0      0.0      0.0      0.0      0.0      0.0      2.0      0.0      0.0      0.0      0.0      1.0      0.0      0.0      0.0      0.0      0.0      0.0      0.0      0.0      0.0      0.0      0.0      0.0      0.0      0.0      0.0      0.0      0.0      0.0      0.0      0.0      0.0      0.0      0.0      0.0      0.0      0.0      0.0      0.0      0.0      0.0      0.0      0.0      0.0      0.0      0.0      0.0      3.0      0.0      0.0      0.0      0.0      0.0      0.0      0.0      0.0     
0.0      20.0     0.0      0.0      0.0      0.0      0.0      0.0      0.0      2.0      4.0      0.0      0.0      0.0      0.0      1.0      0.0      0.0      58.0     26.0     50.0     0.0      2.0      0.0      22.0     8.0      45.0     0.0      1.0      9.0      0.0      0.0      0.0      2.0      0.0      0.0      124.0    2.0      0.0      0.0      0.0      0.0      7.0      30.0     1.0      0.0      0.0      0.0      3.0      1.0      39.0     1.0      0.0      0.0      0.0      0.0      16.0     19.0     25.0     5.0      244.0    4.0      0.0      0.0      0.0      7.0      4.0      2.0      1.0      0.0      0.0      0.0      78.0     38.0     0.0      0.0      0.0      0.0      0.0      0.0      0.0      0.0      0.0      0.0      0.0      0.0      0.0      0.0      0.0      0.0      0.0      0.0      0.0      1.0      0.0      0.0      0.0      0.0      0.0      0.0      0.0      0.0      0.0      0.0      0.0      0.0      0.0      0.0      0.0      0.0      0.0      0.0      0.0      0.0      0.0      0.0      0.0      0.0      0.0      0.0      0.0      0.0      0.0      0.0      0.0      0.0      0.0      0.0      0.0      0.0      0.0      0.0      0.0      1.0      0.0      0.0      0.0      0.0      0.0      0.0      1.0      1.0      0.0      0.0      0.0      0.0      0.0      0.0      0.0      0.0     
39.0     19.0     0.0      0.0      31.0     0.0      0.0      0.0      0.0      3.0      98.0     0.0      0.0      0.0      8.0      32.0     0.0      1.0      41.0     26.0     104.0    128.0    92.0     18.0     0.0      0.0      6.0      0.0      0.0      3.0      10.0     1.0      0.0      16.0     40.0     0.0      1.0      0.0      0.0      0.0      0.0      0.0      19.0     112.0    168.0    0.0      0.0      0.0      46.0     0.0      57.0     28.0     0.0      4.0      0.0      0.0      0.0      17.0     42.0     0.0      4.0      473.0    0.0      0.0      1.0      24.0     24.0     0.0      0.0      0.0      0.0      0.0      3.0      1.0      0.0      0.0      0.0      0.0      0.0      0.0      0.0      0.0      0.0      0.0      2.0      5.0      0.0      0.0      0.0      0.0      0.0      0.0      0.0      1.0      7.0      0.0      1.0      0.0      0.0      0.0      0.0      1.0      0.0      0.0      1.0      0.0      1.0      0.0      0.0      0.0      0.0      0.0      0.0      0.0      0.0      0.0      0.0      4.0      0.0      9.0      0.0      0.0      0.0      0.0      0.0      0.0      1.0      0.0      0.0      0.0      0.0      1.0      0.0      1.0      0.0      0.0      3.0      0.0      0.0      0.0      10.0     17.0     0.0      0.0      0.0      0.0      0.0      0.0      0.0      0.0     
2.0      0.0      0.0      0.0      6.0      1.0      0.0      0.0      0.0      0.0      0.0      5.0      16.0     8.0      21.0     43.0     3.0      4.0      0.0      0.0      0.0      0.0      0.0      42.0     2.0      0.0      2.0      2.0      0.0      0.0      0.0      0.0      0.0      3.0      2.0      1.0      0.0      4.0      2.0      0.0      0.0      0.0      0.0      0.0      0.0      0.0      0.0      0.0      3.0      9.0      0.0      0.0      27.0     7.0      1.0      0.0      2.0      0.0      0.0      0.0      0.0      0.0      87.0     0.0      0.0      0.0      0.0      2.0      0.0      0.0      0.0      0.0      1.0      4.0      0.0      0.0      0.0      0.0      0.0      0.0      0.0      0.0      0.0      0.0      0.0      0.0      0.0      0.0      0.0      0.0      0.0      0.0      0.0      0.0      0.0      0.0      0.0      0.0      0.0      0.0      0.0      0.0      0.0      0.0      0.0      0.0      0.0      0.0      0.0      0.0      0.0      0.0      0.0      0.0      0.0      0.0      0.0      0.0      0.0      0.0      0.0      0.0      0.0      0.0      0.0      0.0      0.0      0.0      0.0      0.0      0.0      0.0      0.0      0.0      0.0      0.0      0.0      0.0      0.0      0.0      0.0      0.0      0.0      0.0      0.0      0.0      0.0      0.0      0.0      0.0     
6.0      0.0      0.0      0.0      3.0      93.0     35.0     23.0     2.0      1.0      2.0      0.0      0.0      0.0      0.0      2.0      9.0      12.0     0.0      6.0      0.0      0.0      3.0      66.0     1.0      0.0      1.0      0.0      0.0      22.0     109.0    67.0     0.0      3.0      11.0     0.0      1.0      1.0      0.0      0.0      1.0      0.0      2.0      24.0     2.0      0.0      16.0     1.0      2.0      0.0      0.0      0.0      0.0      0.0      0.0      0.0      0.0      0.0      2.0      0.0      0.0      0.0      0.0      215.0    3.0      2.0      53.0     0.0      0.0      0.0      38.0     13.0     0.0      1.0      0.0      11.0     0.0      0.0      0.0      1.0      15.0     0.0      0.0      0.0      0.0      1.0      0.0      0.0      0.0      0.0      5.0      4.0      4.0      0.0      1.0      0.0      0.0      0.0      18.0     0.0      0.0      1.0      0.0      0.0      0.0      5.0      2.0      0.0      1.0      5.0      0.0      0.0      0.0      0.0      0.0      0.0      0.0      0.0      3.0      1.0      0.0      0.0      4.0      1.0      0.0      0.0      0.0      0.0      0.0      0.0      0.0      0.0      0.0      0.0      0.0      0.0      0.0      0.0      4.0      11.0     0.0      13.0     0.0      0.0      0.0      4.0      0.0      0.0      0.0      0.0     
95.0     0.0      0.0      0.0      11.0     5.0      0.0      0.0      0.0      0.0      3.0      0.0      2.0      0.0      2.0      7.0      1.0      16.0     2.0      10.0     0.0      0.0      1.0      174.0    2.0      0.0      2.0      0.0      0.0      4.0      82.0     7.0      0.0      29.0     30.0     0.0      4.0      5.0      0.0      0.0      1.0      0.0      21.0     22.0     11.0     0.0      0.0      14.0     7.0      0.0      0.0      5.0      1.0      2.0      0.0      0.0      1.0      1.0      2.0      0.0      0.0      1.0      0.0      3.0      196.0    2.0      0.0      0.0      0.0      0.0      3.0      0.0      0.0      1.0      1.0      12.0     0.0      0.0      0.0      0.0      4.0      0.0      0.0      0.0      0.0      0.0      0.0      0.0      0.0      1.0      5.0      0.0      0.0      0.0      0.0      0.0      0.0      0.0      1.0      0.0      0.0      0.0      0.0      0.0      0.0      4.0      1.0      0.0      0.0      0.0      0.0      0.0      0.0      0.0      0.0      0.0      0.0      0.0      1.0      0.0      0.0      0.0      1.0      0.0      0.0      0.0      0.0      0.0      1.0      0.0      0.0      0.0      0.0      0.0      0.0      0.0      0.0      0.0      1.0      0.0      0.0      3.0      0.0      0.0      0.0      1.0      0.0      1.0      0.0      0.0     
24.0     1.0      0.0      0.0      7.0      2.0      3.0      9.0      11.0     94.0     145.0    0.0      1.0      0.0      1.0      13.0     0.0      0.0      18.0     101.0    0.0      13.0     125.0    16.0     2.0      0.0      142.0    0.0      0.0      126.0    15.0     6.0      0.0      16.0     27.0     0.0      30.0     9.0      1.0      0.0      0.0      0.0      0.0      41.0     176.0    0.0      1.0      0.0      27.0     1.0      0.0      0.0      0.0      2.0      1.0      0.0      18.0     1.0      14.0     0.0      7.0      24.0     0.0      2.0      2.0      547.0    173.0    0.0      0.0      0.0      4.0      13.0     30.0     22.0     0.0      0.0      0.0      0.0      0.0      0.0      0.0      0.0      0.0      0.0      2.0      13.0     0.0      0.0      0.0      0.0      1.0      0.0      0.0      63.0     25.0     0.0      0.0      0.0      0.0      2.0      0.0      8.0      0.0      0.0      5.0      0.0      0.0      0.0      1.0      1.0      0.0      4.0      0.0      0.0      0.0      0.0      0.0      3.0      0.0      8.0      0.0      0.0      0.0      0.0      0.0      0.0      0.0      0.0      0.0      0.0      0.0      3.0      0.0      52.0     2.0      0.0      2.0      0.0      0.0      0.0      51.0     121.0    0.0      0.0      0.0      0.0      0.0      1.0      0.0      0.0     
37.0     0.0      4.0      0.0      63.0     247.0    175.0    157.0    103.0    122.0    150.0    2.0      0.0      0.0      16.0     373.0    2.0      0.0      16.0     165.0    0.0      10.0     19.0     40.0     16.0     0.0      163.0    0.0      0.0      189.0    83.0     22.0     0.0      11.0     7.0      0.0      45.0     5.0      0.0      0.0      0.0      0.0      46.0     13.0     148.0    0.0      97.0     0.0      14.0     0.0      0.0      0.0      0.0      1.0      40.0     4.0      3.0      0.0      4.0      3.0      4.0      24.0     0.0      53.0     0.0      173.0    1453.0   0.0      2.0      0.0      32.0     135.0    40.0     39.0     0.0      13.0     0.0      7.0      2.0      57.0     36.0     5.0      5.0      5.0      16.0     90.0     2.0      0.0      0.0      47.0     280.0    5.0      5.0      134.0    108.0    0.0      4.0      3.0      21.0     12.0     1.0      217.0    0.0      4.0      169.0    3.0      4.0      0.0      5.0      10.0     0.0      6.0      3.0      0.0      0.0      0.0      0.0      15.0     10.0     55.0     0.0      3.0      3.0      1.0      1.0      0.0      9.0      4.0      8.0      54.0     1.0      118.0    0.0      91.0     5.0      0.0      16.0     0.0      6.0      16.0     118.0    796.0    0.0      3.0      0.0      3.0      10.0     3.0      18.0     0.0     
45.0     1.0      53.0     98.0     33.0     0.0      0.0      0.0      0.0      0.0      0.0      96.0     1.0      9.0      189.0    38.0     12.0     11.0     2.0      2.0      0.0      0.0      0.0      10.0     17.0     136.0    532.0    763.0    314.0    1.0      4.0      11.0     0.0      14.0     20.0     6.0      6.0      11.0     2.0      10.0     7.0      0.0      5.0      10.0     2.0      221.0    5.0      1.0      43.0     9.0      0.0      4.0      108.0    24.0     1.0      0.0      105.0    0.0      2.0      0.0      2.0      0.0      2.0      0.0      0.0      0.0      0.0      1400.0   86.0     21.0     0.0      0.0      5.0      22.0     2.0      0.0      0.0      1.0      0.0      0.0      0.0      1.0      1.0      0.0      0.0      0.0      0.0      0.0      0.0      0.0      2.0      0.0      0.0      0.0      0.0      1.0      0.0      0.0      0.0      0.0      0.0      1.0      0.0      0.0      0.0      0.0      6.0      0.0      0.0      0.0      0.0      0.0      0.0      0.0      0.0      0.0      0.0      0.0      0.0      0.0      0.0      0.0      0.0      0.0      0.0      0.0      0.0      0.0      0.0      0.0      0.0      0.0      0.0      0.0      0.0      0.0      0.0      0.0      0.0      0.0      0.0      1.0      1.0      0.0      0.0      0.0      0.0      0.0      0.0      0.0     
7.0      1.0      0.0      56.0     1.0      0.0      0.0      0.0      0.0      0.0      1.0      123.0    0.0      1.0      68.0     4.0      2.0      2.0      0.0      1.0      0.0      0.0      0.0      3.0      50.0     19.0     73.0     72.0     200.0    0.0      0.0      0.0      0.0      1.0      1.0      1.0      3.0      15.0     0.0      0.0      2.0      0.0      4.0      3.0      1.0      37.0     0.0      0.0      7.0      6.0      0.0      1.0      20.0     8.0      8.0      1.0      63.0     0.0      0.0      0.0      1.0      0.0      0.0      0.0      0.0      0.0      2.0      86.0     384.0    7.0      0.0      0.0      9.0      33.0     0.0      1.0      0.0      0.0      0.0      0.0      0.0      0.0      2.0      0.0      0.0      0.0      1.0      0.0      0.0      0.0      3.0      0.0      0.0      0.0      0.0      0.0      0.0      0.0      0.0      0.0      0.0      1.0      0.0      1.0      0.0      0.0      0.0      0.0      0.0      0.0      0.0      0.0      0.0      0.0      0.0      0.0      0.0      0.0      0.0      0.0      0.0      0.0      0.0      0.0      0.0      0.0      0.0      0.0      0.0      0.0      0.0      0.0      0.0      0.0      0.0      0.0      0.0      0.0      0.0      0.0      0.0      1.0      0.0      2.0      0.0      0.0      0.0      0.0      0.0      0.0     
9.0      0.0      0.0      0.0      0.0      0.0      0.0      6.0      0.0      0.0      1.0      5.0      0.0      3.0      141.0    42.0     2.0      1.0      1.0      2.0      0.0      0.0      0.0      9.0      0.0      0.0      0.0      35.0     218.0    0.0      1.0      1.0      0.0      2.0      5.0      0.0      0.0      1.0      0.0      1.0      0.0      0.0      12.0     1.0      7.0      19.0     0.0      0.0      17.0     3.0      0.0      0.0      8.0      12.0     18.0     0.0      0.0      0.0      0.0      0.0      0.0      0.0      0.0      0.0      0.0      0.0      0.0      21.0     7.0      322.0    0.0      0.0      0.0      0.0      0.0      0.0      0.0      0.0      0.0      0.0      0.0      0.0      1.0      0.0      0.0      0.0      0.0      0.0      0.0      0.0      7.0      0.0      0.0      0.0      0.0      0.0      0.0      0.0      0.0      0.0      0.0      0.0      0.0      4.0      0.0      0.0      1.0      0.0      0.0      0.0      0.0      0.0      0.0      0.0      0.0      0.0      0.0      0.0      0.0      0.0      0.0      0.0      0.0      0.0      0.0      0.0      0.0      0.0      0.0      0.0      0.0      0.0      0.0      0.0      0.0      0.0      0.0      0.0      0.0      0.0      0.0      1.0      0.0      0.0      0.0      0.0      0.0      0.0      0.0      0.0     
40.0     0.0      1.0      0.0      104.0    97.0     32.0     11.0     5.0      5.0      3.0      0.0      0.0      0.0      0.0      48.0     1.0      4.0      0.0      6.0      0.0      1.0      1.0      10.0     1.0      0.0      19.0     0.0      0.0      14.0     78.0     50.0     0.0      0.0      2.0      0.0      0.0      0.0      0.0      0.0      0.0      0.0      5.0      5.0      6.0      0.0      8.0      1.0      1.0      0.0      0.0      1.0      0.0      0.0      0.0      0.0      0.0      0.0      1.0      0.0      0.0      0.0      0.0      38.0     3.0      4.0      32.0     0.0      0.0      0.0      217.0    11.0     0.0      0.0      0.0      40.0     0.0      0.0      0.0      20.0     24.0     0.0      0.0      0.0      0.0      0.0      0.0      0.0      0.0      2.0      21.0     1.0      1.0      0.0      0.0      0.0      0.0      0.0      9.0      0.0      0.0      0.0      0.0      0.0      1.0      9.0      0.0      0.0      0.0      2.0      0.0      0.0      0.0      0.0      0.0      0.0      0.0      0.0      2.0      0.0      0.0      0.0      1.0      0.0      0.0      0.0      0.0      0.0      4.0      0.0      0.0      0.0      0.0      0.0      0.0      0.0      0.0      0.0      3.0      4.0      1.0      23.0     0.0      0.0      0.0      8.0      0.0      0.0      0.0      0.0     
22.0     0.0      0.0      0.0      24.0     102.0    102.0    102.0    62.0     35.0     0.0      0.0      0.0      0.0      2.0      87.0     1.0      0.0      3.0      0.0      0.0      1.0      0.0      16.0     2.0      0.0      93.0     0.0      0.0      393.0    41.0     2.0      3.0      6.0      2.0      0.0      3.0      4.0      0.0      0.0      1.0      0.0      0.0      2.0      2.0      0.0      89.0     0.0      8.0      0.0      0.0      0.0      0.0      2.0      0.0      0.0      0.0      0.0      1.0      0.0      0.0      0.0      0.0      13.0     0.0      13.0     135.0    0.0      0.0      0.0      11.0     522.0    2.0      8.0      0.0      0.0      0.0      10.0     0.0      0.0      0.0      8.0      4.0      0.0      0.0      0.0      0.0      0.0      0.0      0.0      18.0     0.0      1.0      0.0      0.0      0.0      0.0      0.0      1.0      1.0      2.0      58.0     0.0      3.0      41.0     0.0      0.0      0.0      6.0      1.0      0.0      0.0      4.0      0.0      0.0      2.0      0.0      0.0      2.0      0.0      0.0      3.0      0.0      1.0      1.0      0.0      0.0      0.0      0.0      0.0      0.0      37.0     0.0      0.0      0.0      0.0      0.0      0.0      0.0      0.0      0.0      28.0     0.0      0.0      0.0      0.0      3.0      2.0      12.0     0.0     
11.0     10.0     1.0      13.0     10.0     0.0      0.0      0.0      0.0      3.0      2.0      22.0     1.0      1.0      28.0     63.0     23.0     14.0     75.0     22.0     7.0      0.0      1.0      4.0      200.0    109.0    210.0    5.0      4.0      48.0     4.0      9.0      7.0      8.0      15.0     10.0     527.0    424.0    0.0      1.0      35.0     0.0      3.0      41.0     3.0      0.0      0.0      0.0      43.0     27.0     24.0     1.0      3.0      16.0     1.0      52.0     46.0     17.0     26.0     19.0     78.0     3.0      1.0      0.0      0.0      30.0     40.0     5.0      9.0      0.0      0.0      2.0      1078.0   226.0    0.0      0.0      0.0      0.0      0.0      0.0      0.0      0.0      0.0      0.0      0.0      0.0      0.0      0.0      0.0      0.0      0.0      0.0      0.0      7.0      0.0      0.0      0.0      1.0      0.0      7.0      0.0      30.0     0.0      0.0      30.0     0.0      4.0      0.0      3.0      0.0      0.0      1.0      0.0      0.0      0.0      1.0      0.0      0.0      0.0      0.0      0.0      2.0      0.0      0.0      0.0      0.0      0.0      0.0      0.0      0.0      0.0      15.0     0.0      2.0      1.0      0.0      0.0      0.0      0.0      0.0      1.0      38.0     0.0      0.0      0.0      0.0      4.0      0.0      12.0     0.0     
12.0     2.0      0.0      21.0     7.0      0.0      0.0      1.0      1.0      6.0      4.0      101.0    5.0      5.0      52.0     78.0     36.0     22.0     85.0     25.0     0.0      1.0      1.0      7.0      563.0    121.0    306.0    5.0      4.0      169.0    4.0      6.0      6.0      280.0    53.0     21.0     193.0    478.0    4.0      7.0      42.0     0.0      34.0     39.0     22.0     1.0      0.0      0.0      150.0    75.0     10.0     8.0      20.0     13.0     27.0     134.0    71.0     3.0      16.0     24.0     38.0     1.0      4.0      1.0      1.0      22.0     39.0     22.0     33.0     0.0      0.0      8.0      226.0    1619.0   19.0     0.0      0.0      0.0      0.0      0.0      0.0      0.0      0.0      0.0      0.0      0.0      0.0      0.0      0.0      1.0      0.0      0.0      0.0      10.0     0.0      0.0      0.0      0.0      0.0      8.0      1.0      52.0     0.0      0.0      40.0     0.0      2.0      0.0      2.0      0.0      0.0      1.0      0.0      0.0      0.0      0.0      0.0      0.0      0.0      0.0      0.0      2.0      0.0      0.0      0.0      0.0      0.0      0.0      0.0      1.0      0.0      36.0     1.0      1.0      0.0      0.0      0.0      0.0      0.0      0.0      5.0      49.0     0.0      0.0      0.0      0.0      8.0      1.0      11.0     0.0     
2.0      0.0      0.0      1.0      0.0      0.0      0.0      0.0      0.0      0.0      0.0      2.0      0.0      0.0      0.0      1.0      0.0      0.0      1.0      0.0      0.0      0.0      0.0      2.0      0.0      3.0      45.0     0.0      0.0      8.0      2.0      0.0      9.0      75.0     3.0      14.0     0.0      1.0      0.0      0.0      17.0     0.0      0.0      2.0      0.0      0.0      0.0      0.0      9.0      0.0      0.0      0.0      0.0      0.0      0.0      1.0      0.0      0.0      1.0      0.0      0.0      0.0      0.0      0.0      1.0      0.0      0.0      2.0      0.0      0.0      0.0      0.0      0.0      19.0     84.0     0.0      0.0      0.0      0.0      0.0      0.0      0.0      0.0      0.0      0.0      0.0      0.0      0.0      0.0      0.0      0.0      0.0      0.0      0.0      0.0      0.0      0.0      0.0      0.0      0.0      0.0      0.0      0.0      0.0      0.0      0.0      0.0      0.0      0.0      0.0      0.0      0.0      0.0      0.0      0.0      0.0      0.0      0.0      0.0      0.0      0.0      0.0      0.0      0.0      0.0      0.0      0.0      0.0      0.0      0.0      0.0      0.0      0.0      0.0      0.0      0.0      0.0      0.0      0.0      0.0      0.0      0.0      0.0      0.0      0.0      0.0      0.0      0.0      0.0      0.0     
138.0    0.0      0.0      0.0      96.0     57.0     0.0      3.0      0.0      0.0      0.0      0.0      0.0      0.0      2.0      31.0     0.0      0.0      0.0      0.0      0.0      0.0      0.0      72.0     0.0      0.0      0.0      0.0      2.0      2.0      122.0    15.0     0.0      1.0      0.0      0.0      0.0      0.0      0.0      0.0      0.0      0.0      0.0      0.0      0.0      0.0      0.0      0.0      0.0      0.0      0.0      0.0      0.0      0.0      1.0      0.0      0.0      0.0      0.0      0.0      0.0      0.0      0.0      11.0     12.0     0.0      13.0     0.0      1.0      0.0      40.0     0.0      0.0      0.0      0.0      1516.0   2.0      0.0      0.0      414.0    62.0     7.0      6.0      1.0      4.0      15.0     0.0      1.0      0.0      53.0     252.0    10.0     33.0     33.0     33.0     1.0      100.0    4.0      163.0    128.0    13.0     140.0    38.0     5.0      14.0     251.0    8.0      0.0      36.0     124.0    1.0      14.0     40.0     0.0      0.0      3.0      0.0      81.0     101.0    56.0     19.0     1.0      56.0     52.0     0.0      1.0      37.0     1.0      64.0     2.0      8.0      126.0    4.0      37.0     1.0      0.0      128.0    4.0      9.0      40.0     8.0      38.0     66.0     3.0      0.0      36.0     6.0      50.0     61.0     0.0     
0.0      0.0      0.0      0.0      0.0      0.0      0.0      0.0      0.0      0.0      0.0      0.0      0.0      0.0      0.0      0.0      0.0      0.0      0.0      0.0      0.0      0.0      0.0      0.0      0.0      0.0      0.0      0.0      0.0      0.0      0.0      0.0      0.0      0.0      0.0      0.0      0.0      0.0      0.0      0.0      0.0      0.0      0.0      0.0      0.0      0.0      0.0      0.0      0.0      0.0      0.0      0.0      0.0      0.0      0.0      0.0      0.0      0.0      0.0      0.0      0.0      0.0      0.0      0.0      0.0      0.0      0.0      0.0      0.0      0.0      0.0      0.0      0.0      0.0      0.0      2.0      101.0    0.0      0.0      0.0      0.0      0.0      0.0      0.0      0.0      0.0      0.0      0.0      0.0      2.0      1.0      0.0      0.0      51.0     11.0     28.0     0.0      0.0      0.0      0.0      0.0      0.0      0.0      0.0      0.0      0.0      0.0      0.0      1.0      8.0      0.0      6.0      1.0      0.0      0.0      0.0      0.0      28.0     13.0     0.0      0.0      0.0      0.0      1.0      0.0      13.0     23.0     0.0      2.0      0.0      0.0      0.0      14.0     7.0      14.0     22.0     0.0      0.0      0.0      0.0      0.0      0.0      0.0      0.0      0.0      0.0      0.0      10.0     1.0      0.0     
0.0      0.0      74.0     0.0      0.0      0.0      0.0      3.0      3.0      6.0      0.0      0.0      0.0      0.0      0.0      23.0     0.0      0.0      0.0      0.0      0.0      0.0      0.0      0.0      0.0      0.0      23.0     0.0      25.0     39.0     0.0      0.0      0.0      0.0      0.0      0.0      0.0      0.0      0.0      0.0      0.0      0.0      0.0      0.0      0.0      4.0      29.0     0.0      0.0      0.0      0.0      0.0      0.0      0.0      0.0      0.0      0.0      0.0      0.0      0.0      0.0      0.0      0.0      0.0      0.0      0.0      7.0      1.0      0.0      0.0      0.0      10.0     0.0      0.0      0.0      0.0      0.0      779.0    0.0      5.0      0.0      1.0      22.0     0.0      0.0      0.0      0.0      0.0      0.0      0.0      91.0     0.0      0.0      0.0      0.0      0.0      0.0      0.0      0.0      3.0      0.0      67.0     24.0     78.0     12.0     0.0      0.0      0.0      0.0      0.0      0.0      3.0      1.0      0.0      0.0      0.0      0.0      0.0      0.0      0.0      44.0     136.0    0.0      0.0      0.0      0.0      0.0      0.0      0.0      0.0      1.0      0.0      0.0      0.0      0.0      1.0      0.0      0.0      0.0      0.0      0.0      19.0     87.0     0.0      0.0      0.0      0.0      2.0      3.0      0.0     
0.0      0.0      0.0      0.0      0.0      0.0      2.0      0.0      0.0      0.0      0.0      0.0      0.0      0.0      2.0      5.0      0.0      0.0      0.0      0.0      0.0      0.0      0.0      0.0      0.0      0.0      0.0      0.0      0.0      0.0      0.0      0.0      0.0      0.0      0.0      0.0      0.0      0.0      0.0      0.0      0.0      0.0      0.0      0.0      0.0      0.0      0.0      0.0      0.0      0.0      0.0      0.0      0.0      1.0      0.0      0.0      0.0      0.0      0.0      0.0      0.0      0.0      0.0      0.0      0.0      0.0      2.0      0.0      0.0      0.0      0.0      0.0      0.0      0.0      0.0      0.0      0.0      0.0      385.0    0.0      0.0      0.0      0.0      0.0      0.0      0.0      64.0     0.0      0.0      2.0      10.0     2.0      4.0      0.0      1.0      0.0      0.0      0.0      3.0      84.0     129.0    71.0     40.0     55.0     0.0      0.0      0.0      0.0      3.0      0.0      0.0      1.0      2.0      0.0      0.0      25.0     0.0      0.0      0.0      0.0      42.0     0.0      2.0      3.0      47.0     0.0      0.0      2.0      0.0      3.0      155.0    102.0    0.0      0.0      0.0      0.0      0.0      0.0      0.0      1.0      0.0      0.0      105.0    47.0     0.0      0.0      0.0      1.0      3.0      0.0     
126.0    0.0      0.0      0.0      204.0    69.0     4.0      1.0      3.0      3.0      0.0      0.0      0.0      0.0      2.0      136.0    0.0      0.0      0.0      0.0      0.0      0.0      0.0      18.0     0.0      0.0      2.0      0.0      0.0      4.0      34.0     1.0      0.0      1.0      0.0      0.0      0.0      0.0      0.0      0.0      0.0      0.0      0.0      2.0      0.0      0.0      0.0      0.0      0.0      0.0      0.0      0.0      0.0      3.0      1.0      0.0      0.0      0.0      0.0      0.0      0.0      0.0      0.0      1.0      0.0      0.0      57.0     0.0      0.0      0.0      20.0     0.0      0.0      0.0      0.0      414.0    0.0      5.0      0.0      1566.0   146.0    54.0     40.0     19.0     9.0      6.0      0.0      9.0      3.0      51.0     549.0    4.0      2.0      31.0     74.0     1.0      25.0     1.0      45.0     133.0    20.0     63.0     0.0      1.0      59.0     2.0      4.0      0.0      7.0      12.0     5.0      17.0     44.0     1.0      0.0      5.0      0.0      66.0     7.0      12.0     0.0      6.0      3.0      8.0      1.0      1.0      16.0     2.0      291.0    7.0      10.0     68.0     7.0      39.0     2.0      0.0      39.0     21.0     1.0      1.0      32.0     191.0    7.0      2.0      0.0      43.0     31.0     27.0     49.0     0.0     
105.0    0.0      0.0      0.0      139.0    112.0    4.0      0.0      4.0      4.0      0.0      3.0      2.0      3.0      17.0     72.0     0.0      0.0      0.0      0.0      0.0      0.0      0.0      18.0     0.0      0.0      2.0      0.0      0.0      0.0      94.0     4.0      0.0      0.0      0.0      0.0      0.0      0.0      3.0      0.0      0.0      0.0      0.0      0.0      0.0      0.0      0.0      0.0      0.0      0.0      0.0      0.0      1.0      18.0     3.0      0.0      0.0      0.0      0.0      0.0      0.0      0.0      0.0      15.0     4.0      0.0      36.0     0.0      0.0      0.0      24.0     0.0      0.0      0.0      0.0      62.0     0.0      0.0      0.0      146.0    769.0    176.0    115.0    30.0     22.0     1.0      0.0      0.0      0.0      4.0      485.0    86.0     31.0     1.0      5.0      0.0      0.0      1.0      56.0     0.0      0.0      8.0      0.0      0.0      87.0     64.0     114.0    0.0      21.0     67.0     0.0      1.0      0.0      0.0      0.0      0.0      0.0      7.0      36.0     2.0      0.0      16.0     9.0      30.0     0.0      0.0      1.0      1.0      2.0      1.0      0.0      0.0      0.0      0.0      0.0      0.0      1.0      1.0      109.0    3.0      36.0     287.0    1.0      0.0      0.0      92.0     68.0     2.0      1.0      0.0     
1.0      0.0      0.0      0.0      1.0      1.0      1.0      2.0      3.0      1.0      0.0      4.0      0.0      0.0      10.0     13.0     0.0      0.0      0.0      0.0      0.0      0.0      0.0      0.0      1.0      0.0      9.0      1.0      0.0      7.0      2.0      0.0      0.0      1.0      1.0      0.0      0.0      0.0      0.0      0.0      0.0      0.0      0.0      0.0      0.0      0.0      0.0      0.0      2.0      1.0      0.0      0.0      1.0      2.0      8.0      0.0      0.0      0.0      0.0      0.0      0.0      0.0      0.0      0.0      0.0      0.0      5.0      1.0      0.0      0.0      0.0      8.0      0.0      0.0      0.0      7.0      0.0      1.0      0.0      54.0     176.0    413.0    172.0    40.0     26.0     0.0      0.0      0.0      0.0      0.0      330.0    16.0     4.0      0.0      0.0      0.0      1.0      4.0      7.0      0.0      0.0      2.0      0.0      0.0      130.0    4.0      13.0     0.0      1.0      12.0     0.0      0.0      0.0      0.0      0.0      0.0      0.0      0.0      5.0      3.0      0.0      32.0     0.0      2.0      0.0      0.0      1.0      0.0      0.0      0.0      0.0      0.0      0.0      0.0      0.0      0.0      1.0      0.0      22.0     0.0      51.0     144.0    0.0      0.0      0.0      20.0     97.0     0.0      0.0      0.0     
2.0      0.0      7.0      0.0      1.0      1.0      2.0      2.0      1.0      0.0      0.0      2.0      0.0      0.0      0.0      35.0     0.0      0.0      0.0      1.0      0.0      0.0      0.0      1.0      0.0      0.0      10.0     1.0      15.0     10.0     1.0      0.0      0.0      0.0      1.0      0.0      0.0      0.0      0.0      0.0      0.0      0.0      0.0      0.0      0.0      1.0      1.0      0.0      1.0      0.0      0.0      0.0      0.0      0.0      1.0      0.0      0.0      0.0      0.0      0.0      0.0      0.0      0.0      0.0      0.0      0.0      5.0      1.0      2.0      1.0      0.0      4.0      0.0      0.0      0.0      6.0      0.0      22.0     0.0      40.0     115.0    172.0    442.0    50.0     9.0      0.0      0.0      0.0      0.0      7.0      292.0    10.0     4.0      0.0      0.0      0.0      0.0      0.0      3.0      0.0      0.0      0.0      0.0      3.0      109.0    4.0      7.0      0.0      0.0      6.0      0.0      0.0      0.0      0.0      0.0      0.0      0.0      0.0      5.0      0.0      0.0      74.0     0.0      1.0      0.0      0.0      0.0      1.0      1.0      0.0      0.0      0.0      0.0      0.0      0.0      0.0      0.0      0.0      13.0     0.0      48.0     112.0    0.0      0.0      0.0      16.0     101.0    0.0      0.0      0.0     
0.0      0.0      0.0      0.0      0.0      0.0      1.0      0.0      0.0      0.0      0.0      0.0      0.0      0.0      0.0      5.0      0.0      0.0      0.0      0.0      0.0      0.0      0.0      0.0      0.0      0.0      0.0      0.0      0.0      0.0      0.0      0.0      0.0      0.0      0.0      0.0      0.0      0.0      0.0      0.0      0.0      0.0      0.0      0.0      0.0      0.0      0.0      0.0      0.0      0.0      0.0      0.0      0.0      0.0      0.0      0.0      0.0      0.0      0.0      0.0      0.0      0.0      0.0      0.0      0.0      0.0      5.0      0.0      0.0      0.0      0.0      0.0      0.0      0.0      0.0      1.0      0.0      0.0      0.0      19.0     30.0     40.0     50.0     130.0    58.0     0.0      0.0      0.0      0.0      2.0      64.0     3.0      1.0      1.0      0.0      0.0      0.0      1.0      1.0      0.0      0.0      1.0      0.0      0.0      34.0     0.0      3.0      0.0      0.0      2.0      0.0      0.0      0.0      0.0      0.0      0.0      0.0      0.0      1.0      0.0      0.0      8.0      0.0      1.0      0.0      0.0      0.0      1.0      2.0      1.0      1.0      0.0      1.0      1.0      0.0      0.0      0.0      0.0      4.0      0.0      17.0     92.0     0.0      0.0      0.0      7.0      35.0     0.0      1.0      0.0     
0.0      0.0      4.0      0.0      0.0      0.0      0.0      0.0      0.0      0.0      3.0      0.0      0.0      0.0      0.0      9.0      0.0      0.0      0.0      1.0      0.0      2.0      0.0      0.0      0.0      0.0      2.0      0.0      0.0      0.0      0.0      0.0      0.0      0.0      0.0      0.0      0.0      0.0      0.0      0.0      0.0      0.0      0.0      0.0      4.0      0.0      1.0      0.0      0.0      0.0      0.0      0.0      0.0      0.0      2.0      0.0      0.0      0.0      0.0      0.0      0.0      2.0      0.0      0.0      0.0      2.0      16.0     0.0      0.0      0.0      0.0      0.0      0.0      0.0      0.0      4.0      0.0      0.0      0.0      9.0      22.0     26.0     9.0      58.0     250.0    3.0      0.0      0.0      0.0      5.0      75.0     2.0      0.0      8.0      8.0      0.0      1.0      73.0     0.0      3.0      0.0      8.0      0.0      0.0      92.0     1.0      2.0      0.0      14.0     9.0      0.0      2.0      2.0      0.0      0.0      0.0      0.0      0.0      10.0     58.0     0.0      0.0      0.0      11.0     0.0      2.0      0.0      3.0      4.0      2.0      0.0      1.0      3.0      7.0      0.0      0.0      2.0      0.0      3.0      0.0      33.0     116.0    0.0      0.0      0.0      0.0      22.0     3.0      4.0      0.0     
0.0      0.0      0.0      0.0      0.0      1.0      0.0      0.0      0.0      2.0      27.0     0.0      0.0      0.0      0.0      0.0      0.0      0.0      0.0      13.0     0.0      1.0      4.0      0.0      0.0      0.0      0.0      0.0      0.0      0.0      1.0      7.0      0.0      0.0      3.0      0.0      0.0      0.0      0.0      0.0      0.0      0.0      79.0     4.0      105.0    0.0      0.0      0.0      0.0      0.0      0.0      0.0      0.0      0.0      0.0      0.0      0.0      0.0      0.0      0.0      0.0      5.0      0.0      1.0      0.0      13.0     90.0     0.0      0.0      0.0      0.0      0.0      0.0      0.0      0.0      15.0     0.0      0.0      0.0      6.0      1.0      0.0      0.0      0.0      3.0      399.0    0.0      0.0      0.0      1.0      3.0      2.0      0.0      1.0      152.0    0.0      61.0     27.0     4.0      0.0      0.0      4.0      0.0      0.0      4.0      4.0      5.0      0.0      0.0      4.0      0.0      0.0      0.0      0.0      0.0      0.0      0.0      13.0     25.0     224.0    0.0      0.0      2.0      2.0      0.0      7.0      0.0      0.0      2.0      0.0      0.0      0.0      0.0      7.0      0.0      0.0      58.0     1.0      1.0      0.0      122.0    131.0    0.0      0.0      0.0      0.0      0.0      0.0      0.0      0.0     
0.0      0.0      0.0      0.0      0.0      3.0      3.0      2.0      0.0      0.0      0.0      2.0      0.0      0.0      20.0     27.0     0.0      0.0      0.0      0.0      0.0      0.0      0.0      0.0      0.0      0.0      0.0      0.0      3.0      0.0      0.0      0.0      0.0      1.0      1.0      0.0      0.0      0.0      0.0      0.0      0.0      0.0      0.0      0.0      0.0      0.0      0.0      0.0      1.0      0.0      0.0      0.0      2.0      5.0      8.0      0.0      0.0      0.0      0.0      0.0      0.0      0.0      0.0      0.0      0.0      0.0      2.0      0.0      1.0      0.0      0.0      0.0      0.0      0.0      0.0      0.0      0.0      0.0      64.0     0.0      0.0      0.0      0.0      0.0      0.0      0.0      762.0    0.0      7.0      33.0     268.0    0.0      1.0      0.0      1.0      0.0      0.0      0.0      2.0      69.0     44.0     37.0     63.0     99.0     1.0      0.0      0.0      0.0      1.0      0.0      1.0      2.0      7.0      0.0      16.0     15.0     0.0      0.0      0.0      0.0      40.0     0.0      1.0      0.0      239.0    0.0      0.0      19.0     4.0      121.0    73.0     41.0     0.0      0.0      0.0      0.0      0.0      2.0      0.0      1.0      0.0      0.0      82.0     211.0    47.0     0.0      0.0      3.0      9.0      0.0     
1.0      0.0      0.0      0.0      5.0      1.0      0.0      0.0      0.0      0.0      0.0      0.0      0.0      0.0      4.0      7.0      0.0      0.0      0.0      0.0      0.0      0.0      0.0      0.0      0.0      0.0      0.0      0.0      0.0      0.0      0.0      0.0      0.0      0.0      0.0      0.0      0.0      0.0      0.0      0.0      0.0      0.0      0.0      0.0      0.0      0.0      0.0      0.0      0.0      0.0      0.0      0.0      0.0      2.0      0.0      0.0      0.0      0.0      0.0      0.0      0.0      0.0      0.0      0.0      0.0      0.0      0.0      0.0      0.0      0.0      0.0      0.0      0.0      0.0      0.0      1.0      0.0      0.0      0.0      9.0      0.0      0.0      0.0      0.0      0.0      0.0      0.0      115.0    41.0     13.0     6.0      0.0      2.0      8.0      19.0     0.0      0.0      0.0      31.0     6.0      2.0      3.0      0.0      0.0      5.0      0.0      0.0      0.0      0.0      0.0      1.0      1.0      1.0      67.0     0.0      2.0      0.0      2.0      0.0      0.0      0.0      0.0      33.0     3.0      35.0     0.0      0.0      0.0      10.0     4.0      0.0      0.0      2.0      13.0     0.0      0.0      0.0      16.0     0.0      0.0      1.0      0.0      0.0      0.0      0.0      0.0      0.0      2.0      6.0      0.0     
0.0      0.0      0.0      0.0      3.0      0.0      2.0      0.0      0.0      0.0      0.0      0.0      0.0      0.0      15.0     17.0     0.0      0.0      0.0      0.0      0.0      0.0      0.0      0.0      0.0      0.0      0.0      0.0      0.0      0.0      0.0      0.0      0.0      0.0      0.0      0.0      0.0      0.0      0.0      0.0      0.0      0.0      0.0      0.0      0.0      0.0      0.0      0.0      0.0      0.0      0.0      0.0      0.0      10.0     5.0      0.0      0.0      0.0      0.0      0.0      0.0      0.0      0.0      0.0      0.0      0.0      0.0      0.0      0.0      0.0      0.0      0.0      0.0      0.0      0.0      0.0      0.0      0.0      0.0      3.0      0.0      0.0      0.0      0.0      0.0      0.0      7.0      41.0     292.0    40.0     112.0    3.0      9.0      8.0      10.0     0.0      0.0      0.0      1.0      5.0      2.0      5.0      7.0      31.0     2.0      0.0      0.0      0.0      0.0      0.0      1.0      2.0      1.0      67.0     24.0     1.0      0.0      3.0      0.0      0.0      7.0      0.0      1.0      1.0      75.0     0.0      0.0      65.0     9.0      37.0     5.0      4.0      3.0      8.0      0.0      1.0      0.0      25.0     0.0      0.0      0.0      0.0      4.0      6.0      7.0      0.0      0.0      2.0      5.0      0.0     
8.0      0.0      0.0      0.0      9.0      8.0      12.0     2.0      1.0      1.0      0.0      0.0      0.0      0.0      19.0     119.0    0.0      0.0      0.0      0.0      0.0      0.0      0.0      2.0      1.0      0.0      1.0      0.0      1.0      1.0      1.0      2.0      0.0      0.0      0.0      0.0      0.0      0.0      0.0      0.0      0.0      0.0      0.0      0.0      0.0      0.0      1.0      0.0      0.0      0.0      0.0      0.0      0.0      9.0      15.0     1.0      0.0      0.0      0.0      0.0      0.0      0.0      0.0      0.0      1.0      0.0      47.0     0.0      0.0      0.0      2.0      0.0      0.0      1.0      0.0      53.0     2.0      0.0      2.0      51.0     4.0      0.0      7.0      2.0      5.0      1.0      33.0     13.0     40.0     1667.0   425.0    10.0     9.0      69.0     101.0    0.0      12.0     1.0      54.0     43.0     31.0     53.0     64.0     220.0    27.0     0.0      2.0      0.0      10.0     3.0      4.0      17.0     30.0     10.0     4.0      11.0     0.0      46.0     0.0      4.0      51.0     1.0      3.0      67.0     39.0     0.0      8.0      409.0    507.0    317.0    26.0     31.0     15.0     112.0    3.0      1.0      11.0     91.0     0.0      0.0      1.0      40.0     51.0     129.0    80.0     0.0      4.0      26.0     44.0     0.0     
141.0    0.0      20.0     0.0      192.0    97.0     16.0     54.0     17.0     14.0     0.0      11.0     3.0      4.0      53.0     560.0    1.0      1.0      0.0      0.0      0.0      0.0      0.0      32.0     0.0      0.0      28.0     1.0      40.0     27.0     79.0     10.0     0.0      2.0      2.0      0.0      0.0      1.0      3.0      0.0      0.0      0.0      0.0      3.0      0.0      0.0      9.0      1.0      3.0      2.0      0.0      0.0      5.0      27.0     43.0     0.0      0.0      0.0      0.0      0.0      0.0      0.0      0.0      5.0      5.0      1.0      280.0    2.0      3.0      7.0      21.0     18.0     0.0      0.0      0.0      252.0    1.0      91.0     10.0     549.0    485.0    330.0    292.0    64.0     75.0     3.0      268.0    6.0      112.0    425.0    5047.0   13.0     14.0     72.0     163.0    0.0      20.0     10.0     33.0     51.0     12.0     65.0     12.0     130.0    227.0    64.0     16.0     0.0      6.0      17.0     0.0      4.0      5.0      11.0     24.0     15.0     0.0      56.0     24.0     15.0     6.0      49.0     2.0      49.0     133.0    0.0      9.0      105.0    126.0    441.0    55.0     41.0     11.0     135.0    2.0      1.0      25.0     48.0     7.0      0.0      51.0     558.0    22.0     98.0     64.0     93.0     107.0    12.0     24.0     0.0     
1.0      0.0      0.0      0.0      1.0      9.0      2.0      0.0      1.0      1.0      0.0      0.0      0.0      0.0      1.0      5.0      0.0      0.0      0.0      0.0      0.0      0.0      0.0      1.0      0.0      0.0      0.0      0.0      0.0      0.0      5.0      6.0      0.0      0.0      0.0      0.0      0.0      0.0      0.0      0.0      0.0      0.0      0.0      0.0      0.0      0.0      0.0      0.0      0.0      0.0      0.0      0.0      0.0      2.0      1.0      0.0      0.0      0.0      0.0      0.0      0.0      0.0      0.0      4.0      0.0      0.0      5.0      0.0      0.0      0.0      1.0      0.0      0.0      0.0      0.0      10.0     0.0      0.0      2.0      4.0      86.0     16.0     10.0     3.0      2.0      2.0      0.0      0.0      3.0      10.0     13.0     360.0    87.0     1.0      32.0     0.0      9.0      6.0      37.0     28.0     20.0     6.0      2.0      3.0      7.0      89.0     187.0    0.0      74.0     83.0     2.0      5.0      0.0      0.0      0.0      45.0     0.0      32.0     32.0     10.0     0.0      1.0      24.0     124.0    22.0     0.0      2.0      2.0      2.0      3.0      29.0     1.0      2.0      7.0      0.0      2.0      11.0     8.0      142.0    6.0      12.0     25.0     4.0      2.0      0.0      11.0     4.0      2.0      24.0     0.0     
2.0      0.0      0.0      0.0      1.0      7.0      1.0      0.0      1.0      1.0      0.0      1.0      0.0      0.0      3.0      3.0      0.0      0.0      0.0      0.0      0.0      0.0      0.0      4.0      1.0      0.0      1.0      0.0      0.0      1.0      5.0      0.0      0.0      0.0      0.0      0.0      0.0      0.0      0.0      0.0      0.0      0.0      0.0      0.0      0.0      0.0      0.0      0.0      0.0      0.0      0.0      0.0      0.0      3.0      0.0      0.0      0.0      0.0      0.0      0.0      0.0      0.0      0.0      4.0      0.0      0.0      5.0      0.0      0.0      0.0      1.0      1.0      0.0      0.0      0.0      33.0     0.0      0.0      4.0      2.0      31.0     4.0      4.0      1.0      0.0      0.0      1.0      2.0      9.0      9.0      14.0     87.0     217.0    2.0      1.0      0.0      0.0      0.0      73.0     20.0     14.0     3.0      0.0      0.0      8.0      22.0     23.0     0.0      36.0     24.0     1.0      2.0      3.0      0.0      0.0      32.0     0.0      1.0      3.0      0.0      0.0      1.0      72.0     52.0     65.0     0.0      0.0      2.0      4.0      4.0      30.0     0.0      3.0      1.0      0.0      0.0      0.0      10.0     34.0     21.0     3.0      7.0      0.0      1.0      0.0      5.0      4.0      2.0      23.0     0.0     
0.0      0.0      0.0      0.0      0.0      0.0      0.0      0.0      0.0      1.0      56.0     0.0      0.0      0.0      0.0      0.0      0.0      0.0      7.0      89.0     0.0      1.0      1.0      0.0      1.0      0.0      9.0      0.0      0.0      8.0      0.0      5.0      0.0      1.0      1.0      0.0      10.0     1.0      0.0      0.0      0.0      0.0      19.0     1.0      29.0     0.0      0.0      0.0      0.0      0.0      0.0      0.0      0.0      0.0      0.0      0.0      0.0      0.0      2.0      1.0      1.0      1.0      0.0      0.0      0.0      63.0     134.0    0.0      0.0      0.0      0.0      0.0      7.0      10.0     0.0      33.0     51.0     0.0      0.0      31.0     1.0      0.0      0.0      1.0      8.0      1.0      0.0      8.0      8.0      69.0     72.0     1.0      2.0      1412.0   19.0     154.0    0.0      21.0     39.0     93.0     11.0     153.0    0.0      1.0      37.0     0.0      4.0      2.0      59.0     33.0     0.0      117.0    117.0    11.0     1.0      7.0      0.0      87.0     162.0    3.0      0.0      3.0      9.0      70.0     13.0     160.0    17.0     8.0      56.0     15.0     8.0      137.0    215.0    494.0    42.0     87.0     58.0     26.0     0.0      1.0      47.0     101.0    2.0      0.0      1.0      0.0      3.0      185.0    204.0    5.0     
0.0      0.0      0.0      0.0      0.0      2.0      0.0      0.0      0.0      3.0      63.0     0.0      0.0      0.0      0.0      1.0      0.0      0.0      0.0      48.0     0.0      4.0      4.0      0.0      0.0      0.0      1.0      0.0      0.0      0.0      1.0      18.0     0.0      0.0      3.0      0.0      0.0      0.0      0.0      0.0      0.0      0.0      75.0     2.0      125.0    0.0      0.0      0.0      0.0      0.0      0.0      0.0      0.0      0.0      0.0      0.0      0.0      1.0      0.0      0.0      0.0      7.0      0.0      1.0      0.0      25.0     108.0    0.0      0.0      0.0      0.0      0.0      0.0      0.0      0.0      33.0     11.0     0.0      1.0      74.0     5.0      0.0      0.0      0.0      8.0      152.0    1.0      19.0     10.0     101.0    163.0    32.0     1.0      19.0     1094.0   21.0     16.0     26.0     45.0     4.0      6.0      43.0     1.0      6.0      8.0      19.0     40.0     0.0      20.0     33.0     3.0      20.0     40.0     19.0     1.0      2.0      0.0      46.0     55.0     102.0    0.0      0.0      10.0     45.0     10.0     15.0     3.0      5.0      96.0     25.0     7.0      26.0     9.0      332.0    10.0     7.0      25.0     34.0     15.0     2.0      158.0    133.0    2.0      1.0      1.0      0.0      0.0      50.0     19.0     0.0     
0.0      0.0      0.0      0.0      0.0      0.0      0.0      0.0      0.0      0.0      0.0      0.0      0.0      0.0      0.0      0.0      0.0      0.0      0.0      0.0      0.0      0.0      0.0      0.0      0.0      0.0      0.0      1.0      0.0      0.0      0.0      0.0      0.0      0.0      0.0      0.0      0.0      0.0      0.0      0.0      0.0      0.0      0.0      0.0      0.0      0.0      0.0      0.0      0.0      0.0      0.0      0.0      0.0      0.0      0.0      0.0      0.0      0.0      0.0      0.0      0.0      0.0      0.0      0.0      0.0      0.0      0.0      1.0      0.0      0.0      0.0      0.0      0.0      0.0      0.0      1.0      28.0     0.0      0.0      1.0      0.0      0.0      0.0      0.0      0.0      0.0      0.0      0.0      0.0      0.0      0.0      0.0      0.0      154.0    21.0     336.0    3.0      19.0     0.0      0.0      0.0      0.0      0.0      0.0      1.0      0.0      0.0      0.0      0.0      1.0      0.0      18.0     1.0      0.0      0.0      0.0      0.0      68.0     47.0     0.0      0.0      0.0      0.0      0.0      0.0      116.0    35.0     0.0      0.0      0.0      0.0      0.0      112.0    25.0     0.0      49.0     97.0     0.0      0.0      0.0      0.0      0.0      0.0      0.0      0.0      0.0      1.0      5.0      0.0      0.0     
0.0      0.0      0.0      0.0      0.0      1.0      0.0      0.0      0.0      1.0      0.0      0.0      0.0      0.0      0.0      0.0      0.0      0.0      0.0      0.0      0.0      0.0      1.0      1.0      0.0      0.0      0.0      0.0      0.0      0.0      1.0      4.0      0.0      1.0      0.0      0.0      0.0      0.0      0.0      0.0      0.0      0.0      1.0      3.0      3.0      0.0      0.0      0.0      1.0      0.0      0.0      0.0      0.0      0.0      0.0      0.0      0.0      0.0      0.0      0.0      0.0      1.0      0.0      0.0      0.0      0.0      4.0      0.0      0.0      0.0      0.0      0.0      0.0      0.0      0.0      100.0    0.0      0.0      0.0      25.0     0.0      1.0      0.0      0.0      1.0      61.0     0.0      0.0      0.0      12.0     20.0     9.0      0.0      0.0      16.0     3.0      315.0    19.0     3.0      0.0      0.0      1.0      0.0      0.0      2.0      5.0      13.0     0.0      13.0     16.0     0.0      0.0      0.0      0.0      0.0      0.0      0.0      33.0     18.0     97.0     0.0      0.0      1.0      5.0      0.0      3.0      65.0     0.0      19.0     0.0      0.0      0.0      0.0      0.0      0.0      0.0      178.0    0.0      3.0      0.0      35.0     7.0      0.0      1.0      0.0      0.0      1.0      0.0      3.0      0.0     
0.0      0.0      1.0      0.0      0.0      0.0      0.0      0.0      0.0      0.0      0.0      0.0      0.0      0.0      0.0      3.0      0.0      0.0      0.0      0.0      0.0      0.0      0.0      0.0      0.0      0.0      0.0      0.0      0.0      1.0      0.0      0.0      0.0      0.0      0.0      0.0      0.0      1.0      0.0      0.0      0.0      0.0      0.0      0.0      0.0      0.0      0.0      0.0      0.0      0.0      0.0      0.0      0.0      0.0      0.0      0.0      0.0      0.0      0.0      0.0      0.0      0.0      0.0      0.0      0.0      0.0      3.0      0.0      0.0      0.0      0.0      0.0      1.0      0.0      0.0      4.0      0.0      0.0      0.0      1.0      1.0      4.0      0.0      1.0      73.0     27.0     0.0      0.0      0.0      1.0      10.0     6.0      0.0      21.0     26.0     19.0     19.0     316.0    0.0      1.0      2.0      45.0     0.0      0.0      103.0    0.0      1.0      0.0      7.0      12.0     0.0      1.0      0.0      0.0      0.0      0.0      0.0      5.0      90.0     151.0    0.0      0.0      0.0      8.0      0.0      57.0     1.0      0.0      1.0      0.0      0.0      9.0      10.0     9.0      0.0      0.0      121.0    0.0      1.0      0.0      93.0     12.0     0.0      0.0      0.0      0.0      5.0      1.0      3.0      0.0     
16.0     0.0      0.0      0.0      22.0     54.0     1.0      1.0      1.0      1.0      0.0      0.0      0.0      0.0      0.0      8.0      0.0      0.0      0.0      0.0      0.0      0.0      0.0      30.0     0.0      0.0      0.0      0.0      0.0      1.0      65.0     12.0     0.0      1.0      0.0      0.0      0.0      0.0      0.0      0.0      0.0      0.0      1.0      0.0      1.0      0.0      0.0      0.0      0.0      0.0      0.0      0.0      0.0      3.0      0.0      0.0      0.0      0.0      0.0      0.0      0.0      0.0      0.0      18.0     1.0      0.0      21.0     0.0      0.0      0.0      9.0      1.0      0.0      0.0      0.0      163.0    0.0      0.0      3.0      45.0     56.0     7.0      3.0      1.0      0.0      4.0      2.0      31.0     1.0      54.0     33.0     37.0     73.0     39.0     45.0     0.0      3.0      0.0      731.0    32.0     27.0     13.0     0.0      0.0      16.0     76.0     18.0     0.0      33.0     41.0     3.0      9.0      18.0     7.0      0.0      39.0     0.0      23.0     28.0     5.0      0.0      0.0      153.0    98.0     20.0     0.0      3.0      0.0      7.0      0.0      15.0     6.0      9.0      42.0     0.0      3.0      9.0      138.0    73.0     154.0    5.0      19.0     0.0      1.0      0.0      7.0      3.0      11.0     52.0     0.0     
1.0      0.0      0.0      0.0      0.0      0.0      0.0      0.0      0.0      0.0      0.0      1.0      0.0      0.0      4.0      2.0      0.0      0.0      2.0      1.0      0.0      0.0      0.0      0.0      0.0      0.0      6.0      0.0      0.0      5.0      1.0      13.0     0.0      3.0      1.0      0.0      8.0      0.0      0.0      0.0      0.0      0.0      0.0      0.0      0.0      0.0      0.0      0.0      3.0      0.0      0.0      0.0      1.0      0.0      0.0      0.0      0.0      0.0      0.0      2.0      0.0      0.0      0.0      0.0      0.0      2.0      12.0     0.0      0.0      0.0      0.0      1.0      7.0      8.0      0.0      128.0    0.0      3.0      84.0     133.0    0.0      0.0      0.0      0.0      3.0      0.0      69.0     6.0      5.0      43.0     51.0     28.0     20.0     93.0     4.0      0.0      0.0      1.0      32.0     1226.0   96.0     67.0     0.0      17.0     24.0     2.0      1.0      2.0      30.0     3.0      3.0      100.0    124.0    3.0      1.0      78.0     0.0      1.0      2.0      0.0      0.0      7.0      12.0     32.0     79.0     1.0      0.0      2.0      139.0    16.0     337.0    209.0    8.0      21.0     21.0     21.0     0.0      18.0     0.0      11.0     0.0      21.0     6.0      28.0     0.0      0.0      0.0      116.0    415.0    3.0     
1.0      0.0      0.0      0.0      0.0      0.0      1.0      0.0      0.0      0.0      0.0      0.0      0.0      0.0      2.0      2.0      0.0      0.0      0.0      0.0      0.0      0.0      0.0      0.0      1.0      0.0      0.0      0.0      0.0      2.0      1.0      8.0      0.0      0.0      0.0      0.0      0.0      0.0      0.0      0.0      0.0      0.0      0.0      0.0      0.0      0.0      0.0      0.0      0.0      0.0      0.0      0.0      0.0      0.0      0.0      0.0      0.0      0.0      0.0      0.0      0.0      0.0      0.0      0.0      0.0      0.0      1.0      0.0      0.0      0.0      0.0      2.0      0.0      1.0      0.0      13.0     0.0      0.0      129.0    20.0     0.0      0.0      0.0      0.0      0.0      0.0      44.0     2.0      2.0      31.0     12.0     20.0     14.0     11.0     6.0      0.0      0.0      2.0      27.0     96.0     645.0    31.0     9.0      31.0     16.0     0.0      0.0      2.0      36.0     5.0      51.0     6.0      72.0     0.0      1.0      114.0    0.0      3.0      0.0      0.0      5.0      4.0      15.0     19.0     55.0     0.0      2.0      2.0      52.0     8.0      298.0    95.0     2.0      4.0      2.0      1.0      0.0      15.0     0.0      7.0      0.0      0.0      81.0     33.0     0.0      0.0      0.0      29.0     151.0    3.0     
1.0      0.0      13.0     0.0      0.0      2.0      0.0      0.0      0.0      5.0      4.0      1.0      0.0      0.0      0.0      0.0      0.0      0.0      7.0      4.0      0.0      0.0      1.0      0.0      20.0     0.0      105.0    0.0      1.0      109.0    0.0      30.0     0.0      9.0      0.0      0.0      30.0     20.0     0.0      0.0      0.0      0.0      0.0      2.0      3.0      0.0      33.0     0.0      7.0      0.0      0.0      0.0      0.0      0.0      0.0      3.0      0.0      0.0      2.0      0.0      0.0      1.0      0.0      1.0      0.0      8.0      217.0    1.0      1.0      0.0      0.0      58.0     30.0     52.0     0.0      140.0    0.0      67.0     71.0     63.0     8.0      2.0      0.0      1.0      8.0      4.0      37.0     3.0      5.0      53.0     65.0     6.0      3.0      153.0    43.0     0.0      1.0      45.0     13.0     67.0     31.0     2618.0   55.0     211.0    660.0    12.0     27.0     2.0      135.0    6.0      18.0     100.0    119.0    5.0      2.0      50.0     0.0      3.0      23.0     35.0     73.0     127.0    5.0      47.0     10.0     14.0     0.0      3.0      74.0     26.0     29.0     1033.0   13.0     120.0    13.0     28.0     28.0     17.0     4.0      1.0      113.0    186.0    475.0    76.0     0.0      1.0      14.0     141.0    173.0    14.0    
0.0      0.0      1.0      0.0      0.0      1.0      0.0      0.0      0.0      0.0      0.0      0.0      0.0      0.0      0.0      0.0      0.0      0.0      0.0      0.0      0.0      0.0      0.0      0.0      0.0      0.0      0.0      0.0      2.0      0.0      0.0      2.0      0.0      0.0      0.0      0.0      0.0      0.0      0.0      0.0      0.0      0.0      0.0      0.0      0.0      0.0      2.0      0.0      0.0      0.0      0.0      0.0      0.0      0.0      0.0      0.0      0.0      0.0      0.0      0.0      0.0      0.0      0.0      0.0      0.0      0.0      0.0      0.0      0.0      0.0      0.0      0.0      0.0      0.0      0.0      38.0     0.0      24.0     40.0     0.0      0.0      0.0      0.0      0.0      0.0      0.0      63.0     0.0      7.0      64.0     12.0     2.0      0.0      0.0      1.0      0.0      0.0      0.0      0.0      0.0      9.0      55.0     814.0    244.0    0.0      2.0      2.0      0.0      0.0      0.0      0.0      0.0      0.0      0.0      0.0      0.0      0.0      1.0      0.0      0.0      462.0    2.0      0.0      2.0      3.0      0.0      0.0      32.0     21.0     15.0     2.0      43.0     0.0      2.0      0.0      0.0      0.0      3.0      0.0      0.0      0.0      0.0      530.0    99.0     14.0     0.0      0.0      0.0      0.0      0.0     
1.0      0.0      22.0     0.0      0.0      0.0      2.0      12.0     0.0      0.0      0.0      0.0      0.0      0.0      4.0      34.0     0.0      0.0      0.0      0.0      0.0      0.0      0.0      0.0      0.0      0.0      6.0      0.0      23.0     7.0      0.0      0.0      0.0      0.0      0.0      0.0      0.0      0.0      0.0      0.0      0.0      0.0      0.0      1.0      0.0      0.0      7.0      0.0      0.0      0.0      0.0      0.0      0.0      0.0      0.0      0.0      0.0      0.0      0.0      0.0      0.0      0.0      0.0      0.0      0.0      0.0      4.0      0.0      1.0      4.0      0.0      3.0      0.0      0.0      0.0      5.0      0.0      78.0     55.0     1.0      0.0      0.0      3.0      0.0      0.0      0.0      99.0     0.0      31.0     220.0    130.0    3.0      0.0      1.0      6.0      0.0      0.0      0.0      0.0      17.0     31.0     211.0    244.0    1611.0   3.0      2.0      2.0      0.0      2.0      0.0      0.0      0.0      1.0      0.0      7.0      0.0      0.0      1.0      1.0      0.0      253.0    2.0      0.0      5.0      14.0     0.0      0.0      138.0    47.0     50.0     19.0     126.0    1.0      2.0      0.0      0.0      0.0      4.0      1.0      0.0      0.0      0.0      351.0    352.0    153.0    0.0      0.0      0.0      3.0      0.0     
0.0      0.0      27.0     0.0      0.0      1.0      0.0      5.0      1.0      3.0      2.0      0.0      0.0      0.0      2.0      31.0     0.0      0.0      0.0      12.0     0.0      1.0      0.0      0.0      14.0     0.0      129.0    0.0      4.0      65.0     0.0      16.0     1.0      16.0     5.0      0.0      26.0     21.0     0.0      0.0      3.0      0.0      0.0      3.0      3.0      2.0      27.0     0.0      13.0     0.0      0.0      0.0      0.0      0.0      2.0      5.0      2.0      0.0      0.0      1.0      0.0      1.0      0.0      0.0      0.0      5.0      169.0    0.0      0.0      0.0      1.0      41.0     30.0     40.0     0.0      14.0     0.0      12.0     0.0      59.0     87.0     130.0    109.0    34.0     92.0     4.0      1.0      5.0      2.0      27.0     227.0    7.0      8.0      37.0     8.0      1.0      2.0      103.0    16.0     24.0     16.0     660.0    0.0      3.0      2022.0   3.0      12.0     2.0      172.0    25.0     14.0     110.0    100.0    5.0      0.0      26.0     0.0      1.0      54.0     88.0     0.0      272.0    4.0      97.0     9.0      16.0     0.0      4.0      50.0     4.0      8.0      112.0    2.0      22.0     6.0      24.0     39.0     17.0     4.0      1.0      155.0    280.0    51.0     0.0      0.0      6.0      290.0    150.0    184.0    8.0     
51.0     0.0      0.0      0.0      24.0     31.0     0.0      1.0      0.0      0.0      0.0      0.0      0.0      0.0      1.0      8.0      0.0      0.0      0.0      0.0      0.0      0.0      0.0      31.0     0.0      0.0      0.0      0.0      0.0      0.0      74.0     1.0      0.0      0.0      0.0      0.0      0.0      0.0      0.0      0.0      0.0      0.0      0.0      0.0      0.0      0.0      0.0      0.0      0.0      0.0      0.0      0.0      0.0      0.0      0.0      0.0      0.0      0.0      0.0      0.0      0.0      0.0      0.0      5.0      4.0      0.0      3.0      0.0      0.0      0.0      9.0      0.0      0.0      0.0      0.0      251.0    0.0      0.0      0.0      2.0      64.0     4.0      4.0      0.0      1.0      4.0      0.0      0.0      0.0      0.0      64.0     89.0     22.0     0.0      19.0     0.0      5.0      0.0      76.0     2.0      0.0      12.0     2.0      2.0      3.0      417.0    101.0    0.0      13.0     80.0     0.0      1.0      0.0      0.0      0.0      0.0      0.0      25.0     56.0     10.0     2.0      0.0      21.0     16.0     0.0      0.0      3.0      0.0      0.0      0.0      1.0      3.0      0.0      6.0      0.0      0.0      14.0     0.0      133.0    13.0     9.0      20.0     3.0      0.0      0.0      37.0     2.0      3.0      1.0      0.0     
5.0      1.0      0.0      0.0      0.0      14.0     1.0      0.0      1.0      1.0      5.0      0.0      0.0      0.0      1.0      5.0      0.0      0.0      1.0      6.0      0.0      1.0      0.0      4.0      5.0      1.0      19.0     2.0      1.0      0.0      5.0      170.0    1.0      1.0      4.0      0.0      2.0      3.0      0.0      0.0      1.0      0.0      10.0     26.0     14.0     0.0      0.0      0.0      1.0      0.0      0.0      2.0      0.0      0.0      0.0      0.0      3.0      1.0      1.0      0.0      0.0      1.0      0.0      2.0      1.0      0.0      4.0      6.0      0.0      1.0      0.0      0.0      4.0      2.0      0.0      8.0      0.0      0.0      0.0      4.0      114.0    13.0     7.0      3.0      2.0      5.0      0.0      0.0      0.0      2.0      16.0     187.0    23.0     4.0      40.0     0.0      13.0     1.0      18.0     1.0      0.0      27.0     2.0      2.0      12.0     101.0    569.0    0.0      23.0     85.0     1.0      6.0      1.0      0.0      0.0      1.0      0.0      55.0     81.0     14.0     1.0      1.0      0.0      31.0     0.0      0.0      3.0      0.0      2.0      1.0      0.0      7.0      1.0      9.0      0.0      0.0      16.0     0.0      163.0    3.0      9.0      40.0     4.0      0.0      0.0      24.0     2.0      8.0      2.0      0.0     
0.0      0.0      0.0      0.0      0.0      0.0      0.0      0.0      0.0      0.0      0.0      0.0      0.0      0.0      0.0      0.0      0.0      0.0      0.0      0.0      0.0      0.0      0.0      0.0      0.0      0.0      0.0      0.0      0.0      0.0      0.0      0.0      0.0      0.0      0.0      0.0      0.0      0.0      0.0      0.0      0.0      0.0      0.0      0.0      0.0      0.0      0.0      0.0      0.0      0.0      0.0      0.0      0.0      0.0      0.0      0.0      0.0      0.0      0.0      0.0      0.0      0.0      0.0      0.0      0.0      0.0      0.0      0.0      0.0      0.0      0.0      0.0      0.0      0.0      0.0      0.0      0.0      0.0      0.0      0.0      0.0      0.0      0.0      0.0      0.0      0.0      0.0      0.0      0.0      0.0      0.0      0.0      0.0      2.0      0.0      0.0      0.0      0.0      0.0      2.0      2.0      2.0      0.0      0.0      2.0      0.0      0.0      19.0     12.0     1.0      0.0      4.0      3.0      0.0      0.0      4.0      0.0      0.0      0.0      0.0      0.0      0.0      0.0      7.0      0.0      0.0      0.0      0.0      0.0      0.0      0.0      2.0      0.0      1.0      0.0      0.0      0.0      0.0      0.0      0.0      0.0      0.0      0.0      0.0      0.0      0.0      0.0      0.0      5.0      10.0    
1.0      0.0      0.0      0.0      0.0      3.0      1.0      0.0      0.0      1.0      2.0      0.0      0.0      0.0      0.0      3.0      0.0      0.0      0.0      1.0      0.0      0.0      0.0      2.0      0.0      0.0      3.0      0.0      0.0      5.0      3.0      0.0      0.0      0.0      0.0      0.0      3.0      4.0      0.0      0.0      0.0      0.0      0.0      0.0      2.0      0.0      1.0      0.0      0.0      0.0      0.0      0.0      0.0      0.0      1.0      0.0      0.0      0.0      0.0      0.0      0.0      0.0      0.0      1.0      0.0      1.0      5.0      0.0      0.0      0.0      0.0      6.0      3.0      2.0      0.0      36.0     1.0      0.0      3.0      7.0      21.0     1.0      0.0      0.0      14.0     0.0      1.0      0.0      0.0      10.0     6.0      74.0     36.0     59.0     20.0     0.0      13.0     7.0      33.0     30.0     36.0     135.0    0.0      2.0      172.0    13.0     23.0     12.0     754.0    170.0    28.0     16.0     23.0     0.0      0.0      85.0     0.0      19.0     4.0      5.0      0.0      3.0      29.0     251.0    9.0      0.0      14.0     2.0      19.0     0.0      29.0     28.0     15.0     52.0     7.0      5.0      16.0     5.0      22.0     9.0      4.0      10.0     2.0      2.0      0.0      4.0      4.0      25.0     340.0    35.0    
4.0      0.0      1.0      0.0      1.0      14.0     0.0      0.0      0.0      2.0      2.0      0.0      0.0      0.0      0.0      1.0      0.0      0.0      0.0      1.0      0.0      0.0      0.0      4.0      0.0      0.0      1.0      0.0      0.0      1.0      11.0     3.0      0.0      0.0      0.0      0.0      0.0      0.0      0.0      0.0      0.0      0.0      0.0      0.0      2.0      0.0      0.0      0.0      0.0      0.0      0.0      0.0      0.0      0.0      0.0      0.0      0.0      0.0      0.0      0.0      0.0      0.0      0.0      5.0      0.0      1.0      10.0     0.0      0.0      0.0      2.0      1.0      0.0      0.0      0.0      124.0    8.0      0.0      0.0      12.0     67.0     12.0     6.0      2.0      9.0      4.0      0.0      0.0      0.0      3.0      17.0     83.0     24.0     33.0     33.0     1.0      16.0     12.0     41.0     3.0      5.0      6.0      0.0      0.0      25.0     80.0     85.0     1.0      170.0    515.0    0.0      9.0      3.0      0.0      0.0      2.0      0.0      35.0     156.0    11.0     0.0      1.0      29.0     186.0    1.0      16.0     18.0     0.0      3.0      0.0      3.0      0.0      16.0     36.0     4.0      7.0      21.0     2.0      78.0     12.0     7.0      34.0     0.0      0.0      0.0      9.0      1.0      6.0      34.0     0.0     
0.0      0.0      0.0      0.0      0.0      0.0      0.0      0.0      0.0      0.0      0.0      0.0      0.0      0.0      0.0      0.0      0.0      0.0      0.0      0.0      0.0      0.0      0.0      0.0      0.0      0.0      0.0      0.0      0.0      0.0      0.0      4.0      0.0      0.0      0.0      0.0      0.0      0.0      0.0      0.0      0.0      0.0      0.0      0.0      0.0      0.0      0.0      0.0      0.0      0.0      0.0      0.0      0.0      0.0      0.0      0.0      0.0      0.0      0.0      0.0      0.0      0.0      0.0      0.0      0.0      0.0      0.0      0.0      0.0      0.0      0.0      0.0      0.0      0.0      0.0      1.0      0.0      0.0      0.0      5.0      0.0      0.0      0.0      0.0      0.0      0.0      1.0      1.0      1.0      4.0      0.0      2.0      1.0      0.0      3.0      0.0      0.0      0.0      3.0      3.0      51.0     18.0     0.0      0.0      14.0     0.0      1.0      0.0      28.0     0.0      111.0    1.0      9.0      0.0      0.0      46.0     0.0      0.0      0.0      0.0      0.0      0.0      0.0      7.0      4.0      0.0      0.0      1.0      14.0     0.0      6.0      4.0      1.0      2.0      1.0      0.0      0.0      6.0      0.0      0.0      0.0      0.0      0.0      0.0      0.0      0.0      0.0      5.0      16.0     10.0    
0.0      0.0      0.0      0.0      0.0      0.0      0.0      0.0      0.0      0.0      7.0      0.0      0.0      0.0      0.0      0.0      0.0      0.0      0.0      12.0     0.0      0.0      0.0      0.0      3.0      0.0      3.0      0.0      0.0      3.0      0.0      4.0      0.0      0.0      0.0      0.0      0.0      0.0      0.0      0.0      0.0      0.0      4.0      0.0      6.0      0.0      0.0      0.0      1.0      0.0      0.0      0.0      0.0      0.0      0.0      0.0      0.0      0.0      0.0      0.0      0.0      0.0      0.0      0.0      0.0      4.0      6.0      0.0      0.0      0.0      0.0      0.0      1.0      1.0      0.0      14.0     6.0      3.0      1.0      17.0     1.0      0.0      0.0      0.0      2.0      0.0      2.0      1.0      2.0      17.0     4.0      5.0      2.0      117.0    20.0     18.0     0.0      1.0      9.0      100.0    6.0      100.0    0.0      0.0      110.0    1.0      6.0      4.0      16.0     9.0      1.0      856.0    170.0    0.0      0.0      8.0      0.0      7.0      65.0     1.0      0.0      12.0     1.0      22.0     7.0      77.0     4.0      5.0      23.0     1.0      11.0     37.0     26.0     49.0     100.0    229.0    0.0      8.0      0.0      2.0      27.0     3.0      5.0      1.0      1.0      0.0      2.0      491.0    148.0    3.0     
0.0      0.0      0.0      0.0      0.0      0.0      0.0      0.0      0.0      0.0      0.0      0.0      0.0      0.0      0.0      0.0      0.0      0.0      0.0      0.0      0.0      0.0      0.0      0.0      1.0      0.0      7.0      0.0      0.0      6.0      0.0      5.0      0.0      0.0      0.0      0.0      0.0      0.0      0.0      0.0      0.0      0.0      0.0      0.0      0.0      0.0      0.0      0.0      0.0      0.0      0.0      0.0      0.0      0.0      0.0      0.0      0.0      0.0      0.0      0.0      0.0      0.0      0.0      0.0      0.0      0.0      3.0      0.0      0.0      0.0      0.0      4.0      0.0      0.0      0.0      40.0     1.0      1.0      2.0      44.0     0.0      0.0      0.0      0.0      2.0      0.0      7.0      1.0      1.0      30.0     5.0      0.0      3.0      117.0    40.0     1.0      0.0      0.0      18.0     124.0    72.0     119.0    0.0      1.0      100.0    0.0      1.0      3.0      23.0     3.0      9.0      170.0    950.0    1.0      0.0      11.0     0.0      10.0     19.0     0.0      0.0      10.0     1.0      12.0     12.0     3.0      0.0      6.0      49.0     0.0      89.0     43.0     24.0     86.0     8.0      14.0     1.0      8.0      0.0      3.0      7.0      1.0      1.0      1.0      0.0      0.0      4.0      553.0    422.0    3.0     
1.0      0.0      0.0      0.0      4.0      0.0      0.0      0.0      0.0      0.0      0.0      0.0      0.0      0.0      9.0      9.0      0.0      0.0      0.0      0.0      0.0      0.0      0.0      0.0      0.0      0.0      0.0      0.0      0.0      0.0      0.0      0.0      0.0      0.0      0.0      0.0      0.0      0.0      0.0      0.0      0.0      0.0      0.0      0.0      0.0      0.0      0.0      0.0      0.0      0.0      0.0      0.0      0.0      6.0      2.0      0.0      0.0      0.0      0.0      0.0      0.0      0.0      0.0      0.0      0.0      0.0      0.0      0.0      0.0      0.0      0.0      0.0      0.0      0.0      0.0      0.0      0.0      0.0      0.0      1.0      0.0      0.0      0.0      0.0      0.0      0.0      0.0      67.0     67.0     10.0     11.0     0.0      0.0      11.0     19.0     0.0      0.0      0.0      7.0      3.0      0.0      5.0      0.0      0.0      5.0      0.0      0.0      0.0      0.0      0.0      0.0      0.0      1.0      103.0    8.0      0.0      0.0      4.0      0.0      0.0      0.0      0.0      15.0     0.0      50.0     0.0      0.0      0.0      8.0      7.0      0.0      3.0      3.0      13.0     0.0      0.0      0.0      3.0      0.0      0.0      1.0      0.0      0.0      0.0      0.0      0.0      0.0      1.0      5.0      0.0     
0.0      0.0      0.0      0.0      0.0      0.0      0.0      0.0      0.0      0.0      0.0      0.0      0.0      0.0      1.0      2.0      0.0      0.0      0.0      0.0      0.0      0.0      0.0      0.0      0.0      0.0      0.0      0.0      0.0      0.0      0.0      0.0      0.0      0.0      0.0      0.0      0.0      0.0      0.0      0.0      0.0      0.0      0.0      0.0      0.0      0.0      0.0      0.0      0.0      0.0      0.0      0.0      0.0      1.0      3.0      0.0      0.0      0.0      0.0      0.0      0.0      0.0      0.0      0.0      0.0      0.0      0.0      0.0      0.0      0.0      0.0      0.0      0.0      0.0      0.0      0.0      0.0      0.0      0.0      0.0      0.0      0.0      0.0      0.0      0.0      0.0      16.0     0.0      24.0     4.0      24.0     0.0      0.0      1.0      1.0      0.0      0.0      0.0      0.0      1.0      1.0      2.0      0.0      7.0      0.0      0.0      0.0      0.0      0.0      0.0      0.0      0.0      0.0      8.0      46.0     0.0      0.0      0.0      0.0      0.0      1.0      0.0      0.0      0.0      10.0     0.0      0.0      1.0      1.0      6.0      0.0      2.0      0.0      1.0      0.0      0.0      0.0      0.0      0.0      0.0      0.0      0.0      0.0      1.0      2.0      0.0      0.0      0.0      0.0      0.0     
0.0      0.0      0.0      0.0      0.0      0.0      0.0      0.0      0.0      0.0      0.0      0.0      0.0      0.0      3.0      2.0      0.0      0.0      0.0      0.0      0.0      0.0      0.0      0.0      1.0      0.0      0.0      0.0      0.0      2.0      0.0      1.0      0.0      0.0      0.0      0.0      1.0      1.0      0.0      0.0      0.0      0.0      0.0      0.0      0.0      0.0      0.0      0.0      0.0      0.0      0.0      0.0      2.0      1.0      1.0      0.0      0.0      0.0      0.0      0.0      0.0      0.0      0.0      0.0      0.0      0.0      0.0      0.0      0.0      0.0      0.0      2.0      1.0      0.0      0.0      3.0      0.0      0.0      25.0     5.0      0.0      0.0      0.0      0.0      0.0      0.0      15.0     2.0      1.0      11.0     15.0     45.0     32.0     7.0      2.0      0.0      0.0      0.0      39.0     78.0     114.0    50.0     0.0      0.0      26.0     0.0      1.0      4.0      85.0     2.0      46.0     8.0      11.0     0.0      0.0      351.0    0.0      0.0      0.0      0.0      0.0      0.0      20.0     42.0     61.0     0.0      0.0      1.0      20.0     4.0      94.0     22.0     3.0      5.0      0.0      1.0      0.0      24.0     0.0      8.0      0.0      0.0      1.0      3.0      0.0      0.0      0.0      14.0     91.0     19.0    
0.0      0.0      0.0      0.0      0.0      0.0      0.0      0.0      0.0      0.0      0.0      0.0      0.0      0.0      0.0      0.0      0.0      0.0      0.0      0.0      0.0      0.0      0.0      0.0      0.0      0.0      0.0      0.0      0.0      0.0      0.0      0.0      0.0      0.0      0.0      0.0      0.0      0.0      0.0      0.0      0.0      0.0      0.0      0.0      0.0      0.0      0.0      0.0      0.0      0.0      0.0      0.0      0.0      0.0      0.0      0.0      0.0      0.0      0.0      0.0      0.0      0.0      0.0      0.0      0.0      0.0      0.0      0.0      0.0      0.0      0.0      0.0      0.0      0.0      0.0      0.0      0.0      0.0      0.0      0.0      0.0      0.0      0.0      0.0      0.0      0.0      0.0      0.0      0.0      0.0      0.0      0.0      0.0      0.0      0.0      0.0      0.0      0.0      0.0      0.0      0.0      0.0      0.0      0.0      0.0      0.0      0.0      0.0      0.0      0.0      0.0      0.0      0.0      0.0      0.0      0.0      0.0      0.0      0.0      0.0      0.0      0.0      0.0      0.0      0.0      0.0      0.0      0.0      0.0      0.0      0.0      0.0      0.0      0.0      0.0      0.0      0.0      0.0      0.0      0.0      0.0      0.0      0.0      0.0      0.0      0.0      0.0      0.0      0.0      0.0     
0.0      0.0      0.0      0.0      0.0      0.0      0.0      0.0      0.0      0.0      4.0      0.0      0.0      0.0      0.0      0.0      1.0      1.0      0.0      0.0      0.0      2.0      2.0      0.0      0.0      0.0      0.0      0.0      0.0      0.0      0.0      28.0     0.0      2.0      4.0      0.0      0.0      0.0      0.0      0.0      0.0      0.0      17.0     5.0      26.0     0.0      0.0      0.0      1.0      0.0      0.0      0.0      0.0      0.0      0.0      0.0      0.0      2.0      0.0      0.0      0.0      4.0      0.0      0.0      0.0      3.0      15.0     0.0      0.0      0.0      0.0      0.0      0.0      0.0      0.0      81.0     28.0     0.0      0.0      66.0     7.0      0.0      0.0      0.0      0.0      13.0     0.0      2.0      3.0      46.0     56.0     32.0     1.0      87.0     46.0     68.0     33.0     5.0      23.0     1.0      3.0      3.0      1.0      1.0      1.0      25.0     55.0     0.0      19.0     35.0     0.0      7.0      10.0     4.0      0.0      0.0      0.0      714.0    62.0     35.0     0.0      0.0      6.0      10.0     3.0      6.0      104.0    1.0      84.0     7.0      1.0      1.0      19.0     5.0      1.0      7.0      119.0    4.0      20.0     4.0      4.0      26.0     3.0      0.0      0.0      2.0      0.0      23.0     11.0     0.0     
6.0      0.0      2.0      0.0      2.0      11.0     0.0      0.0      0.0      2.0      0.0      1.0      0.0      0.0      0.0      1.0      0.0      0.0      0.0      2.0      0.0      0.0      0.0      4.0      0.0      0.0      2.0      0.0      0.0      1.0      13.0     21.0     0.0      0.0      0.0      0.0      0.0      0.0      0.0      0.0      0.0      0.0      0.0      0.0      0.0      1.0      0.0      0.0      0.0      0.0      0.0      0.0      0.0      0.0      0.0      0.0      0.0      0.0      0.0      0.0      0.0      0.0      0.0      3.0      1.0      0.0      10.0     0.0      0.0      0.0      2.0      2.0      0.0      0.0      0.0      101.0    13.0     0.0      0.0      7.0      36.0     5.0      5.0      1.0      10.0     25.0     0.0      0.0      0.0      0.0      24.0     32.0     3.0      162.0    55.0     47.0     18.0     90.0     28.0     2.0      0.0      23.0     0.0      1.0      54.0     56.0     81.0     0.0      4.0      156.0    0.0      65.0     19.0     0.0      0.0      0.0      0.0      62.0     878.0    65.0     0.0      0.0      2.0      6.0      0.0      170.0    26.0     0.0      0.0      0.0      0.0      6.0      75.0     82.0     8.0      44.0     100.0    0.0      36.0     2.0      46.0     30.0     0.0      0.0      0.0      3.0      2.0      188.0    37.0     0.0     
0.0      0.0      0.0      0.0      0.0      2.0      0.0      0.0      0.0      2.0      13.0     0.0      0.0      0.0      0.0      0.0      0.0      0.0      0.0      5.0      0.0      5.0      3.0      0.0      0.0      0.0      0.0      0.0      0.0      0.0      1.0      7.0      0.0      0.0      2.0      0.0      0.0      0.0      0.0      0.0      0.0      0.0      26.0     4.0      47.0     0.0      0.0      0.0      0.0      0.0      0.0      0.0      0.0      0.0      0.0      0.0      0.0      0.0      0.0      0.0      0.0      9.0      0.0      1.0      0.0      8.0      55.0     0.0      0.0      0.0      0.0      0.0      0.0      0.0      0.0      56.0     0.0      0.0      0.0      12.0     2.0      3.0      0.0      0.0      58.0     224.0    0.0      0.0      0.0      4.0      15.0     10.0     0.0      3.0      102.0    0.0      97.0     151.0    5.0      0.0      0.0      35.0     0.0      0.0      88.0     10.0     14.0     0.0      5.0      11.0     0.0      1.0      0.0      0.0      0.0      0.0      0.0      35.0     65.0     511.0    0.0      0.0      2.0      5.0      0.0      43.0     0.0      0.0      7.0      0.0      0.0      4.0      0.0      5.0      0.0      0.0      165.0    1.0      5.0      0.0      147.0    78.0     0.0      1.0      0.0      0.0      5.0      1.0      1.0      0.0     
0.0      0.0      2.0      0.0      0.0      0.0      0.0      0.0      0.0      0.0      0.0      0.0      0.0      0.0      0.0      2.0      0.0      0.0      0.0      0.0      0.0      0.0      0.0      0.0      0.0      0.0      0.0      0.0      2.0      0.0      0.0      2.0      0.0      0.0      0.0      0.0      0.0      0.0      0.0      0.0      0.0      0.0      0.0      0.0      0.0      0.0      2.0      0.0      0.0      0.0      0.0      0.0      0.0      0.0      0.0      0.0      0.0      0.0      0.0      0.0      0.0      0.0      0.0      0.0      0.0      0.0      0.0      0.0      0.0      0.0      0.0      0.0      0.0      0.0      0.0      19.0     0.0      44.0     42.0     0.0      0.0      0.0      0.0      0.0      0.0      0.0      40.0     0.0      7.0      51.0     6.0      0.0      0.0      0.0      0.0      0.0      0.0      0.0      0.0      0.0      5.0      73.0     462.0    253.0    0.0      2.0      1.0      0.0      0.0      0.0      0.0      0.0      0.0      0.0      1.0      0.0      0.0      0.0      0.0      0.0      642.0    1.0      0.0      0.0      1.0      0.0      0.0      27.0     15.0     9.0      2.0      39.0     0.0      0.0      0.0      0.0      0.0      1.0      0.0      0.0      0.0      0.0      278.0    64.0     13.0     0.0      0.0      0.0      0.0      0.0     
0.0      0.0      29.0     0.0      0.0      0.0      0.0      2.0      0.0      1.0      0.0      0.0      0.0      0.0      0.0      22.0     0.0      0.0      0.0      0.0      0.0      0.0      0.0      0.0      0.0      0.0      20.0     0.0      5.0      20.0     0.0      2.0      0.0      1.0      0.0      0.0      2.0      1.0      0.0      0.0      0.0      0.0      0.0      0.0      0.0      3.0      10.0     0.0      1.0      0.0      0.0      0.0      0.0      0.0      0.0      0.0      0.0      0.0      0.0      0.0      0.0      0.0      0.0      0.0      0.0      0.0      3.0      0.0      0.0      0.0      0.0      3.0      2.0      2.0      0.0      1.0      0.0      136.0    0.0      6.0      16.0     32.0     74.0     8.0      0.0      0.0      0.0      0.0      0.0      1.0      49.0     1.0      1.0      3.0      0.0      0.0      0.0      0.0      0.0      7.0      4.0      127.0    2.0      2.0      272.0    0.0      1.0      0.0      3.0      1.0      0.0      12.0     10.0     0.0      0.0      0.0      0.0      0.0      0.0      0.0      1.0      452.0    0.0      1.0      0.0      0.0      0.0      0.0      0.0      0.0      3.0      1.0      1.0      1.0      0.0      0.0      0.0      0.0      1.0      0.0      0.0      25.0     18.0     0.0      0.0      3.0      39.0     14.0     6.0      0.0     
3.0      0.0      0.0      0.0      3.0      5.0      0.0      0.0      0.0      0.0      0.0      0.0      0.0      0.0      1.0      0.0      0.0      0.0      0.0      0.0      0.0      0.0      0.0      4.0      0.0      0.0      0.0      0.0      0.0      0.0      4.0      0.0      0.0      0.0      0.0      0.0      0.0      0.0      0.0      0.0      0.0      0.0      0.0      0.0      0.0      0.0      0.0      0.0      0.0      0.0      0.0      0.0      0.0      0.0      0.0      0.0      0.0      0.0      0.0      0.0      0.0      0.0      0.0      4.0      1.0      0.0      3.0      0.0      0.0      0.0      1.0      0.0      0.0      0.0      0.0      56.0     0.0      0.0      2.0      3.0      9.0      0.0      0.0      0.0      0.0      2.0      1.0      33.0     1.0      3.0      2.0      24.0     72.0     9.0      10.0     0.0      1.0      0.0      153.0    12.0     15.0     5.0      0.0      0.0      4.0      21.0     0.0      0.0      29.0     29.0     0.0      1.0      1.0      15.0     0.0      20.0     0.0      6.0      2.0      2.0      0.0      0.0      205.0    39.0     23.0     0.0      1.0      0.0      3.0      1.0      12.0     3.0      2.0      9.0      0.0      1.0      3.0      6.0      7.0      40.0     1.0      2.0      0.0      1.0      0.0      1.0      0.0      0.0      17.0     0.0     
1.0      0.0      0.0      0.0      0.0      2.0      1.0      0.0      0.0      0.0      0.0      0.0      0.0      0.0      0.0      3.0      0.0      0.0      0.0      0.0      0.0      0.0      0.0      2.0      1.0      0.0      3.0      0.0      0.0      1.0      3.0      1.0      0.0      0.0      0.0      0.0      0.0      0.0      0.0      0.0      0.0      0.0      0.0      0.0      0.0      0.0      0.0      0.0      0.0      0.0      0.0      0.0      0.0      0.0      1.0      0.0      0.0      0.0      0.0      0.0      0.0      0.0      0.0      1.0      0.0      0.0      1.0      0.0      0.0      0.0      0.0      1.0      0.0      0.0      0.0      52.0     1.0      0.0      3.0      8.0      30.0     2.0      1.0      1.0      11.0     2.0      0.0      3.0      1.0      67.0     49.0     124.0    52.0     70.0     45.0     0.0      5.0      8.0      98.0     32.0     19.0     47.0     2.0      5.0      97.0     16.0     31.0     7.0      251.0    186.0    7.0      22.0     12.0     0.0      0.0      42.0     0.0      10.0     6.0      5.0      0.0      1.0      39.0     605.0    32.0     0.0      6.0      8.0      31.0     14.0     31.0     5.0      31.0     69.0     6.0      10.0     6.0      48.0     36.0     7.0      8.0      9.0      5.0      3.0      3.0      7.0      7.0      18.0     121.0    7.0     
0.0      0.0      0.0      0.0      1.0      1.0      3.0      1.0      0.0      0.0      0.0      3.0      0.0      1.0      19.0     19.0     0.0      0.0      0.0      0.0      0.0      0.0      0.0      0.0      1.0      0.0      1.0      0.0      0.0      1.0      0.0      0.0      0.0      1.0      1.0      0.0      0.0      0.0      0.0      0.0      0.0      0.0      0.0      0.0      0.0      0.0      0.0      0.0      1.0      0.0      0.0      0.0      2.0      9.0      7.0      0.0      0.0      0.0      0.0      0.0      0.0      0.0      0.0      0.0      0.0      0.0      1.0      0.0      0.0      0.0      0.0      1.0      0.0      0.0      0.0      0.0      0.0      0.0      47.0     1.0      0.0      0.0      0.0      0.0      0.0      0.0      239.0    35.0     75.0     39.0     133.0    22.0     65.0     13.0     10.0     0.0      0.0      0.0      20.0     79.0     55.0     10.0     3.0      14.0     9.0      0.0      0.0      0.0      9.0      1.0      4.0      7.0      12.0     50.0     10.0     61.0     0.0      3.0      0.0      0.0      1.0      0.0      23.0     32.0     477.0    0.0      0.0      4.0      13.0     64.0     102.0    6.0      4.0      10.0     1.0      2.0      0.0      16.0     0.0      5.0      0.0      1.0      7.0      24.0     11.0     0.0      1.0      6.0      28.0     0.0     
0.0      0.0      0.0      0.0      0.0      0.0      0.0      0.0      0.0      0.0      0.0      0.0      0.0      0.0      0.0      0.0      0.0      0.0      0.0      0.0      0.0      0.0      0.0      0.0      0.0      0.0      0.0      0.0      0.0      0.0      0.0      0.0      0.0      0.0      0.0      0.0      0.0      0.0      0.0      0.0      0.0      0.0      0.0      0.0      0.0      0.0      0.0      0.0      0.0      0.0      0.0      0.0      0.0      0.0      0.0      0.0      0.0      0.0      0.0      0.0      0.0      0.0      0.0      0.0      0.0      0.0      0.0      0.0      0.0      0.0      0.0      0.0      0.0      0.0      0.0      1.0      13.0     0.0      0.0      1.0      0.0      0.0      0.0      0.0      2.0      7.0      0.0      0.0      0.0      0.0      0.0      0.0      0.0      160.0    15.0     116.0    3.0      57.0     0.0      1.0      0.0      14.0     0.0      0.0      16.0     0.0      0.0      0.0      0.0      16.0     0.0      77.0     3.0      0.0      0.0      0.0      0.0      6.0      170.0    43.0     0.0      0.0      0.0      0.0      0.0      342.0    6.0      0.0      0.0      0.0      0.0      2.0      92.0     48.0     7.0      47.0     103.0    0.0      0.0      0.0      28.0     0.0      0.0      0.0      0.0      0.0      1.0      43.0     1.0      0.0     
0.0      0.0      0.0      0.0      0.0      1.0      0.0      0.0      0.0      2.0      1.0      0.0      0.0      0.0      0.0      0.0      1.0      1.0      0.0      1.0      0.0      0.0      1.0      1.0      0.0      0.0      0.0      0.0      0.0      0.0      1.0      1.0      0.0      3.0      1.0      0.0      0.0      0.0      0.0      0.0      0.0      0.0      0.0      3.0      2.0      0.0      0.0      0.0      2.0      0.0      0.0      0.0      0.0      0.0      0.0      0.0      0.0      0.0      0.0      0.0      0.0      1.0      0.0      0.0      0.0      0.0      9.0      0.0      0.0      0.0      0.0      0.0      0.0      0.0      0.0      37.0     23.0     0.0      0.0      16.0     1.0      1.0      0.0      0.0      0.0      0.0      0.0      0.0      0.0      8.0      9.0      2.0      0.0      17.0     3.0      35.0     65.0     1.0      3.0      0.0      2.0      0.0      0.0      0.0      0.0      3.0      3.0      0.0      14.0     18.0     0.0      4.0      0.0      0.0      0.0      0.0      0.0      104.0    26.0     0.0      0.0      0.0      1.0      6.0      0.0      6.0      193.0    0.0      18.0     1.0      1.0      0.0      5.0      0.0      0.0      1.0      99.0     0.0      2.0      2.0      0.0      10.0     2.0      0.0      0.0      1.0      0.0      4.0      6.0      0.0     
1.0      0.0      0.0      0.0      0.0      1.0      6.0      0.0      0.0      0.0      0.0      0.0      0.0      0.0      9.0      14.0     0.0      0.0      0.0      0.0      0.0      0.0      0.0      0.0      0.0      0.0      0.0      0.0      0.0      0.0      0.0      0.0      0.0      0.0      0.0      0.0      0.0      0.0      0.0      0.0      0.0      0.0      0.0      0.0      0.0      0.0      0.0      0.0      0.0      0.0      0.0      0.0      0.0      1.0      9.0      0.0      0.0      0.0      0.0      0.0      0.0      0.0      0.0      0.0      0.0      0.0      4.0      0.0      0.0      0.0      0.0      0.0      0.0      0.0      0.0      1.0      0.0      0.0      2.0      2.0      1.0      0.0      1.0      1.0      3.0      0.0      19.0     0.0      65.0     409.0    105.0    2.0      2.0      8.0      5.0      0.0      0.0      0.0      0.0      2.0      2.0      3.0      32.0     138.0    4.0      0.0      0.0      0.0      2.0      0.0      1.0      5.0      6.0      0.0      1.0      1.0      0.0      1.0      0.0      0.0      27.0     0.0      0.0      8.0      4.0      0.0      0.0      534.0    34.0     50.0     3.0      2.0      0.0      8.0      0.0      0.0      0.0      24.0     0.0      0.0      0.0      2.0      19.0     58.0     32.0     0.0      1.0      6.0      9.0      0.0     
21.0     0.0      0.0      0.0      36.0     4.0      2.0      0.0      0.0      0.0      0.0      0.0      0.0      0.0      7.0      86.0     0.0      0.0      0.0      0.0      0.0      0.0      0.0      3.0      0.0      0.0      0.0      0.0      0.0      0.0      2.0      2.0      0.0      0.0      0.0      0.0      0.0      0.0      0.0      0.0      0.0      0.0      0.0      0.0      0.0      0.0      0.0      0.0      0.0      0.0      0.0      0.0      0.0      14.0     5.0      0.0      0.0      0.0      0.0      0.0      0.0      0.0      0.0      0.0      1.0      0.0      8.0      0.0      0.0      0.0      4.0      0.0      0.0      0.0      0.0      64.0     2.0      0.0      0.0      291.0    2.0      0.0      1.0      2.0      4.0      2.0      4.0      10.0     9.0      507.0    126.0    2.0      4.0      56.0     96.0     0.0      19.0     1.0      7.0      139.0    52.0     74.0     21.0     47.0     50.0     0.0      2.0      0.0      19.0     3.0      14.0     23.0     49.0     8.0      1.0      20.0     0.0      84.0     0.0      7.0      15.0     0.0      3.0      31.0     13.0     0.0      18.0     34.0     1185.0   118.0    24.0     62.0     15.0     91.0     5.0      3.0      24.0     6.0      0.0      0.0      4.0      10.0     30.0     19.0     19.0     0.0      8.0      30.0     78.0     0.0     
0.0      0.0      0.0      0.0      0.0      5.0      5.0      1.0      2.0      1.0      0.0      0.0      0.0      0.0      9.0      81.0     0.0      0.0      0.0      0.0      0.0      0.0      0.0      0.0      1.0      0.0      0.0      0.0      1.0      1.0      0.0      0.0      0.0      0.0      0.0      0.0      0.0      0.0      0.0      0.0      0.0      0.0      0.0      0.0      0.0      0.0      1.0      0.0      0.0      0.0      0.0      0.0      0.0      7.0      23.0     1.0      0.0      0.0      0.0      0.0      0.0      0.0      0.0      0.0      0.0      0.0      54.0     0.0      0.0      0.0      0.0      0.0      0.0      1.0      0.0      2.0      0.0      0.0      3.0      7.0      1.0      0.0      0.0      1.0      2.0      0.0      121.0    4.0      37.0     317.0    441.0    3.0      4.0      15.0     25.0     0.0      0.0      0.0      0.0      16.0     8.0      26.0     15.0     50.0     4.0      0.0      1.0      0.0      0.0      0.0      0.0      1.0      0.0      7.0      6.0      4.0      0.0      7.0      0.0      0.0      9.0      0.0      1.0      14.0     64.0     0.0      1.0      50.0     118.0    772.0    21.0     18.0     4.0      33.0     0.0      1.0      1.0      9.0      1.0      0.0      0.0      41.0     23.0     49.0     19.0     0.0      0.0      0.0      3.0      0.0     
1.0      0.0      0.0      0.0      0.0      0.0      1.0      0.0      0.0      0.0      0.0      1.0      0.0      0.0      8.0      4.0      0.0      0.0      0.0      0.0      0.0      0.0      0.0      0.0      0.0      0.0      0.0      0.0      0.0      0.0      1.0      3.0      0.0      0.0      0.0      0.0      0.0      0.0      0.0      0.0      0.0      0.0      0.0      0.0      0.0      0.0      0.0      0.0      0.0      0.0      0.0      0.0      2.0      1.0      2.0      0.0      0.0      0.0      0.0      0.0      0.0      0.0      0.0      0.0      0.0      0.0      1.0      0.0      0.0      0.0      0.0      0.0      0.0      0.0      0.0      8.0      0.0      1.0      155.0    10.0     0.0      0.0      0.0      1.0      0.0      0.0      73.0     0.0      5.0      26.0     55.0     29.0     30.0     8.0      7.0      0.0      0.0      0.0      15.0     337.0    298.0    29.0     2.0      19.0     8.0      1.0      0.0      0.0      29.0     3.0      6.0      11.0     89.0     0.0      0.0      94.0     0.0      1.0      0.0      0.0      2.0      3.0      12.0     31.0     102.0    0.0      1.0      3.0      24.0     21.0     693.0    85.0     2.0      9.0      0.0      1.0      0.0      9.0      0.0      7.0      0.0      1.0      17.0     32.0     0.0      0.0      0.0      35.0     153.0    0.0     
0.0      0.0      0.0      0.0      0.0      0.0      0.0      0.0      0.0      1.0      2.0      0.0      0.0      0.0      0.0      0.0      0.0      0.0      3.0      2.0      0.0      0.0      0.0      0.0      15.0     0.0      49.0     0.0      0.0      64.0     0.0      13.0     0.0      9.0      0.0      0.0      18.0     13.0     0.0      0.0      1.0      0.0      0.0      2.0      2.0      0.0      13.0     0.0      6.0      0.0      0.0      0.0      0.0      0.0      0.0      2.0      0.0      0.0      0.0      0.0      0.0      1.0      0.0      0.0      0.0      3.0      118.0    0.0      0.0      0.0      0.0      37.0     15.0     36.0     0.0      126.0    0.0      0.0      102.0    68.0     0.0      0.0      0.0      0.0      1.0      0.0      41.0     0.0      4.0      31.0     41.0     1.0      0.0      137.0    26.0     0.0      0.0      9.0      6.0      209.0    95.0     1033.0   43.0     126.0    112.0    3.0      7.0      2.0      28.0     0.0      4.0      37.0     43.0     3.0      2.0      22.0     0.0      1.0      6.0      4.0      39.0     1.0      3.0      5.0      6.0      2.0      0.0      2.0      62.0     18.0     85.0     1351.0   12.0     102.0    10.0     10.0     1.0      8.0      0.0      1.0      27.0     92.0     128.0    61.0     0.0      0.0      5.0      47.0     69.0     6.0     
0.0      0.0      0.0      0.0      0.0      0.0      0.0      0.0      0.0      0.0      6.0      0.0      0.0      0.0      0.0      0.0      0.0      0.0      0.0      6.0      0.0      0.0      0.0      0.0      0.0      0.0      0.0      0.0      0.0      0.0      0.0      3.0      0.0      0.0      0.0      0.0      0.0      0.0      0.0      0.0      0.0      0.0      5.0      0.0      6.0      0.0      0.0      0.0      0.0      0.0      0.0      0.0      0.0      0.0      0.0      0.0      0.0      0.0      0.0      0.0      0.0      0.0      0.0      0.0      0.0      0.0      0.0      0.0      0.0      0.0      0.0      0.0      0.0      1.0      0.0      4.0      14.0     0.0      0.0      7.0      0.0      0.0      0.0      1.0      3.0      0.0      0.0      2.0      3.0      15.0     11.0     2.0      3.0      215.0    9.0      112.0    0.0      10.0     9.0      8.0      2.0      13.0     0.0      1.0      2.0      0.0      1.0      0.0      15.0     16.0     1.0      26.0     24.0     3.0      0.0      3.0      0.0      19.0     75.0     0.0      0.0      1.0      2.0      31.0     4.0      92.0     5.0      0.0      15.0     4.0      2.0      12.0     359.0    40.0     4.0      38.0     37.0     8.0      1.0      1.0      1.0      1.0      0.0      0.0      1.0      0.0      1.0      55.0     26.0     0.0     
0.0      0.0      0.0      0.0      0.0      0.0      0.0      0.0      0.0      2.0      55.0     0.0      0.0      0.0      0.0      1.0      0.0      0.0      4.0      61.0     0.0      1.0      1.0      0.0      0.0      0.0      2.0      0.0      0.0      0.0      0.0      5.0      0.0      0.0      0.0      0.0      3.0      0.0      0.0      0.0      0.0      0.0      23.0     1.0      43.0     0.0      0.0      0.0      0.0      0.0      0.0      0.0      0.0      0.0      0.0      0.0      0.0      0.0      0.0      0.0      1.0      1.0      0.0      0.0      0.0      52.0     91.0     0.0      0.0      0.0      0.0      0.0      2.0      1.0      0.0      37.0     7.0      0.0      0.0      39.0     0.0      0.0      0.0      1.0      7.0      7.0      0.0      13.0     8.0      112.0    135.0    7.0      1.0      494.0    332.0    25.0     0.0      9.0      42.0     21.0     4.0      120.0    2.0      2.0      22.0     6.0      9.0      1.0      52.0     36.0     2.0      49.0     86.0     13.0     1.0      5.0      0.0      5.0      82.0     5.0      0.0      1.0      9.0      69.0     10.0     48.0     0.0      8.0      91.0     33.0     9.0      102.0    40.0     1057.0   11.0     20.0     23.0     22.0     3.0      2.0      78.0     100.0    2.0      1.0      3.0      0.0      2.0      120.0    54.0     1.0     
0.0      0.0      0.0      0.0      0.0      0.0      0.0      0.0      0.0      0.0      5.0      0.0      0.0      0.0      0.0      0.0      0.0      0.0      0.0      7.0      0.0      0.0      0.0      0.0      0.0      0.0      0.0      0.0      0.0      1.0      0.0      1.0      0.0      0.0      0.0      0.0      0.0      0.0      0.0      0.0      0.0      0.0      3.0      0.0      4.0      0.0      0.0      0.0      0.0      0.0      0.0      0.0      0.0      0.0      0.0      0.0      0.0      0.0      0.0      0.0      0.0      0.0      0.0      0.0      0.0      2.0      5.0      0.0      0.0      0.0      0.0      0.0      1.0      0.0      0.0      1.0      14.0     0.0      0.0      2.0      0.0      0.0      0.0      0.0      0.0      0.0      0.0      0.0      0.0      3.0      2.0      0.0      0.0      42.0     10.0     0.0      0.0      0.0      0.0      21.0     2.0      13.0     0.0      0.0      6.0      0.0      0.0      0.0      7.0      4.0      1.0      100.0    8.0      0.0      0.0      0.0      0.0      1.0      8.0      0.0      0.0      0.0      0.0      6.0      1.0      7.0      0.0      0.0      5.0      0.0      0.0      10.0     4.0      11.0     145.0    32.0     0.0      1.0      0.0      0.0      2.0      1.0      0.0      0.0      1.0      0.0      0.0      34.0     36.0     0.0     
0.0      0.0      0.0      0.0      0.0      0.0      0.0      0.0      0.0      0.0      1.0      0.0      0.0      0.0      0.0      0.0      0.0      0.0      0.0      1.0      0.0      0.0      0.0      0.0      0.0      0.0      0.0      0.0      0.0      0.0      0.0      0.0      0.0      0.0      0.0      0.0      0.0      0.0      0.0      0.0      0.0      0.0      0.0      0.0      0.0      0.0      0.0      0.0      1.0      0.0      0.0      0.0      0.0      0.0      0.0      0.0      0.0      0.0      0.0      0.0      0.0      0.0      0.0      0.0      0.0      0.0      0.0      0.0      0.0      0.0      0.0      0.0      0.0      0.0      0.0      0.0      22.0     1.0      0.0      0.0      0.0      0.0      0.0      0.0      0.0      0.0      0.0      0.0      1.0      1.0      1.0      2.0      0.0      87.0     7.0      49.0     0.0      0.0      3.0      21.0     1.0      28.0     0.0      0.0      24.0     0.0      0.0      0.0      5.0      7.0      0.0      229.0    14.0     0.0      0.0      1.0      0.0      7.0      44.0     0.0      0.0      0.0      1.0      10.0     2.0      47.0     1.0      0.0      3.0      1.0      1.0      10.0     38.0     20.0     32.0     311.0    1.0      1.0      0.0      0.0      12.0     0.0      1.0      0.0      1.0      0.0      1.0      128.0    25.0     0.0     
0.0      0.0      0.0      0.0      0.0      1.0      0.0      0.0      0.0      4.0      5.0      0.0      0.0      0.0      0.0      0.0      0.0      0.0      0.0      3.0      0.0      1.0      1.0      0.0      0.0      0.0      0.0      0.0      0.0      0.0      0.0      6.0      0.0      3.0      1.0      0.0      0.0      0.0      0.0      0.0      0.0      0.0      1.0      4.0      8.0      0.0      0.0      0.0      2.0      0.0      0.0      0.0      0.0      0.0      0.0      0.0      0.0      0.0      0.0      0.0      0.0      3.0      0.0      0.0      0.0      2.0      16.0     0.0      0.0      0.0      0.0      0.0      0.0      0.0      0.0      128.0    0.0      0.0      0.0      39.0     1.0      1.0      0.0      0.0      2.0      58.0     0.0      0.0      0.0      11.0     25.0     11.0     0.0      58.0     25.0     97.0     178.0    121.0    9.0      0.0      0.0      28.0     0.0      0.0      39.0     14.0     16.0     0.0      16.0     21.0     0.0      0.0      1.0      0.0      0.0      0.0      0.0      119.0    100.0    165.0    0.0      0.0      3.0      6.0      0.0      103.0    99.0     0.0      24.0     1.0      0.0      1.0      37.0     23.0     0.0      1.0      566.0    0.0      7.0      2.0      66.0     17.0     0.0      0.0      0.0      0.0      0.0      1.0      5.0      0.0     
0.0      0.0      0.0      0.0      12.0     1.0      0.0      0.0      0.0      0.0      0.0      0.0      0.0      0.0      2.0      7.0      0.0      0.0      0.0      0.0      0.0      0.0      0.0      0.0      0.0      0.0      0.0      0.0      0.0      0.0      0.0      0.0      0.0      0.0      0.0      0.0      0.0      0.0      0.0      0.0      0.0      0.0      0.0      0.0      0.0      0.0      0.0      0.0      0.0      0.0      0.0      0.0      0.0      5.0      0.0      0.0      0.0      0.0      0.0      0.0      0.0      0.0      0.0      0.0      0.0      0.0      0.0      0.0      0.0      0.0      0.0      0.0      0.0      0.0      0.0      4.0      0.0      0.0      0.0      21.0     1.0      0.0      0.0      0.0      0.0      1.0      2.0      16.0     25.0     91.0     48.0     8.0      10.0     26.0     34.0     0.0      0.0      0.0      138.0    18.0     15.0     17.0     3.0      4.0      17.0     0.0      0.0      0.0      5.0      2.0      6.0      8.0      8.0      3.0      0.0      24.0     0.0      4.0      0.0      1.0      1.0      0.0      6.0      48.0     16.0     0.0      0.0      24.0     6.0      9.0      9.0      8.0      8.0      22.0     1.0      1.0      0.0      290.0    0.0      0.0      1.0      0.0      1.0      2.0      0.0      0.0      1.0      4.0      30.0     0.0     
3.0      0.0      0.0      0.0      4.0      29.0     3.0      0.0      3.0      3.0      0.0      0.0      0.0      0.0      0.0      1.0      0.0      0.0      0.0      0.0      0.0      0.0      0.0      9.0      0.0      0.0      0.0      0.0      0.0      0.0      27.0     2.0      0.0      0.0      0.0      0.0      0.0      0.0      0.0      0.0      0.0      0.0      0.0      0.0      0.0      0.0      0.0      0.0      0.0      0.0      0.0      0.0      0.0      0.0      0.0      0.0      0.0      0.0      0.0      0.0      0.0      0.0      0.0      4.0      1.0      0.0      6.0      0.0      0.0      0.0      3.0      0.0      0.0      0.0      0.0      9.0      0.0      0.0      0.0      1.0      109.0    22.0     13.0     4.0      3.0      1.0      0.0      0.0      0.0      0.0      7.0      142.0    34.0     0.0      15.0     0.0      3.0      1.0      73.0     0.0      0.0      4.0      0.0      1.0      4.0      133.0    163.0    0.0      22.0     78.0     0.0      0.0      0.0      0.0      0.0      0.0      0.0      20.0     36.0     5.0      0.0      1.0      7.0      36.0     0.0      0.0      2.0      0.0      0.0      1.0      0.0      0.0      1.0      3.0      0.0      0.0      7.0      0.0      270.0    13.0     10.0     38.0     0.0      0.0      0.0      21.0     6.0      1.0      2.0      0.0     
1.0      0.0      0.0      0.0      1.0      14.0     0.0      0.0      0.0      0.0      0.0      0.0      0.0      0.0      0.0      1.0      0.0      0.0      0.0      0.0      0.0      0.0      0.0      6.0      0.0      0.0      0.0      0.0      0.0      0.0      16.0     7.0      0.0      0.0      0.0      0.0      0.0      0.0      0.0      0.0      0.0      0.0      1.0      0.0      1.0      0.0      0.0      0.0      0.0      0.0      0.0      0.0      0.0      0.0      0.0      0.0      0.0      0.0      0.0      0.0      0.0      0.0      0.0      11.0     0.0      0.0      16.0     0.0      0.0      0.0      4.0      0.0      0.0      0.0      0.0      40.0     0.0      0.0      1.0      1.0      3.0      0.0      0.0      0.0      0.0      0.0      1.0      0.0      0.0      0.0      0.0      6.0      21.0     1.0      2.0      0.0      0.0      0.0      154.0    11.0     7.0      1.0      0.0      0.0      1.0      13.0     3.0      0.0      9.0      12.0     0.0      2.0      3.0      0.0      0.0      8.0      0.0      4.0      2.0      0.0      0.0      0.0      40.0     7.0      5.0      0.0      2.0      0.0      0.0      0.0      7.0      1.0      1.0      2.0      0.0      0.0      2.0      0.0      13.0     165.0    0.0      2.0      0.0      1.0      0.0      0.0      0.0      0.0      9.0      0.0     
0.0      0.0      1.0      0.0      0.0      0.0      2.0      1.0      0.0      5.0      41.0     0.0      0.0      0.0      0.0      5.0      0.0      0.0      3.0      40.0     0.0      6.0      4.0      0.0      1.0      0.0      2.0      0.0      0.0      0.0      0.0      2.0      0.0      0.0      1.0      0.0      2.0      1.0      0.0      0.0      0.0      0.0      27.0     3.0      59.0     0.0      0.0      0.0      0.0      0.0      0.0      0.0      0.0      0.0      1.0      0.0      0.0      0.0      0.0      0.0      1.0      10.0     0.0      0.0      0.0      51.0     118.0    0.0      0.0      0.0      1.0      0.0      1.0      5.0      0.0      8.0      0.0      0.0      0.0      32.0     36.0     51.0     48.0     17.0     33.0     122.0    0.0      1.0      0.0      1.0      51.0     12.0     3.0      47.0     158.0    0.0      35.0     93.0     5.0      0.0      0.0      113.0    0.0      0.0      155.0    9.0      9.0      0.0      4.0      7.0      0.0      27.0     7.0      1.0      0.0      0.0      0.0      4.0      46.0     147.0    0.0      0.0      1.0      8.0      0.0      28.0     0.0      0.0      4.0      0.0      0.0      27.0     1.0      78.0     2.0      12.0     66.0     1.0      10.0     0.0      580.0    188.0    0.0      0.0      0.0      8.0      66.0     24.0     3.0      0.0     
50.0     0.0      30.0     0.0      109.0    113.0    20.0     22.0     17.0     30.0     130.0    1.0      0.0      0.0      6.0      416.0    0.0      0.0      15.0     138.0    0.0      9.0      10.0     4.0      21.0     0.0      100.0    0.0      5.0      49.0     39.0     3.0      1.0      17.0     6.0      0.0      46.0     14.0     0.0      0.0      0.0      0.0      81.0     11.0     183.0    0.0      18.0     0.0      12.0     0.0      0.0      0.0      1.0      2.0      23.0     5.0      2.0      0.0      2.0      3.0      1.0      17.0     0.0      13.0     3.0      121.0    796.0    1.0      1.0      1.0      23.0     28.0     38.0     49.0     0.0      38.0     0.0      19.0     0.0      191.0    287.0    144.0    112.0    92.0     116.0    131.0    0.0      0.0      0.0      40.0     558.0    25.0     7.0      101.0    133.0    0.0      7.0      12.0     19.0     21.0     0.0      186.0    0.0      0.0      280.0    20.0     40.0     0.0      10.0     34.0     0.0      3.0      1.0      0.0      0.0      0.0      0.0      26.0     30.0     78.0     0.0      25.0     2.0      9.0      1.0      0.0      10.0     2.0      10.0     41.0     1.0      92.0     1.0      100.0    1.0      0.0      17.0     0.0      38.0     2.0      188.0    1600.0   2.0      0.0      0.0      40.0     114.0    2.0      16.0     0.0     
0.0      0.0      3.0      0.0      0.0      1.0      0.0      0.0      0.0      0.0      0.0      0.0      0.0      0.0      0.0      0.0      0.0      0.0      0.0      0.0      0.0      0.0      0.0      0.0      0.0      0.0      3.0      0.0      1.0      5.0      0.0      5.0      0.0      0.0      0.0      0.0      0.0      0.0      0.0      0.0      0.0      0.0      0.0      0.0      0.0      0.0      4.0      0.0      0.0      0.0      0.0      0.0      0.0      0.0      0.0      0.0      0.0      0.0      0.0      0.0      0.0      0.0      0.0      0.0      0.0      0.0      0.0      1.0      0.0      0.0      0.0      0.0      0.0      0.0      0.0      66.0     0.0      87.0     105.0    7.0      1.0      0.0      0.0      0.0      0.0      0.0      82.0     0.0      4.0      51.0     22.0     4.0      0.0      2.0      2.0      0.0      0.0      0.0      0.0      6.0      81.0     475.0    530.0    351.0    51.0     3.0      4.0      0.0      2.0      0.0      0.0      5.0      1.0      0.0      0.0      1.0      0.0      3.0      0.0      0.0      278.0    18.0     0.0      5.0      7.0      0.0      2.0      19.0     30.0     23.0     17.0     128.0    0.0      2.0      0.0      1.0      0.0      1.0      0.0      0.0      0.0      2.0      1250.0   132.0    11.0     0.0      0.0      5.0      4.0      0.0     
1.0      0.0      0.0      0.0      0.0      0.0      4.0      9.0      0.0      0.0      0.0      1.0      0.0      0.0      6.0      25.0     0.0      0.0      0.0      0.0      0.0      0.0      0.0      0.0      0.0      0.0      0.0      0.0      4.0      0.0      0.0      0.0      0.0      0.0      0.0      0.0      0.0      0.0      0.0      0.0      0.0      0.0      0.0      0.0      0.0      0.0      0.0      0.0      0.0      0.0      0.0      0.0      0.0      0.0      0.0      0.0      0.0      0.0      0.0      0.0      0.0      0.0      0.0      0.0      0.0      0.0      3.0      0.0      2.0      0.0      0.0      0.0      0.0      0.0      0.0      3.0      0.0      0.0      47.0     2.0      0.0      0.0      0.0      0.0      0.0      0.0      211.0    0.0      6.0      129.0    98.0     2.0      1.0      0.0      1.0      0.0      1.0      0.0      1.0      28.0     33.0     76.0     99.0     352.0    0.0      0.0      0.0      0.0      2.0      0.0      0.0      1.0      1.0      0.0      1.0      3.0      0.0      0.0      0.0      1.0      64.0     0.0      1.0      3.0      24.0     0.0      0.0      58.0     19.0     49.0     32.0     61.0     0.0      1.0      0.0      0.0      0.0      2.0      0.0      1.0      0.0      0.0      132.0    643.0    44.0     0.0      0.0      2.0      2.0      0.0     
1.0      0.0      0.0      0.0      1.0      0.0      0.0      2.0      0.0      0.0      0.0      0.0      0.0      0.0      0.0      1.0      0.0      0.0      0.0      0.0      0.0      0.0      0.0      0.0      0.0      0.0      0.0      0.0      1.0      0.0      1.0      1.0      0.0      0.0      0.0      0.0      0.0      0.0      0.0      0.0      0.0      0.0      0.0      0.0      0.0      0.0      0.0      0.0      0.0      0.0      0.0      0.0      0.0      0.0      0.0      0.0      0.0      0.0      0.0      0.0      0.0      0.0      0.0      0.0      0.0      0.0      0.0      0.0      0.0      0.0      0.0      0.0      0.0      0.0      0.0      0.0      0.0      0.0      0.0      0.0      0.0      0.0      0.0      0.0      0.0      0.0      47.0     0.0      7.0      80.0     64.0     0.0      0.0      1.0      1.0      0.0      0.0      0.0      0.0      0.0      0.0      0.0      14.0     153.0    0.0      0.0      0.0      0.0      0.0      0.0      0.0      1.0      0.0      0.0      2.0      0.0      0.0      0.0      0.0      0.0      13.0     0.0      0.0      3.0      11.0     0.0      0.0      32.0     19.0     19.0     0.0      0.0      1.0      3.0      1.0      1.0      0.0      0.0      0.0      0.0      0.0      0.0      11.0     44.0     222.0    0.0      0.0      0.0      0.0      0.0     
38.0     0.0      0.0      0.0      23.0     30.0     0.0      0.0      0.0      0.0      0.0      0.0      0.0      0.0      0.0      0.0      0.0      0.0      0.0      0.0      0.0      0.0      0.0      16.0     0.0      0.0      0.0      0.0      0.0      0.0      47.0     0.0      0.0      0.0      0.0      0.0      0.0      0.0      0.0      0.0      0.0      0.0      0.0      0.0      0.0      0.0      0.0      0.0      0.0      0.0      0.0      0.0      0.0      0.0      0.0      0.0      0.0      0.0      0.0      0.0      0.0      0.0      0.0      4.0      1.0      0.0      3.0      0.0      0.0      0.0      8.0      0.0      0.0      0.0      0.0      36.0     0.0      0.0      0.0      43.0     92.0     20.0     16.0     7.0      0.0      0.0      0.0      0.0      0.0      0.0      93.0     11.0     5.0      0.0      0.0      0.0      0.0      0.0      7.0      0.0      0.0      1.0      0.0      0.0      6.0      37.0     24.0     0.0      4.0      9.0      0.0      0.0      0.0      0.0      0.0      0.0      0.0      2.0      3.0      0.0      0.0      3.0      1.0      7.0      0.0      0.0      1.0      0.0      0.0      0.0      0.0      0.0      0.0      0.0      0.0      0.0      0.0      0.0      21.0     0.0      8.0      40.0     0.0      0.0      0.0      134.0    11.0     0.0      0.0      0.0     
0.0      0.0      6.0      0.0      0.0      0.0      2.0      3.0      0.0      0.0      0.0      0.0      0.0      0.0      0.0      25.0     0.0      0.0      0.0      0.0      0.0      0.0      0.0      0.0      1.0      0.0      22.0     0.0      1.0      6.0      0.0      3.0      0.0      4.0      0.0      0.0      5.0      7.0      0.0      0.0      2.0      0.0      0.0      1.0      0.0      0.0      5.0      0.0      3.0      0.0      0.0      0.0      0.0      0.0      0.0      1.0      0.0      0.0      0.0      0.0      0.0      0.0      0.0      0.0      0.0      0.0      10.0     0.0      0.0      0.0      0.0      3.0      4.0      8.0      0.0      6.0      0.0      0.0      0.0      31.0     68.0     97.0     101.0    35.0     22.0     0.0      0.0      0.0      0.0      4.0      107.0    4.0      4.0      3.0      0.0      1.0      1.0      5.0      3.0      0.0      0.0      14.0     0.0      0.0      290.0    2.0      2.0      0.0      4.0      1.0      0.0      2.0      4.0      0.0      0.0      0.0      0.0      0.0      2.0      5.0      0.0      39.0     0.0      7.0      1.0      1.0      0.0      1.0      8.0      0.0      0.0      5.0      1.0      2.0      0.0      1.0      0.0      1.0      6.0      0.0      66.0     114.0    0.0      0.0      0.0      11.0     359.0    3.0      6.0      0.0     
1.0      0.0      0.0      0.0      0.0      0.0      0.0      0.0      0.0      0.0      2.0      0.0      0.0      0.0      0.0      0.0      0.0      0.0      0.0      2.0      0.0      0.0      0.0      1.0      2.0      0.0      5.0      0.0      0.0      2.0      1.0      6.0      0.0      0.0      0.0      0.0      0.0      0.0      0.0      0.0      0.0      0.0      1.0      0.0      1.0      0.0      0.0      0.0      1.0      0.0      0.0      0.0      0.0      0.0      0.0      0.0      0.0      0.0      0.0      0.0      0.0      0.0      0.0      0.0      1.0      1.0      3.0      0.0      0.0      0.0      0.0      2.0      0.0      1.0      0.0      50.0     10.0     2.0      1.0      27.0     2.0      0.0      0.0      0.0      3.0      0.0      3.0      2.0      2.0      26.0     12.0     2.0      2.0      185.0    50.0     5.0      0.0      1.0      11.0     116.0    29.0     141.0    0.0      0.0      150.0    3.0      8.0      0.0      25.0     6.0      5.0      491.0    553.0    1.0      0.0      14.0     0.0      23.0     188.0    1.0      0.0      14.0     0.0      18.0     6.0      43.0     4.0      6.0      30.0     0.0      35.0     47.0     55.0     120.0    34.0     128.0    1.0      4.0      1.0      0.0      24.0     2.0      5.0      2.0      0.0      0.0      3.0      1163.0   238.0    0.0     
0.0      0.0      0.0      0.0      1.0      0.0      1.0      0.0      0.0      0.0      7.0      0.0      0.0      0.0      3.0      3.0      0.0      0.0      1.0      9.0      0.0      0.0      0.0      0.0      5.0      0.0      17.0     0.0      0.0      17.0     0.0      17.0     0.0      1.0      0.0      0.0      10.0     4.0      0.0      0.0      0.0      0.0      4.0      0.0      5.0      0.0      1.0      0.0      1.0      0.0      0.0      0.0      0.0      0.0      0.0      0.0      0.0      0.0      1.0      0.0      0.0      0.0      0.0      0.0      0.0      0.0      18.0     0.0      0.0      0.0      0.0      12.0     12.0     11.0     0.0      61.0     1.0      3.0      3.0      49.0     1.0      0.0      0.0      1.0      4.0      0.0      9.0      6.0      5.0      44.0     24.0     24.0     23.0     204.0    19.0     0.0      3.0      3.0      52.0     415.0    151.0    173.0    0.0      3.0      184.0    1.0      2.0      5.0      340.0    34.0     16.0     148.0    422.0    5.0      0.0      91.0     0.0      11.0     37.0     1.0      0.0      6.0      17.0     121.0    28.0     1.0      6.0      9.0      78.0     3.0      153.0    69.0     26.0     54.0     36.0     25.0     5.0      30.0     2.0      9.0      3.0      16.0     4.0      2.0      0.0      0.0      6.0      238.0    1467.0   7.0     
0.0      0.0      0.0      0.0      0.0      0.0      0.0      0.0      0.0      0.0      0.0      0.0      0.0      0.0      0.0      0.0      0.0      0.0      0.0      0.0      0.0      0.0      0.0      0.0      0.0      0.0      0.0      0.0      0.0      0.0      0.0      0.0      0.0      0.0      0.0      0.0      0.0      0.0      0.0      0.0      0.0      0.0      0.0      0.0      0.0      0.0      0.0      0.0      0.0      0.0      0.0      0.0      0.0      0.0      0.0      0.0      0.0      0.0      0.0      0.0      0.0      0.0      0.0      0.0      0.0      0.0      0.0      0.0      0.0      0.0      0.0      0.0      0.0      0.0      0.0      0.0      0.0      0.0      0.0      0.0      0.0      0.0      0.0      0.0      0.0      0.0      0.0      0.0      0.0      0.0      0.0      0.0      0.0      5.0      0.0      0.0      0.0      0.0      0.0      3.0      3.0      14.0     0.0      0.0      8.0      0.0      0.0      10.0     35.0     0.0      10.0     3.0      3.0      0.0      0.0      19.0     0.0      0.0      0.0      0.0      0.0      0.0      0.0      7.0      0.0      0.0      0.0      0.0      0.0      0.0      0.0      6.0      0.0      1.0      0.0      0.0      0.0      0.0      0.0      0.0      0.0      0.0      0.0      0.0      0.0      0.0      0.0      0.0      7.0      43.0    
