941.0    0.0      10.0     0.0      245.0    211.0    11.0     9.0      8.0      1.0      0.0      0.0      0.0      0.0      46.0     21.0     0.0      0.0      10.0     25.0     0.0      2.0      2.0      408.0    17.0     0.0      51.0     6.0      3.0      16.0     112.0    37.0     0.0      2.0      9.0      0.0      2.0      5.0      0.0      0.0      1.0      0.0      3.0      15.0     1.0      6.0      5.0      1.0      4.0      1.0      1.0      0.0      3.0      44.0     6.0      0.0      20.0     5.0      14.0     0.0      0.0      2.0      0.0      1.0      113.0    38.0     14.0     3.0      0.0      0.0      93.0     7.0      1.0      5.0      0.0      119.0    2.0      5.0      2.0      25.0     182.0    0.0      0.0      0.0      0.0      0.0      0.0      0.0      0.0      29.0     35.0     5.0      8.0      27.0     10.0     0.0      0.0      0.0      160.0    24.0     2.0      45.0     4.0      6.0      23.0     60.0     107.0    0.0      9.0      17.0     0.0      2.0      4.0      0.0      0.0      2.0      0.0      2.0      3.0      0.0      3.0      5.0      8.0      6.0      0.0      0.0      0.0      5.0      12.0     0.0      0.0      20.0     9.0      14.0     1.0      0.0      1.0      12.0     13.0     52.0     7.0      18.0     9.0      0.0      0.0      2.0      2.0      0.0      10.0     1.0     
0.0      213.0    0.0      1.0      0.0      0.0      0.0      0.0      0.0      13.0     0.0      1.0      0.0      0.0      0.0      0.0      0.0      0.0      77.0     2.0      15.0     0.0      0.0      5.0      0.0      0.0      0.0      0.0      0.0      0.0      0.0      0.0      0.0      15.0     5.0      0.0      24.0     7.0      0.0      0.0      0.0      0.0      31.0     66.0     4.0      0.0      0.0      0.0      11.0     1.0      69.0     40.0     0.0      0.0      0.0      0.0      0.0      16.0     4.0      7.0      22.0     53.0     4.0      0.0      0.0      0.0      38.0     0.0      1.0      0.0      0.0      0.0      8.0      7.0      0.0      0.0      0.0      0.0      0.0      0.0      0.0      0.0      0.0      0.0      28.0     10.0     0.0      0.0      0.0      0.0      0.0      1.0      0.0      0.0      7.0      0.0      1.0      2.0      0.0      2.0      0.0      0.0      0.0      0.0      0.0      1.0      2.0      0.0      2.0      2.0      0.0      7.0      3.0      0.0      0.0      0.0      0.0      21.0     2.0      20.0     0.0      0.0      0.0      1.0      0.0      0.0      8.0      0.0      0.0      0.0      0.0      0.0      0.0      1.0      0.0      2.0      1.0      0.0      0.0      0.0      2.0      39.0     0.0      0.0      0.0      0.0      0.0      2.0      3.0      0.0     
10.0     0.0      911.0    6.0      0.0      2.0      2.0      14.0     0.0      0.0      0.0      8.0      2.0      1.0      24.0     29.0     7.0      6.0      0.0      0.0      0.0      0.0      0.0      69.0     3.0      1.0      18.0     34.0     110.0    16.0     2.0      9.0      0.0      0.0      0.0      0.0      0.0      1.0      0.0      1.0      3.0      0.0      3.0      0.0      0.0      123.0    123.0    0.0      6.0      23.0     0.0      0.0      1.0      0.0      0.0      1.0      9.0      0.0      0.0      0.0      0.0      0.0      48.0     4.0      5.0      0.0      6.0      36.0     5.0      39.0     3.0      0.0      1.0      1.0      0.0      6.0      0.0      23.0     0.0      5.0      1.0      0.0      11.0     0.0      4.0      0.0      3.0      0.0      4.0      4.0      69.0     1.0      0.0      1.0      0.0      0.0      0.0      0.0      2.0      1.0      1.0      5.0      1.0      20.0     10.0     0.0      4.0      0.0      1.0      4.0      0.0      0.0      0.0      2.0      1.0      0.0      0.0      0.0      3.0      2.0      0.0      6.0      0.0      0.0      3.0      0.0      0.0      1.0      3.0      2.0      0.0      0.0      0.0      0.0      0.0      0.0      0.0      1.0      0.0      0.0      3.0      4.0      2.0      0.0      1.0      0.0      5.0      0.0      0.0      0.0     
0.0      1.0      6.0      373.0    0.0      0.0      1.0      6.0      0.0      0.0      0.0      141.0    0.0      0.0      8.0      45.0     0.0      0.0      1.0      1.0      0.0      0.0      0.0      3.0      119.0    53.0     37.0     26.0     61.0     1.0      0.0      0.0      0.0      3.0      0.0      3.0      1.0      9.0      0.0      0.0      28.0     0.0      1.0      0.0      0.0      33.0     0.0      0.0      1.0      87.0     0.0      0.0      1.0      0.0      0.0      11.0     27.0     0.0      1.0      0.0      0.0      0.0      2.0      0.0      0.0      0.0      1.0      14.0     17.0     5.0      0.0      0.0      8.0      112.0    1.0      0.0      1.0      0.0      2.0      0.0      0.0      0.0      5.0      0.0      0.0      0.0      1.0      0.0      0.0      2.0      6.0      0.0      0.0      3.0      0.0      0.0      0.0      0.0      0.0      1.0      0.0      5.0      0.0      12.0     4.0      0.0      0.0      0.0      0.0      0.0      0.0      0.0      0.0      0.0      0.0      0.0      0.0      0.0      0.0      0.0      0.0      0.0      0.0      0.0      0.0      0.0      0.0      1.0      0.0      0.0      0.0      3.0      0.0      2.0      0.0      0.0      0.0      0.0      0.0      0.0      1.0      0.0      0.0      2.0      1.0      0.0      0.0      0.0      0.0      0.0     
245.0    0.0      0.0      0.0      496.0    197.0    13.0     13.0     9.0      0.0      0.0      0.0      8.0      13.0     3.0      112.0    0.0      0.0      1.0      6.0      0.0      0.0      0.0      3.0      0.0      0.0      11.0     1.0      0.0      15.0     43.0     2.0      0.0      0.0      1.0      0.0      0.0      0.0      5.0      5.0      0.0      0.0      1.0      1.0      0.0      1.0      0.0      0.0      4.0      6.0      0.0      0.0      1.0      18.0     4.0      0.0      2.0      0.0      2.0      0.0      0.0      0.0      9.0      1.0      0.0      13.0     14.0     0.0      0.0      0.0      55.0     10.0     0.0      0.0      0.0      84.0     0.0      0.0      0.0      22.0     145.0    1.0      0.0      1.0      0.0      0.0      0.0      0.0      0.0      49.0     34.0     3.0      5.0      0.0      0.0      0.0      0.0      0.0      68.0     0.0      0.0      2.0      0.0      4.0      2.0      24.0     2.0      0.0      5.0      5.0      0.0      0.0      0.0      0.0      0.0      0.0      0.0      0.0      0.0      0.0      0.0      0.0      4.0      2.0      0.0      0.0      0.0      14.0     38.0     0.0      0.0      1.0      1.0      0.0      0.0      0.0      0.0      9.0      1.0      16.0     1.0      58.0     0.0      0.0      0.0      1.0      1.0      0.0      0.0      0.0     
211.0    0.0      2.0      0.0      197.0    764.0    110.0    83.0     47.0     5.0      0.0      0.0      0.0      2.0      56.0     321.0    1.0      0.0      0.0      1.0      0.0      0.0      4.0      72.0     1.0      1.0      3.0      0.0      0.0      93.0     146.0    43.0     0.0      0.0      1.0      0.0      1.0      2.0      0.0      2.0      1.0      0.0      0.0      4.0      3.0      0.0      1.0      0.0      1.0      1.0      0.0      0.0      5.0      38.0     17.0     0.0      1.0      0.0      0.0      0.0      0.0      1.0      4.0      29.0     5.0      53.0     94.0     0.0      0.0      0.0      186.0    63.0     2.0      0.0      0.0      88.0     2.0      1.0      0.0      23.0     217.0    1.0      0.0      1.0      1.0      0.0      5.0      0.0      0.0      149.0    30.0     9.0      13.0     7.0      0.0      0.0      1.0      0.0      117.0    5.0      0.0      15.0     0.0      2.0      9.0      45.0     32.0     0.0      13.0     17.0     0.0      1.0      0.0      0.0      3.0      0.0      0.0      2.0      3.0      1.0      1.0      2.0      13.0     7.0      0.0      0.0      0.0      25.0     117.0    0.0      0.0      5.0      1.0      1.0      1.0      0.0      0.0      11.0     15.0     50.0     4.0      169.0    0.0      0.0      0.0      2.0      1.0      0.0      3.0      0.0     
11.0     0.0      2.0      1.0      13.0     110.0    270.0    124.0    40.0     3.0      0.0      13.0     0.0      3.0      20.0     196.0    3.0      2.0      0.0      0.0      0.0      0.0      2.0      6.0      0.0      0.0      0.0      0.0      0.0      92.0     35.0     0.0      0.0      1.0      0.0      0.0      0.0      1.0      0.0      2.0      0.0      0.0      0.0      0.0      2.0      0.0      2.0      0.0      2.0      6.0      0.0      0.0      5.0      1.0      4.0      0.0      0.0      0.0      0.0      0.0      0.0      0.0      0.0      5.0      0.0      40.0     64.0     0.0      0.0      0.0      39.0     79.0     1.0      0.0      0.0      0.0      0.0      0.0      0.0      0.0      0.0      0.0      0.0      0.0      0.0      0.0      3.0      0.0      0.0      14.0     3.0      0.0      0.0      1.0      0.0      0.0      0.0      0.0      0.0      0.0      0.0      0.0      0.0      0.0      1.0      0.0      0.0      0.0      0.0      0.0      0.0      0.0      0.0      0.0      0.0      0.0      0.0      0.0      0.0      0.0      0.0      0.0      0.0      0.0      1.0      0.0      0.0      8.0      0.0      1.0      0.0      0.0      0.0      0.0      0.0      0.0      0.0      0.0      0.0      0.0      0.0      2.0      0.0      6.0      0.0      0.0      0.0      0.0      0.0      0.0     
9.0      0.0      14.0     6.0      13.0     83.0     124.0    412.0    76.0     2.0      0.0      13.0     0.0      5.0      11.0     272.0    3.0      2.0      0.0      2.0      0.0      0.0      0.0      5.0      0.0      0.0      0.0      0.0      15.0     124.0    27.0     0.0      0.0      2.0      0.0      0.0      0.0      1.0      0.0      3.0      0.0      0.0      3.0      1.0      1.0      0.0      19.0     0.0      6.0      13.0     1.0      0.0      2.0      1.0      0.0      0.0      0.0      1.0      2.0      0.0      0.0      0.0      0.0      0.0      0.0      46.0     91.0     0.0      1.0      0.0      29.0     107.0    1.0      0.0      0.0      3.0      0.0      0.0      4.0      2.0      0.0      0.0      0.0      0.0      0.0      0.0      2.0      0.0      0.0      11.0     25.0     0.0      0.0      1.0      2.0      0.0      0.0      0.0      1.0      1.0      0.0      3.0      0.0      23.0     1.0      0.0      1.0      0.0      0.0      2.0      0.0      1.0      0.0      0.0      0.0      0.0      0.0      1.0      0.0      0.0      0.0      0.0      0.0      0.0      1.0      0.0      0.0      9.0      0.0      3.0      0.0      0.0      0.0      1.0      0.0      1.0      0.0      0.0      0.0      0.0      3.0      1.0      0.0      12.0     1.0      0.0      0.0      1.0      1.0      0.0     
8.0      0.0      0.0      0.0      9.0      47.0     40.0     76.0     156.0    5.0      0.0      1.0      0.0      0.0      6.0      45.0     0.0      0.0      9.0      0.0      0.0      0.0      3.0      3.0      10.0     0.0      5.0      0.0      0.0      81.0     17.0     1.0      0.0      4.0      0.0      0.0      0.0      0.0      0.0      0.0      0.0      0.0      0.0      0.0      3.0      0.0      0.0      0.0      4.0      1.0      0.0      0.0      1.0      0.0      1.0      0.0      2.0      0.0      4.0      0.0      0.0      0.0      1.0      0.0      0.0      39.0     104.0    0.0      0.0      0.0      17.0     62.0     0.0      6.0      0.0      0.0      0.0      0.0      0.0      0.0      0.0      0.0      0.0      1.0      1.0      0.0      0.0      0.0      0.0      1.0      1.0      0.0      0.0      0.0      0.0      0.0      0.0      0.0      0.0      12.0     0.0      6.0      0.0      0.0      2.0      0.0      0.0      0.0      0.0      0.0      0.0      0.0      0.0      0.0      0.0      0.0      0.0      0.0      0.0      1.0      0.0      0.0      0.0      0.0      0.0      0.0      0.0      0.0      1.0      0.0      0.0      10.0     0.0      0.0      0.0      0.0      0.0      0.0      0.0      0.0      2.0      13.0     0.0      0.0      0.0      0.0      1.0      0.0      0.0      0.0     
1.0      13.0     0.0      0.0      0.0      5.0      3.0      2.0      5.0      348.0    76.0     0.0      0.0      0.0      1.0      8.0      1.0      1.0      14.0     60.0     0.0      43.0     73.0     2.0      3.0      0.0      19.0     0.0      0.0      10.0     0.0      7.0      1.0      9.0      7.0      0.0      27.0     0.0      0.0      0.0      0.0      0.0      27.0     49.0     185.0    0.0      0.0      0.0      3.0      1.0      37.0     12.0     0.0      0.0      0.0      0.0      5.0      0.0      10.0     0.0      10.0     48.0     1.0      0.0      1.0      30.0     267.0    0.0      0.0      0.0      1.0      1.0      1.0      2.0      1.0      0.0      6.0      2.0      0.0      0.0      1.0      0.0      0.0      0.0      139.0    51.0     0.0      0.0      0.0      0.0      1.0      0.0      0.0      8.0      112.0    0.0      4.0      8.0      0.0      0.0      0.0      5.0      0.0      0.0      4.0      0.0      2.0      0.0      0.0      5.0      0.0      0.0      0.0      0.0      0.0      0.0      0.0      71.0     6.0      72.0     0.0      0.0      0.0      0.0      0.0      1.0      17.0     0.0      0.0      0.0      0.0      0.0      0.0      28.0     0.0      1.0      18.0     0.0      1.0      0.0      81.0     242.0    0.0      0.0      0.0      0.0      0.0      0.0      0.0      0.0     
0.0      0.0      0.0      0.0      0.0      0.0      0.0      0.0      0.0      76.0     237.0    0.0      0.0      0.0      0.0      0.0      0.0      0.0      0.0      135.0    0.0      2.0      6.0      4.0      0.0      0.0      0.0      0.0      0.0      0.0      0.0      8.0      0.0      0.0      0.0      0.0      0.0      0.0      0.0      0.0      0.0      0.0      6.0      5.0      140.0    0.0      0.0      0.0      3.0      0.0      0.0      0.0      0.0      0.0      0.0      0.0      0.0      0.0      13.0     0.0      0.0      12.0     3.0      0.0      1.0      57.0     139.0    0.0      0.0      0.0      0.0      0.0      0.0      0.0      0.0      0.0      4.0      0.0      0.0      0.0      1.0      0.0      0.0      0.0      22.0     8.0      0.0      0.0      0.0      0.0      1.0      1.0      0.0      58.0     61.0     0.0      0.0      0.0      0.0      9.0      0.0      0.0      0.0      0.0      0.0      0.0      3.0      0.0      0.0      2.0      0.0      2.0      1.0      0.0      0.0      0.0      0.0      33.0     0.0      7.0      0.0      0.0      0.0      0.0      0.0      0.0      2.0      0.0      0.0      0.0      0.0      2.0      13.0     49.0     0.0      0.0      3.0      0.0      1.0      0.0      59.0     116.0    0.0      0.0      0.0      0.0      0.0      3.0      2.0      0.0     
0.0      1.0      8.0      141.0    0.0      0.0      13.0     13.0     1.0      0.0      0.0      719.0    1.0      67.0     16.0     264.0    0.0      0.0      2.0      2.0      0.0      0.0      0.0      5.0      24.0     21.0     41.0     22.0     35.0     18.0     0.0      0.0      0.0      3.0      0.0      3.0      1.0      10.0     0.0      41.0     16.0     0.0      0.0      0.0      0.0      24.0     2.0      0.0      0.0      232.0    0.0      0.0      78.0     1.0      21.0     4.0      26.0     1.0      1.0      0.0      0.0      0.0      6.0      0.0      0.0      2.0      3.0      14.0     88.0     5.0      0.0      9.0      6.0      25.0     0.0      0.0      0.0      0.0      2.0      0.0      2.0      10.0     3.0      0.0      0.0      0.0      15.0     0.0      1.0      47.0     28.0     0.0      0.0      0.0      0.0      0.0      0.0      0.0      0.0      1.0      0.0      5.0      0.0      15.0     4.0      0.0      0.0      0.0      0.0      0.0      0.0      0.0      0.0      0.0      0.0      0.0      0.0      0.0      0.0      0.0      0.0      1.0      0.0      0.0      0.0      0.0      0.0      30.0     0.0      1.0      0.0      2.0      0.0      0.0      0.0      0.0      0.0      2.0      0.0      0.0      0.0      2.0      0.0      16.0     1.0      0.0      0.0      0.0      0.0      0.0     
0.0      0.0      2.0      0.0      8.0      0.0      0.0      0.0      0.0      0.0      0.0      1.0      120.0    17.0     0.0      16.0     22.0     24.0     5.0      14.0     0.0      0.0      0.0      25.0     6.0      0.0      14.0     1.0      1.0      4.0      0.0      0.0      0.0      1.0      0.0      0.0      0.0      5.0      30.0     0.0      5.0      0.0      6.0      1.0      0.0      2.0      0.0      28.0     26.0     27.0     0.0      2.0      1.0      2.0      0.0      0.0      5.0      3.0      9.0      0.0      0.0      0.0      55.0     0.0      0.0      6.0      0.0      0.0      0.0      0.0      0.0      1.0      2.0      1.0      0.0      1.0      0.0      0.0      0.0      1.0      0.0      0.0      0.0      0.0      0.0      0.0      0.0      0.0      0.0      5.0      1.0      0.0      0.0      0.0      0.0      0.0      0.0      0.0      2.0      1.0      0.0      0.0      0.0      0.0      2.0      0.0      0.0      0.0      0.0      0.0      0.0      0.0      0.0      0.0      0.0      0.0      0.0      0.0      0.0      0.0      0.0      0.0      0.0      0.0      0.0      0.0      0.0      1.0      0.0      0.0      0.0      0.0      0.0      0.0      0.0      0.0      0.0      2.0      0.0      0.0      0.0      1.0      0.0      0.0      0.0      0.0      2.0      0.0      0.0      0.0     
0.0      0.0      1.0      0.0      13.0     2.0      3.0      5.0      0.0      0.0      0.0      67.0     17.0     334.0    13.0     73.0     7.0      9.0      0.0      3.0      0.0      0.0      0.0      7.0      0.0      0.0      6.0      1.0      4.0      4.0      0.0      0.0      0.0      6.0      1.0      0.0      0.0      5.0      48.0     105.0    1.0      0.0      5.0      0.0      0.0      1.0      0.0      0.0      15.0     58.0     0.0      1.0      30.0     6.0      16.0     0.0      1.0      2.0      2.0      0.0      0.0      0.0      13.0     0.0      0.0      5.0      2.0      1.0      1.0      0.0      0.0      1.0      5.0      4.0      0.0      2.0      0.0      0.0      0.0      2.0      5.0      3.0      0.0      0.0      0.0      0.0      23.0     0.0      10.0     43.0     14.0     1.0      0.0      2.0      0.0      0.0      0.0      0.0      3.0      1.0      0.0      1.0      0.0      1.0      1.0      0.0      1.0      0.0      0.0      1.0      0.0      1.0      0.0      0.0      3.0      0.0      0.0      0.0      0.0      0.0      0.0      0.0      0.0      0.0      0.0      0.0      0.0      33.0     2.0      3.0      0.0      0.0      0.0      1.0      0.0      1.0      0.0      5.0      0.0      0.0      1.0      2.0      0.0      4.0      0.0      0.0      0.0      0.0      0.0      0.0     
46.0     0.0      24.0     8.0      3.0      56.0     20.0     11.0     6.0      1.0      0.0      16.0     0.0      13.0     1505.0   258.0    45.0     38.0     26.0     24.0     1.0      0.0      1.0      166.0    86.0     9.0      125.0    45.0     128.0    34.0     1.0      1.0      1.0      14.0     4.0      1.0      1.0      10.0     1.0      2.0      9.0      0.0      19.0     1.0      1.0      47.0     9.0      0.0      157.0    74.0     0.0      3.0      382.0    120.0    174.0    2.0      93.0     15.0     29.0     0.0      1.0      0.0      196.0    1.0      0.0      21.0     26.0     31.0     80.0     67.0     1.0      7.0      6.0      40.0     2.0      5.0      0.0      0.0      0.0      4.0      23.0     7.0      2.0      0.0      1.0      0.0      39.0     0.0      18.0     297.0    39.0     0.0      0.0      0.0      0.0      0.0      0.0      1.0      10.0     5.0      1.0      1.0      0.0      0.0      4.0      0.0      0.0      0.0      0.0      0.0      0.0      0.0      0.0      0.0      5.0      0.0      0.0      0.0      0.0      1.0      0.0      0.0      0.0      0.0      4.0      0.0      0.0      106.0    57.0     4.0      0.0      0.0      0.0      0.0      0.0      0.0      0.0      20.0     0.0      0.0      0.0      79.0     0.0      5.0      0.0      0.0      2.0      0.0      4.0      0.0     
21.0     0.0      29.0     45.0     112.0    321.0    196.0    272.0    45.0     8.0      0.0      264.0    16.0     73.0     258.0    3035.0   16.0     12.0     14.0     28.0     0.0      1.0      6.0      39.0     3.0      0.0      20.0     2.0      204.0    156.0    25.0     6.0      0.0      7.0      4.0      0.0      0.0      3.0      8.0      37.0     0.0      0.0      31.0     5.0      5.0      3.0      14.0     0.0      67.0     95.0     1.0      5.0      79.0     50.0     181.0    0.0      1.0      7.0      28.0     0.0      0.0      1.0      29.0     7.0      1.0      99.0     108.0    1.0      90.0     67.0     43.0     71.0     0.0      1.0      0.0      22.0     0.0      3.0      8.0      14.0     26.0     2.0      5.0      1.0      3.0      0.0      24.0     1.0      7.0      181.0    159.0    4.0      5.0      9.0      3.0      0.0      1.0      2.0      26.0     8.0      1.0      8.0      6.0      84.0     14.0     1.0      6.0      0.0      7.0      8.0      0.0      1.0      1.0      1.0      4.0      0.0      0.0      2.0      2.0      5.0      3.0      4.0      4.0      5.0      7.0      0.0      0.0      29.0     64.0     48.0     1.0      1.0      3.0      2.0      0.0      1.0      1.0      7.0      0.0      6.0      6.0      135.0    5.0      35.0     1.0      0.0      4.0      1.0      7.0      0.0     
0.0      0.0      7.0      0.0      0.0      1.0      3.0      3.0      0.0      1.0      0.0      0.0      22.0     7.0      45.0     16.0     216.0    130.0    3.0      4.0      0.0      0.0      1.0      23.0     31.0     2.0      60.0     2.0      2.0      12.0     0.0      5.0      0.0      51.0     28.0     0.0      2.0      23.0     0.0      1.0      46.0     0.0      6.0      9.0      0.0      6.0      0.0      24.0     177.0    123.0    0.0      6.0      23.0     4.0      0.0      0.0      27.0     0.0      3.0      1.0      1.0      0.0      34.0     1.0      6.0      7.0      0.0      1.0      0.0      1.0      1.0      2.0      12.0     26.0     0.0      0.0      0.0      0.0      1.0      0.0      0.0      0.0      0.0      0.0      1.0      0.0      0.0      0.0      0.0      0.0      1.0      0.0      0.0      0.0      0.0      0.0      0.0      0.0      0.0      4.0      1.0      3.0      0.0      2.0      7.0      0.0      2.0      0.0      0.0      0.0      0.0      0.0      0.0      0.0      0.0      0.0      0.0      0.0      0.0      1.0      0.0      0.0      0.0      0.0      0.0      0.0      0.0      0.0      0.0      0.0      0.0      1.0      0.0      0.0      0.0      0.0      0.0      0.0      0.0      0.0      1.0      1.0      0.0      2.0      0.0      0.0      4.0      0.0      3.0      0.0     
0.0      0.0      6.0      0.0      0.0      0.0      2.0      2.0      0.0      1.0      0.0      0.0      24.0     9.0      38.0     12.0     130.0    152.0    3.0      4.0      0.0      0.0      1.0      29.0     24.0     1.0      30.0     2.0      2.0      11.0     0.0      2.0      0.0      23.0     8.0      0.0      3.0      15.0     0.0      1.0      21.0     0.0      9.0      9.0      0.0      5.0      0.0      28.0     111.0    86.0     1.0      5.0      17.0     4.0      0.0      0.0      10.0     1.0      3.0      1.0      0.0      0.0      40.0     0.0      8.0      7.0      0.0      1.0      0.0      1.0      0.0      1.0      9.0      16.0     0.0      0.0      0.0      0.0      1.0      0.0      0.0      0.0      0.0      0.0      0.0      0.0      0.0      0.0      0.0      0.0      0.0      0.0      0.0      0.0      0.0      0.0      0.0      0.0      0.0      2.0      1.0      1.0      0.0      2.0      3.0      0.0      0.0      0.0      0.0      0.0      0.0      0.0      0.0      0.0      0.0      0.0      0.0      0.0      0.0      0.0      0.0      0.0      0.0      0.0      0.0      0.0      0.0      0.0      0.0      0.0      0.0      1.0      0.0      1.0      0.0      0.0      0.0      0.0      0.0      0.0      0.0      0.0      0.0      1.0      0.0      0.0      2.0      0.0      2.0      0.0     
10.0     77.0     0.0      1.0      1.0      0.0      0.0      0.0      9.0      14.0     0.0      2.0      5.0      0.0      26.0     14.0     3.0      3.0      798.0    56.0     35.0     0.0      2.0      37.0     43.0     5.0      12.0     2.0      3.0      0.0      0.0      5.0      3.0      83.0     14.0     2.0      178.0    115.0    0.0      0.0      4.0      0.0      83.0     61.0     14.0     0.0      0.0      4.0      98.0     12.0     132.0    1.0      6.0      0.0      1.0      0.0      12.0     315.0    281.0    37.0     103.0    40.0     22.0     0.0      5.0      2.0      43.0     2.0      2.0      0.0      0.0      0.0      120.0    164.0    2.0      0.0      1.0      0.0      0.0      0.0      0.0      0.0      0.0      0.0      14.0     3.0      0.0      0.0      0.0      0.0      0.0      1.0      1.0      42.0     11.0     0.0      0.0      1.0      0.0      41.0     0.0      1.0      0.0      0.0      4.0      2.0      3.0      0.0      3.0      4.0      0.0      12.0     7.0      0.0      0.0      0.0      0.0      14.0     2.0      8.0      0.0      0.0      0.0      2.0      0.0      1.0      1.0      0.0      0.0      0.0      0.0      3.0      6.0      16.0     4.0      3.0      1.0      0.0      0.0      0.0      15.0     23.0     0.0      0.0      0.0      0.0      0.0      13.0     14.0     0.0     
25.0     2.0      0.0      1.0      6.0      1.0      0.0      2.0      0.0      60.0     135.0    2.0      14.0     3.0      24.0     28.0     4.0      4.0      56.0     762.0    0.0      4.0      2.0      81.0     0.0      2.0      50.0     1.0      0.0      1.0      5.0      60.0     2.0      55.0     13.0     0.0      8.0      28.0     1.0      3.0      4.0      0.0      40.0     7.0      120.0    1.0      0.0      11.0     96.0     5.0      2.0      0.0      6.0      4.0      5.0      0.0      12.0     3.0      290.0    5.0      7.0      3.0      39.0     2.0      9.0      193.0    145.0    0.0      1.0      0.0      1.0      1.0      14.0     119.0    2.0      0.0      1.0      0.0      0.0      0.0      0.0      0.0      0.0      0.0      18.0     8.0      0.0      0.0      0.0      1.0      3.0      4.0      1.0      137.0    60.0     0.0      0.0      0.0      1.0      16.0     0.0      1.0      0.0      0.0      0.0      2.0      19.0     0.0      2.0      9.0      0.0      3.0      3.0      0.0      0.0      0.0      0.0      44.0     3.0      3.0      0.0      0.0      0.0      1.0      0.0      0.0      1.0      0.0      0.0      0.0      0.0      5.0      25.0     85.0     1.0      0.0      1.0      1.0      1.0      0.0      63.0     117.0    1.0      0.0      0.0      0.0      0.0      5.0      8.0      0.0     
0.0      15.0     0.0      0.0      0.0      0.0      0.0      0.0      0.0      0.0      0.0      0.0      0.0      0.0      1.0      0.0      0.0      0.0      35.0     0.0      67.0     2.0      0.0      2.0      0.0      0.0      0.0      0.0      0.0      0.0      0.0      0.0      0.0      3.0      0.0      0.0      6.0      2.0      0.0      0.0      0.0      0.0      5.0      8.0      0.0      0.0      0.0      0.0      1.0      0.0      24.0     14.0     0.0      0.0      0.0      0.0      0.0      16.0     3.0      2.0      20.0     18.0     2.0      0.0      0.0      0.0      0.0      0.0      0.0      0.0      0.0      0.0      4.0      2.0      0.0      0.0      0.0      0.0      0.0      0.0      0.0      0.0      0.0      0.0      0.0      0.0      0.0      0.0      0.0      0.0      0.0      0.0      0.0      0.0      0.0      0.0      0.0      0.0      0.0      0.0      0.0      0.0      0.0      0.0      0.0      0.0      0.0      0.0      0.0      0.0      0.0      1.0      1.0      0.0      0.0      0.0      0.0      0.0      0.0      0.0      0.0      0.0      0.0      0.0      0.0      0.0      0.0      0.0      0.0      0.0      0.0      0.0      0.0      0.0      0.0      0.0      0.0      0.0      0.0      0.0      0.0      0.0      0.0      0.0      0.0      0.0      0.0      1.0      0.0      0.0     
2.0      0.0      0.0      0.0      0.0      0.0      0.0      0.0      0.0      43.0     2.0      0.0      0.0      0.0      0.0      1.0      0.0      0.0      0.0      4.0      2.0      291.0    10.0     14.0     0.0      0.0      0.0      0.0      0.0      0.0      2.0      5.0      0.0      23.0     3.0      0.0      2.0      0.0      0.0      0.0      0.0      0.0      64.0     59.0     48.0     0.0      0.0      0.0      1.0      0.0      25.0     86.0     0.0      0.0      0.0      0.0      0.0      1.0      0.0      0.0      1.0      76.0     4.0      1.0      8.0      0.0      99.0     0.0      0.0      0.0      1.0      0.0      9.0      0.0      0.0      0.0      3.0      0.0      0.0      0.0      0.0      0.0      0.0      0.0      48.0     26.0     0.0      0.0      0.0      0.0      0.0      1.0      0.0      0.0      33.0     1.0      2.0      1.0      0.0      0.0      0.0      1.0      0.0      0.0      1.0      0.0      1.0      0.0      0.0      1.0      0.0      0.0      0.0      0.0      0.0      0.0      0.0      82.0     2.0      26.0     0.0      0.0      0.0      0.0      0.0      0.0      13.0     0.0      0.0      0.0      0.0      0.0      0.0      1.0      0.0      0.0      6.0      0.0      0.0      0.0      9.0      116.0    0.0      0.0      0.0      0.0      0.0      0.0      0.0      0.0     
2.0      0.0      0.0      0.0      0.0      4.0      2.0      0.0      3.0      73.0     6.0      0.0      0.0      0.0      1.0      6.0      1.0      1.0      2.0      2.0      0.0      10.0     129.0    4.0      1.0      0.0      20.0     0.0      0.0      10.0     1.0      4.0      1.0      1.0      1.0      0.0      1.0      0.0      0.0      0.0      0.0      0.0      0.0      59.0     71.0     0.0      0.0      0.0      2.0      1.0      20.0     0.0      0.0      0.0      0.0      0.0      6.0      0.0      2.0      0.0      0.0      20.0     1.0      0.0      2.0      24.0     11.0     0.0      0.0      0.0      2.0      1.0      0.0      0.0      1.0      0.0      0.0      2.0      0.0      0.0      0.0      0.0      0.0      0.0      3.0      2.0      0.0      0.0      0.0      0.0      0.0      0.0      0.0      0.0      6.0      0.0      0.0      0.0      0.0      0.0      0.0      4.0      0.0      0.0      2.0      0.0      0.0      0.0      0.0      0.0      0.0      0.0      0.0      0.0      0.0      0.0      0.0      3.0      0.0      2.0      0.0      0.0      0.0      0.0      0.0      0.0      0.0      0.0      0.0      0.0      0.0      0.0      0.0      1.0      0.0      0.0      0.0      0.0      0.0      0.0      4.0      10.0     0.0      0.0      0.0      0.0      0.0      0.0      0.0      0.0     
408.0    5.0      69.0     3.0      3.0      72.0     6.0      5.0      3.0      2.0      4.0      5.0      25.0     7.0      166.0    39.0     23.0     29.0     37.0     81.0     2.0      14.0     4.0      1502.0   75.0     7.0      172.0    41.0     20.0     33.0     47.0     108.0    1.0      32.0     49.0     1.0      12.0     22.0     2.0      2.0      9.0      0.0      44.0     65.0     3.0      44.0     19.0     45.0     140.0    32.0     2.0      17.0     17.0     24.0     4.0      0.0      71.0     20.0     55.0     3.0      1.0      14.0     526.0    22.0     247.0    68.0     37.0     34.0     0.0      4.0      45.0     7.0      12.0     33.0     1.0      51.0     5.0      4.0      4.0      13.0     44.0     0.0      0.0      0.0      1.0      1.0      1.0      0.0      0.0      61.0     24.0     6.0      9.0      38.0     17.0     0.0      2.0      0.0      89.0     27.0     3.0      47.0     1.0      6.0      26.0     16.0     136.0    0.0      10.0     43.0     0.0      4.0      5.0      0.0      0.0      2.0      0.0      5.0      2.0      2.0      3.0      5.0      7.0      5.0      1.0      0.0      0.0      7.0      15.0     0.0      0.0      21.0     10.0     23.0     2.0      2.0      2.0      27.0     6.0      18.0     11.0     18.0     7.0      0.0      0.0      1.0      7.0      2.0      12.0     0.0     
17.0     0.0      3.0      119.0    0.0      1.0      0.0      0.0      10.0     3.0      0.0      24.0     6.0      0.0      86.0     3.0      31.0     24.0     43.0     0.0      0.0      0.0      1.0      75.0     973.0    69.0     29.0     122.0    235.0    8.0      1.0      10.0     27.0     67.0     3.0      3.0      21.0     48.0     0.0      0.0      11.0     0.0      2.0      3.0      2.0      134.0    0.0      6.0      95.0     38.0     0.0      0.0      16.0     4.0      2.0      29.0     139.0    3.0      23.0     3.0      5.0      0.0      42.0     1.0      15.0     7.0      12.0     87.0     19.0     5.0      2.0      1.0      39.0     382.0    16.0     0.0      0.0      0.0      0.0      1.0      0.0      0.0      0.0      1.0      0.0      0.0      0.0      0.0      0.0      1.0      0.0      0.0      0.0      1.0      1.0      0.0      0.0      0.0      0.0      19.0     0.0      17.0     0.0      0.0      10.0     0.0      2.0      0.0      1.0      0.0      0.0      0.0      0.0      0.0      0.0      0.0      0.0      0.0      0.0      0.0      0.0      0.0      0.0      2.0      0.0      0.0      0.0      0.0      0.0      0.0      0.0      11.0     0.0      2.0      0.0      0.0      0.0      0.0      0.0      0.0      5.0      9.0      0.0      0.0      0.0      0.0      1.0      0.0      1.0      0.0     
0.0      0.0      1.0      53.0     0.0      1.0      0.0      0.0      0.0      0.0      0.0      21.0     0.0      0.0      9.0      0.0      2.0      1.0      5.0      2.0      0.0      0.0      0.0      7.0      69.0     333.0    12.0     17.0     68.0     2.0      0.0      3.0      0.0      14.0     0.0      17.0     5.0      54.0     0.0      0.0      72.0     0.0      3.0      0.0      0.0      16.0     0.0      0.0      12.0     20.0     0.0      0.0      4.0      0.0      1.0      39.0     19.0     4.0      6.0      0.0      0.0      0.0      8.0      1.0      0.0      1.0      0.0      49.0     1.0      0.0      1.0      1.0      33.0     108.0    6.0      0.0      0.0      0.0      0.0      0.0      0.0      0.0      0.0      0.0      0.0      0.0      0.0      0.0      0.0      0.0      0.0      0.0      0.0      0.0      0.0      0.0      0.0      0.0      0.0      0.0      0.0      2.0      0.0      1.0      0.0      0.0      0.0      0.0      0.0      0.0      0.0      0.0      0.0      0.0      0.0      0.0      0.0      0.0      0.0      0.0      0.0      0.0      0.0      0.0      0.0      0.0      0.0      0.0      0.0      0.0      0.0      2.0      0.0      0.0      0.0      0.0      0.0      0.0      0.0      0.0      0.0      0.0      0.0      0.0      0.0      0.0      0.0      0.0      1.0      0.0     
51.0     0.0      18.0     37.0     11.0     3.0      0.0      0.0      5.0      19.0     0.0      41.0     14.0     6.0      125.0    20.0     60.0     30.0     12.0     50.0     0.0      0.0      20.0     172.0    29.0     12.0     1419.0   37.0     191.0    266.0    6.0      28.0     52.0     152.0    15.0     4.0      7.0      27.0     3.0      4.0      59.0     0.0      3.0      11.0     18.0     65.0     9.0      10.0     165.0    74.0     1.0      1.0      32.0     11.0     5.0      3.0      518.0    3.0      21.0     0.0      0.0      2.0      91.0     3.0      28.0     238.0    7.0      112.0    24.0     18.0     7.0      4.0      15.0     130.0    16.0     0.0      0.0      3.0      0.0      2.0      0.0      0.0      0.0      0.0      1.0      0.0      0.0      0.0      0.0      3.0      2.0      3.0      1.0      3.0      2.0      0.0      0.0      0.0      0.0      6.0      0.0      19.0     0.0      3.0      17.0     0.0      5.0      0.0      1.0      3.0      0.0      0.0      1.0      0.0      0.0      0.0      0.0      0.0      3.0      1.0      0.0      1.0      0.0      0.0      0.0      0.0      0.0      0.0      1.0      2.0      0.0      3.0      0.0      3.0      0.0      0.0      0.0      0.0      0.0      0.0      4.0      19.0     0.0      1.0      0.0      0.0      0.0      0.0      3.0      0.0     
6.0      0.0      34.0     26.0     1.0      0.0      0.0      0.0      0.0      0.0      0.0      22.0     1.0      1.0      45.0     2.0      2.0      2.0      2.0      1.0      0.0      0.0      0.0      41.0     122.0    17.0     37.0     540.0    137.0    9.0      0.0      0.0      2.0      4.0      0.0      0.0      0.0      11.0     0.0      0.0      11.0     0.0      4.0      0.0      0.0      328.0    9.0      0.0      10.0     15.0     0.0      0.0      10.0     0.0      1.0      5.0      43.0     2.0      1.0      0.0      0.0      0.0      33.0     0.0      4.0      0.0      0.0      264.0    15.0     15.0     0.0      0.0      6.0      84.0     1.0      0.0      0.0      4.0      0.0      0.0      0.0      0.0      0.0      0.0      0.0      0.0      0.0      0.0      0.0      0.0      0.0      0.0      0.0      0.0      0.0      0.0      0.0      0.0      0.0      0.0      0.0      0.0      0.0      0.0      2.0      0.0      0.0      0.0      0.0      0.0      0.0      1.0      0.0      0.0      0.0      0.0      0.0      0.0      0.0      0.0      0.0      0.0      0.0      0.0      0.0      0.0      0.0      0.0      0.0      0.0      0.0      0.0      0.0      0.0      1.0      0.0      0.0      0.0      0.0      0.0      0.0      0.0      0.0      0.0      0.0      0.0      1.0      0.0      0.0      0.0     
3.0      0.0      110.0    61.0     0.0      0.0      0.0      15.0     0.0      0.0      0.0      35.0     1.0      4.0      128.0    204.0    2.0      2.0      3.0      0.0      0.0      0.0      0.0      20.0     235.0    68.0     191.0    137.0    2000.0   3.0      1.0      1.0      3.0      16.0     0.0      6.0      13.0     37.0     0.0      0.0      20.0     0.0      3.0      0.0      0.0      311.0    0.0      0.0      5.0      10.0     0.0      0.0      39.0     0.0      25.0     17.0     199.0    1.0      0.0      2.0      0.0      0.0      19.0     1.0      1.0      1.0      7.0      154.0    118.0    178.0    0.0      0.0      24.0     153.0    2.0      2.0      0.0      11.0     2.0      3.0      0.0      7.0      31.0     0.0      0.0      0.0      3.0      1.0      1.0      45.0     97.0     0.0      0.0      4.0      1.0      0.0      0.0      0.0      3.0      19.0     0.0      15.0     1.0      72.0     17.0     0.0      0.0      0.0      0.0      0.0      0.0      2.0      0.0      1.0      1.0      0.0      0.0      0.0      0.0      0.0      5.0      4.0      0.0      0.0      0.0      0.0      0.0      27.0     1.0      8.0      0.0      4.0      2.0      5.0      2.0      0.0      0.0      1.0      0.0      0.0      3.0      1.0      3.0      17.0     9.0      0.0      4.0      0.0      2.0      0.0     
16.0     0.0      16.0     1.0      15.0     93.0     92.0     124.0    81.0     10.0     0.0      18.0     4.0      4.0      34.0     156.0    12.0     11.0     0.0      1.0      0.0      0.0      10.0     33.0     8.0      2.0      266.0    9.0      3.0      1112.0   21.0     18.0     7.0      32.0     3.0      0.0      0.0      9.0      0.0      2.0      18.0     0.0      1.0      10.0     13.0     4.0      76.0     1.0      42.0     19.0     2.0      0.0      9.0      4.0      3.0      0.0      2.0      1.0      1.0      0.0      0.0      3.0      20.0     3.0      2.0      247.0    82.0     17.0     1.0      0.0      22.0     325.0    7.0      31.0     6.0      1.0      0.0      13.0     0.0      1.0      2.0      1.0      0.0      0.0      1.0      0.0      0.0      0.0      0.0      3.0      16.0     1.0      0.0      5.0      0.0      0.0      0.0      0.0      2.0      10.0     4.0      33.0     0.0      12.0     18.0     0.0      6.0      0.0      4.0      2.0      0.0      1.0      0.0      0.0      0.0      2.0      0.0      0.0      1.0      0.0      0.0      1.0      0.0      0.0      0.0      0.0      0.0      1.0      1.0      0.0      0.0      6.0      2.0      1.0      1.0      0.0      0.0      0.0      3.0      0.0      6.0      6.0      1.0      2.0      0.0      0.0      2.0      0.0      4.0      0.0     
112.0    0.0      2.0      0.0      43.0     146.0    35.0     27.0     17.0     0.0      0.0      0.0      0.0      0.0      1.0      25.0     0.0      0.0      0.0      5.0      0.0      2.0      1.0      47.0     1.0      0.0      6.0      0.0      1.0      21.0     247.0    50.0     0.0      0.0      5.0      0.0      0.0      1.0      0.0      0.0      0.0      0.0      0.0      12.0     0.0      1.0      1.0      0.0      1.0      0.0      0.0      0.0      1.0      0.0      0.0      0.0      3.0      2.0      1.0      0.0      0.0      3.0      0.0      40.0     4.0      9.0      29.0     0.0      0.0      0.0      161.0    19.0     1.0      1.0      0.0      15.0     0.0      0.0      0.0      3.0      71.0     1.0      0.0      1.0      0.0      0.0      0.0      0.0      0.0      1.0      3.0      4.0      6.0      3.0      0.0      0.0      0.0      0.0      54.0     3.0      0.0      6.0      0.0      1.0      5.0      24.0     8.0      0.0      6.0      8.0      0.0      1.0      0.0      0.0      0.0      0.0      0.0      0.0      2.0      0.0      0.0      0.0      6.0      3.0      0.0      0.0      0.0      1.0      3.0      0.0      0.0      3.0      1.0      2.0      1.0      0.0      0.0      1.0      11.0     29.0     1.0      2.0      0.0      0.0      0.0      1.0      2.0      0.0      0.0      0.0     
37.0     0.0      9.0      0.0      2.0      43.0     0.0      0.0      1.0      7.0      8.0      0.0      0.0      0.0      1.0      6.0      5.0      2.0      5.0      60.0     0.0      5.0      4.0      108.0    10.0     3.0      28.0     0.0      1.0      18.0     50.0     556.0    0.0      5.0      27.0     1.0      2.0      2.0      0.0      0.0      2.0      0.0      3.0      44.0     6.0      1.0      4.0      1.0      6.0      0.0      2.0      3.0      1.0      0.0      0.0      0.0      12.0     7.0      30.0     0.0      0.0      8.0      0.0      40.0     36.0     44.0     80.0     3.0      0.0      0.0      63.0     1.0      4.0      4.0      0.0      0.0      7.0      8.0      3.0      0.0      3.0      0.0      0.0      0.0      3.0      2.0      0.0      0.0      0.0      0.0      2.0      13.0     6.0      35.0     23.0     0.0      2.0      0.0      1.0      21.0     3.0      30.0     1.0      5.0      11.0     8.0      207.0    0.0      7.0      54.0     1.0      8.0      4.0      0.0      0.0      1.0      0.0      15.0     17.0     3.0      1.0      2.0      0.0      1.0      0.0      0.0      2.0      0.0      0.0      0.0      0.0      20.0     10.0     18.0     3.0      4.0      6.0      0.0      8.0      0.0      11.0     7.0      9.0      0.0      0.0      0.0      2.0      6.0      8.0      0.0     
0.0      0.0      0.0      0.0      0.0      0.0      0.0      0.0      0.0      1.0      0.0      0.0      0.0      0.0      1.0      0.0      0.0      0.0      3.0      2.0      0.0      0.0      1.0      1.0      27.0     0.0      52.0     2.0      3.0      7.0      0.0      0.0      111.0    74.0     1.0      0.0      1.0      0.0      0.0      0.0      20.0     0.0      0.0      0.0      0.0      0.0      0.0      0.0      73.0     0.0      1.0      0.0      0.0      0.0      0.0      0.0      20.0     1.0      1.0      0.0      1.0      1.0      1.0      0.0      0.0      14.0     0.0      2.0      0.0      1.0      0.0      0.0      0.0      10.0     21.0     0.0      0.0      0.0      0.0      0.0      0.0      0.0      0.0      0.0      0.0      0.0      0.0      0.0      0.0      0.0      0.0      0.0      0.0      0.0      0.0      0.0      0.0      0.0      0.0      3.0      1.0      1.0      0.0      0.0      4.0      0.0      1.0      0.0      1.0      0.0      0.0      0.0      1.0      0.0      0.0      0.0      0.0      0.0      0.0      0.0      0.0      0.0      0.0      0.0      0.0      0.0      0.0      0.0      0.0      0.0      0.0      0.0      0.0      0.0      0.0      0.0      0.0      0.0      0.0      0.0      1.0      1.0      0.0      0.0      0.0      0.0      3.0      0.0      5.0      0.0     
2.0      15.0     0.0      3.0      0.0      0.0      1.0      2.0      4.0      9.0      0.0      3.0      1.0      6.0      14.0     7.0      51.0     23.0     83.0     55.0     3.0      23.0     1.0      32.0     67.0     14.0     152.0    4.0      16.0     32.0     0.0      5.0      74.0     799.0    145.0    29.0     11.0     16.0     0.0      0.0      60.0     0.0      45.0     96.0     5.0      4.0      0.0      12.0     336.0    26.0     19.0     28.0     6.0      1.0      0.0      1.0      63.0     23.0     81.0     5.0      3.0      28.0     16.0     0.0      14.0     66.0     13.0     4.0      4.0      1.0      1.0      1.0      19.0     276.0    66.0     0.0      1.0      0.0      0.0      0.0      1.0      0.0      0.0      0.0      7.0      3.0      1.0      0.0      0.0      0.0      1.0      1.0      1.0      14.0     8.0      0.0      0.0      1.0      0.0      28.0     0.0      6.0      0.0      2.0      23.0     0.0      3.0      0.0      6.0      1.0      0.0      8.0      13.0     0.0      0.0      0.0      0.0      8.0      1.0      4.0      0.0      0.0      0.0      0.0      0.0      1.0      3.0      0.0      0.0      0.0      0.0      2.0      0.0      3.0      0.0      1.0      2.0      0.0      0.0      0.0      13.0     17.0     0.0      3.0      0.0      0.0      9.0      12.0     37.0     0.0     
9.0      5.0      0.0      0.0      1.0      1.0      0.0      0.0      0.0      7.0      0.0      0.0      0.0      1.0      4.0      4.0      28.0     8.0      14.0     13.0     0.0      3.0      1.0      49.0     3.0      0.0      15.0     0.0      0.0      3.0      5.0      27.0     1.0      145.0    242.0    0.0      1.0      2.0      0.0      0.0      3.0      0.0      9.0      108.0    1.0      0.0      0.0      6.0      116.0    12.0     7.0      6.0      2.0      0.0      0.0      0.0      5.0      4.0      14.0     0.0      1.0      16.0     6.0      4.0      29.0     13.0     13.0     0.0      0.0      0.0      5.0      1.0      2.0      16.0     0.0      0.0      0.0      0.0      0.0      0.0      1.0      0.0      0.0      0.0      7.0      2.0      0.0      0.0      0.0      0.0      0.0      2.0      2.0      5.0      6.0      0.0      0.0      0.0      0.0      9.0      0.0      0.0      0.0      0.0      1.0      0.0      8.0      0.0      0.0      3.0      0.0      5.0      4.0      0.0      0.0      0.0      0.0      13.0     0.0      6.0      0.0      0.0      0.0      0.0      0.0      0.0      2.0      0.0      0.0      0.0      0.0      1.0      0.0      1.0      0.0      2.0      3.0      0.0      0.0      0.0      7.0      11.0     0.0      1.0      0.0      0.0      0.0      6.0      3.0      0.0     
0.0      0.0      0.0      3.0      0.0      0.0      0.0      0.0      0.0      0.0      0.0      3.0      0.0      0.0      1.0      0.0      0.0      0.0      2.0      0.0      0.0      0.0      0.0      1.0      3.0      17.0     4.0      0.0      6.0      0.0      0.0      1.0      0.0      29.0     0.0      57.0     0.0      3.0      0.0      0.0      26.0     0.0      1.0      0.0      0.0      0.0      0.0      0.0      3.0      1.0      0.0      0.0      0.0      0.0      0.0      0.0      0.0      0.0      2.0      0.0      0.0      0.0      1.0      0.0      0.0      1.0      0.0      0.0      1.0      0.0      0.0      0.0      0.0      28.0     13.0     0.0      0.0      0.0      0.0      0.0      0.0      0.0      0.0      0.0      0.0      0.0      0.0      0.0      0.0      0.0      0.0      0.0      0.0      0.0      0.0      0.0      0.0      0.0      0.0      0.0      0.0      0.0      0.0      0.0      0.0      0.0      0.0      0.0      0.0      0.0      0.0      0.0      0.0      0.0      0.0      0.0      0.0      0.0      0.0      0.0      0.0      0.0      0.0      0.0      0.0      0.0      0.0      0.0      0.0      0.0      0.0      0.0      0.0      0.0      0.0      0.0      0.0      0.0      0.0      0.0      0.0      0.0      0.0      0.0      0.0      0.0      0.0      0.0      0.0      0.0     
2.0      24.0     0.0      1.0      0.0      1.0      0.0      0.0      0.0      27.0     0.0      1.0      0.0      0.0      1.0      0.0      2.0      3.0      178.0    8.0      6.0      2.0      1.0      12.0     21.0     5.0      7.0      0.0      13.0     0.0      0.0      2.0      1.0      11.0     1.0      0.0      468.0    68.0     0.0      0.0      3.0      0.0      44.0     71.0     0.0      1.0      0.0      4.0      3.0      5.0      191.0    27.0     1.0      1.0      1.0      0.0      1.0      115.0    73.0     17.0     118.0    41.0     8.0      0.0      1.0      0.0      36.0     1.0      0.0      0.0      1.0      0.0      170.0    35.0     0.0      0.0      1.0      0.0      0.0      0.0      0.0      0.0      0.0      0.0      29.0     6.0      0.0      0.0      0.0      0.0      0.0      0.0      0.0      2.0      7.0      0.0      2.0      5.0      0.0      5.0      0.0      0.0      0.0      0.0      0.0      0.0      0.0      0.0      0.0      3.0      0.0      2.0      1.0      0.0      0.0      0.0      0.0      10.0     2.0      13.0     0.0      0.0      0.0      0.0      0.0      0.0      4.0      0.0      0.0      0.0      0.0      0.0      0.0      3.0      0.0      1.0      3.0      0.0      0.0      0.0      6.0      35.0     0.0      0.0      0.0      0.0      0.0      2.0      2.0      0.0     
5.0      7.0      1.0      9.0      0.0      2.0      1.0      1.0      0.0      0.0      0.0      10.0     5.0      5.0      10.0     3.0      23.0     15.0     115.0    28.0     2.0      0.0      0.0      22.0     48.0     54.0     27.0     11.0     37.0     9.0      1.0      2.0      0.0      16.0     2.0      3.0      68.0     618.0    1.0      2.0      20.0     0.0      66.0     10.0     0.0      10.0     0.0      3.0      36.0     32.0     0.0      23.0     8.0      1.0      1.0      14.0     6.0      76.0     82.0     7.0      1.0      0.0      20.0     0.0      5.0      5.0      1.0      7.0      6.0      0.0      1.0      2.0      240.0    338.0    0.0      0.0      0.0      0.0      0.0      0.0      0.0      0.0      0.0      0.0      0.0      3.0      0.0      0.0      0.0      0.0      0.0      0.0      0.0      7.0      10.0     0.0      0.0      0.0      0.0      21.0     2.0      0.0      0.0      0.0      0.0      0.0      0.0      0.0      0.0      0.0      0.0      5.0      10.0     0.0      0.0      0.0      0.0      2.0      0.0      0.0      0.0      0.0      0.0      0.0      0.0      0.0      0.0      0.0      0.0      0.0      0.0      4.0      0.0      5.0      0.0      0.0      0.0      0.0      0.0      0.0      13.0     0.0      0.0      0.0      0.0      0.0      0.0      8.0      7.0      0.0     
0.0      0.0      0.0      0.0      5.0      0.0      0.0      0.0      0.0      0.0      0.0      0.0      30.0     48.0     1.0      8.0      0.0      0.0      0.0      1.0      0.0      0.0      0.0      2.0      0.0      0.0      3.0      0.0      0.0      0.0      0.0      0.0      0.0      0.0      0.0      0.0      0.0      1.0      68.0     7.0      0.0      0.0      2.0      0.0      0.0      0.0      0.0      2.0      2.0      31.0     0.0      1.0      0.0      0.0      0.0      0.0      0.0      0.0      1.0      0.0      0.0      0.0      7.0      0.0      0.0      2.0      0.0      0.0      0.0      0.0      0.0      0.0      0.0      0.0      0.0      1.0      0.0      0.0      0.0      2.0      0.0      0.0      0.0      0.0      0.0      0.0      3.0      0.0      0.0      3.0      3.0      0.0      0.0      0.0      0.0      0.0      0.0      0.0      1.0      0.0      0.0      0.0      0.0      1.0      0.0      0.0      0.0      0.0      0.0      0.0      0.0      0.0      0.0      0.0      0.0      0.0      0.0      0.0      0.0      0.0      0.0      0.0      0.0      0.0      0.0      0.0      0.0      2.0      0.0      0.0      0.0      0.0      0.0      0.0      0.0      0.0      0.0      2.0      0.0      0.0      0.0      0.0      0.0      0.0      0.0      0.0      0.0      0.0      0.0      0.0     
0.0      0.0      1.0      0.0      5.0      2.0      2.0      3.0      0.0      0.0      0.0      41.0     0.0      105.0    2.0      37.0     1.0      1.0      0.0      3.0      0.0      0.0      0.0      2.0      0.0      0.0      4.0      0.0      0.0      2.0      0.0      0.0      0.0      0.0      0.0      0.0      0.0      2.0      7.0      126.0    0.0      0.0      1.0      0.0      0.0      0.0      0.0      0.0      2.0      20.0     0.0      0.0      0.0      2.0      6.0      0.0      1.0      0.0      1.0      0.0      0.0      0.0      2.0      0.0      0.0      3.0      0.0      0.0      1.0      0.0      0.0      1.0      2.0      0.0      0.0      1.0      0.0      0.0      0.0      0.0      1.0      0.0      0.0      0.0      0.0      0.0      7.0      0.0      1.0      14.0     0.0      0.0      0.0      1.0      0.0      0.0      0.0      0.0      1.0      0.0      0.0      1.0      0.0      1.0      1.0      0.0      0.0      0.0      0.0      0.0      0.0      1.0      0.0      0.0      0.0      0.0      0.0      0.0      0.0      0.0      0.0      0.0      0.0      0.0      0.0      0.0      0.0      8.0      1.0      0.0      0.0      0.0      0.0      0.0      0.0      1.0      0.0      3.0      0.0      0.0      1.0      0.0      0.0      1.0      0.0      0.0      0.0      0.0      0.0      0.0     
1.0      0.0      3.0      28.0     0.0      1.0      0.0      0.0      0.0      0.0      0.0      16.0     5.0      1.0      9.0      0.0      46.0     21.0     4.0      4.0      0.0      0.0      0.0      9.0      11.0     72.0     59.0     11.0     20.0     18.0     0.0      2.0      20.0     60.0     3.0      26.0     3.0      20.0     0.0      0.0      240.0    0.0      2.0      0.0      0.0      6.0      0.0      7.0      66.0     45.0     0.0      0.0      4.0      1.0      1.0      0.0      20.0     1.0      6.0      0.0      0.0      0.0      7.0      1.0      1.0      4.0      0.0      10.0     5.0      1.0      1.0      0.0      14.0     64.0     28.0     0.0      0.0      0.0      0.0      0.0      0.0      0.0      0.0      0.0      1.0      0.0      0.0      0.0      0.0      0.0      0.0      0.0      0.0      0.0      0.0      0.0      0.0      1.0      0.0      8.0      4.0      11.0     0.0      3.0      15.0     0.0      0.0      0.0      4.0      0.0      1.0      0.0      1.0      0.0      0.0      0.0      0.0      0.0      1.0      1.0      0.0      0.0      0.0      0.0      0.0      1.0      0.0      0.0      0.0      0.0      0.0      3.0      0.0      0.0      0.0      0.0      1.0      0.0      0.0      0.0      1.0      3.0      0.0      0.0      0.0      0.0      10.0     0.0      8.0      0.0     
0.0      0.0      0.0      0.0      0.0      0.0      0.0      0.0      0.0      0.0      0.0      0.0      0.0      0.0      0.0      0.0      0.0      0.0      0.0      0.0      0.0      0.0      0.0      0.0      0.0      0.0      0.0      0.0      0.0      0.0      0.0      0.0      0.0      0.0      0.0      0.0      0.0      0.0      0.0      0.0      0.0      0.0      0.0      0.0      0.0      0.0      0.0      0.0      0.0      0.0      0.0      0.0      0.0      0.0      0.0      0.0      0.0      0.0      0.0      0.0      0.0      0.0      0.0      0.0      0.0      0.0      0.0      0.0      0.0      0.0      0.0      0.0      0.0      0.0      0.0      0.0      0.0      0.0      0.0      0.0      0.0      0.0      0.0      0.0      0.0      0.0      0.0      0.0      0.0      0.0      0.0      0.0      0.0      0.0      0.0      0.0      0.0      0.0      0.0      0.0      0.0      0.0      0.0      0.0      0.0      0.0      0.0      0.0      0.0      0.0      0.0      0.0      0.0      0.0      0.0      0.0      0.0      0.0      0.0      0.0      0.0      0.0      0.0      0.0      0.0      0.0      0.0      0.0      0.0      0.0      0.0      0.0      0.0      0.0      0.0      0.0      0.0      0.0      0.0      0.0      0.0      0.0      0.0      0.0      0.0      0.0      0.0      0.0      0.0      0.0     
3.0      31.0     3.0      1.0      1.0      0.0      0.0      3.0      0.0      27.0     6.0      0.0      6.0      5.0      19.0     31.0     6.0      9.0      83.0     40.0     5.0      64.0     0.0      44.0     2.0      3.0      3.0      4.0      3.0      1.0      0.0      3.0      0.0      45.0     9.0      1.0      44.0     66.0     2.0      1.0      2.0      0.0      749.0    51.0     161.0    2.0      1.0      1.0      98.0     16.0     26.0     161.0    8.0      1.0      1.0      0.0      2.0      112.0    0.0      1.0      3.0      4.0      25.0     0.0      6.0      1.0      75.0     4.0      0.0      2.0      0.0      1.0      57.0     34.0     0.0      0.0      13.0     0.0      0.0      0.0      0.0      0.0      0.0      0.0      10.0     25.0     0.0      0.0      0.0      0.0      0.0      0.0      1.0      117.0    61.0     1.0      8.0      1.0      0.0      7.0      0.0      0.0      0.0      0.0      0.0      1.0      3.0      0.0      2.0      4.0      0.0      12.0     3.0      0.0      0.0      0.0      0.0      157.0    1.0      19.0     0.0      0.0      0.0      2.0      0.0      6.0      10.0     0.0      0.0      0.0      0.0      0.0      40.0     34.0     4.0      9.0      1.0      0.0      0.0      0.0      15.0     115.0    0.0      0.0      0.0      0.0      0.0      9.0      7.0      0.0     
15.0     66.0     0.0      0.0      1.0      4.0      0.0      1.0      0.0      49.0     5.0      0.0      1.0      0.0      1.0      5.0      9.0      9.0      61.0     7.0      8.0      59.0     59.0     65.0     3.0      0.0      11.0     0.0      0.0      10.0     12.0     44.0     0.0      96.0     108.0    0.0      71.0     10.0     0.0      0.0      0.0      0.0      51.0     604.0    39.0     0.0      0.0      12.0     13.0     5.0      197.0    59.0     2.0      1.0      0.0      0.0      3.0      21.0     5.0      5.0      33.0     160.0    6.0      9.0      49.0     25.0     82.0     0.0      0.0      0.0      13.0     1.0      31.0     2.0      0.0      0.0      6.0      0.0      1.0      0.0      1.0      0.0      0.0      0.0      43.0     9.0      0.0      0.0      0.0      0.0      0.0      3.0      3.0      2.0      11.0     0.0      2.0      4.0      0.0      4.0      0.0      0.0      0.0      0.0      0.0      0.0      12.0     0.0      0.0      6.0      0.0      0.0      1.0      0.0      0.0      0.0      0.0      31.0     2.0      22.0     0.0      0.0      0.0      0.0      0.0      0.0      12.0     0.0      0.0      0.0      0.0      0.0      0.0      1.0      0.0      0.0      9.0      0.0      0.0      0.0      7.0      75.0     0.0      0.0      0.0      0.0      0.0      0.0      2.0      0.0     
1.0      4.0      0.0      0.0      0.0      3.0      2.0      1.0      3.0      185.0    140.0    0.0      0.0      0.0      1.0      5.0      0.0      0.0      14.0     120.0    0.0      48.0     71.0     3.0      2.0      0.0      18.0     0.0      0.0      13.0     0.0      6.0      0.0      5.0      1.0      0.0      0.0      0.0      0.0      0.0      0.0      0.0      161.0    39.0     537.0    0.0      0.0      0.0      3.0      1.0      12.0     2.0      0.0      0.0      0.0      0.0      6.0      20.0     7.0      0.0      0.0      43.0     1.0      0.0      1.0      48.0     198.0    0.0      0.0      0.0      1.0      1.0      0.0      2.0      0.0      0.0      12.0     0.0      0.0      0.0      1.0      0.0      0.0      0.0      44.0     44.0     0.0      0.0      0.0      0.0      1.0      0.0      0.0      61.0     130.0    0.0      2.0      1.0      0.0      0.0      0.0      5.0      0.0      0.0      5.0      0.0      1.0      0.0      0.0      1.0      0.0      0.0      1.0      0.0      0.0      0.0      0.0      133.0    1.0      25.0     0.0      0.0      0.0      0.0      0.0      2.0      4.0      0.0      0.0      0.0      0.0      0.0      34.0     30.0     2.0      2.0      6.0      0.0      1.0      0.0      60.0     165.0    0.0      0.0      0.0      0.0      0.0      1.0      0.0      0.0     
6.0      0.0      123.0    33.0     1.0      0.0      0.0      0.0      0.0      0.0      0.0      24.0     2.0      1.0      47.0     3.0      6.0      5.0      0.0      1.0      0.0      0.0      0.0      44.0     134.0    16.0     65.0     328.0    311.0    4.0      1.0      1.0      0.0      4.0      0.0      0.0      1.0      10.0     0.0      0.0      6.0      0.0      2.0      0.0      0.0      649.0    5.0      0.0      8.0      24.0     0.0      0.0      17.0     0.0      1.0      8.0      70.0     0.0      1.0      1.0      0.0      0.0      37.0     1.0      2.0      0.0      1.0      124.0    19.0     14.0     0.0      0.0      4.0      72.0     0.0      0.0      0.0      8.0      0.0      1.0      0.0      0.0      0.0      0.0      2.0      0.0      0.0      0.0      0.0      2.0      3.0      0.0      0.0      1.0      0.0      0.0      0.0      0.0      0.0      2.0      0.0      2.0      0.0      4.0      5.0      0.0      0.0      0.0      0.0      0.0      0.0      1.0      0.0      0.0      0.0      0.0      0.0      0.0      0.0      1.0      0.0      0.0      0.0      0.0      0.0      0.0      0.0      0.0      1.0      1.0      0.0      0.0      0.0      1.0      1.0      0.0      0.0      0.0      0.0      0.0      2.0      2.0      1.0      1.0      0.0      0.0      1.0      0.0      1.0      0.0     
5.0      0.0      123.0    0.0      0.0      1.0      2.0      19.0     0.0      0.0      0.0      2.0      0.0      0.0      9.0      14.0     0.0      0.0      0.0      0.0      0.0      0.0      0.0      19.0     0.0      0.0      9.0      9.0      0.0      76.0     1.0      4.0      0.0      0.0      0.0      0.0      0.0      0.0      0.0      0.0      0.0      0.0      1.0      0.0      0.0      5.0      189.0    0.0      1.0      2.0      0.0      0.0      0.0      0.0      1.0      0.0      0.0      1.0      0.0      0.0      0.0      0.0      12.0     3.0      3.0      0.0      0.0      19.0     0.0      0.0      2.0      3.0      0.0      0.0      0.0      1.0      0.0      1.0      0.0      0.0      0.0      0.0      0.0      0.0      0.0      0.0      0.0      0.0      0.0      0.0      5.0      0.0      0.0      0.0      0.0      0.0      0.0      0.0      1.0      0.0      0.0      1.0      0.0      4.0      2.0      0.0      1.0      0.0      0.0      1.0      0.0      0.0      0.0      0.0      0.0      0.0      0.0      0.0      0.0      0.0      0.0      0.0      0.0      0.0      0.0      0.0      0.0      0.0      0.0      0.0      0.0      0.0      0.0      0.0      0.0      0.0      0.0      0.0      0.0      0.0      1.0      0.0      0.0      0.0      0.0      0.0      0.0      0.0      0.0      0.0     
1.0      0.0      0.0      0.0      0.0      0.0      0.0      0.0      0.0      0.0      0.0      0.0      28.0     0.0      0.0      0.0      24.0     28.0     4.0      11.0     0.0      0.0      0.0      45.0     6.0      0.0      10.0     0.0      0.0      1.0      0.0      1.0      0.0      12.0     6.0      0.0      4.0      3.0      2.0      0.0      7.0      0.0      1.0      12.0     0.0      0.0      0.0      70.0     23.0     5.0      0.0      1.0      0.0      0.0      0.0      0.0      6.0      0.0      5.0      0.0      0.0      0.0      15.0     0.0      16.0     5.0      0.0      1.0      0.0      0.0      0.0      0.0      4.0      2.0      0.0      0.0      0.0      0.0      0.0      0.0      0.0      0.0      0.0      0.0      0.0      0.0      0.0      0.0      0.0      0.0      0.0      0.0      0.0      0.0      0.0      0.0      0.0      0.0      0.0      1.0      0.0      0.0      0.0      0.0      2.0      0.0      0.0      0.0      0.0      0.0      0.0      0.0      0.0      0.0      0.0      0.0      0.0      0.0      0.0      0.0      0.0      0.0      0.0      0.0      0.0      0.0      0.0      0.0      0.0      0.0      0.0      0.0      0.0      1.0      0.0      0.0      0.0      0.0      0.0      0.0      0.0      0.0      0.0      0.0      0.0      0.0      2.0      0.0      0.0      0.0     
4.0      11.0     6.0      1.0      4.0      1.0      2.0      6.0      4.0      3.0      3.0      0.0      26.0     15.0     157.0    67.0     177.0    111.0    98.0     96.0     1.0      1.0      2.0      140.0    95.0     12.0     165.0    10.0     5.0      42.0     1.0      6.0      73.0     336.0    116.0    3.0      3.0      36.0     2.0      2.0      66.0     0.0      98.0     13.0     3.0      8.0      1.0      23.0     863.0    147.0    2.0      21.0     45.0     12.0     5.0      0.0      73.0     54.0     110.0    5.0      3.0      3.0      136.0    0.0      9.0      83.0     5.0      8.0      0.0      2.0      0.0      6.0      16.0     200.0    4.0      0.0      0.0      0.0      0.0      0.0      0.0      0.0      0.0      0.0      1.0      1.0      1.0      0.0      0.0      1.0      1.0      0.0      0.0      8.0      7.0      0.0      0.0      0.0      1.0      24.0     3.0      5.0      0.0      0.0      14.0     0.0      1.0      0.0      4.0      0.0      0.0      7.0      9.0      0.0      0.0      0.0      0.0      0.0      0.0      1.0      0.0      0.0      0.0      0.0      0.0      0.0      0.0      0.0      0.0      0.0      0.0      10.0     0.0      3.0      0.0      2.0      0.0      1.0      0.0      0.0      8.0      3.0      0.0      3.0      0.0      0.0      6.0      9.0      20.0     0.0     
1.0      1.0      23.0     87.0     6.0      1.0      6.0      13.0     1.0      1.0      0.0      232.0    27.0     58.0     74.0     95.0     123.0    86.0     12.0     5.0      0.0      0.0      1.0      32.0     38.0     20.0     74.0     15.0     10.0     19.0     0.0      0.0      0.0      26.0     12.0     1.0      5.0      32.0     31.0     20.0     45.0     0.0      16.0     5.0      1.0      24.0     2.0      5.0      147.0    534.0    0.0      7.0      39.0     5.0      3.0      2.0      41.0     4.0      9.0      3.0      1.0      0.0      58.0     0.0      1.0      8.0      0.0      9.0      6.0      5.0      0.0      8.0      15.0     26.0     1.0      0.0      1.0      0.0      2.0      1.0      0.0      3.0      3.0      0.0      1.0      0.0      11.0     0.0      0.0      17.0     10.0     0.0      0.0      1.0      0.0      0.0      0.0      0.0      2.0      3.0      1.0      9.0      0.0      16.0     9.0      0.0      0.0      0.0      0.0      0.0      0.0      0.0      0.0      0.0      0.0      0.0      0.0      0.0      0.0      1.0      0.0      0.0      0.0      0.0      0.0      0.0      0.0      8.0      0.0      0.0      0.0      5.0      0.0      0.0      0.0      0.0      0.0      4.0      0.0      0.0      1.0      2.0      0.0      9.0      1.0      0.0      3.0      0.0      2.0      0.0     
1.0      69.0     0.0      0.0      0.0      0.0      0.0      1.0      0.0      37.0     0.0      0.0      0.0      0.0      0.0      1.0      0.0      1.0      132.0    2.0      24.0     25.0     20.0     2.0      0.0      0.0      1.0      0.0      0.0      2.0      0.0      2.0      1.0      19.0     7.0      0.0      191.0    0.0      0.0      0.0      0.0      0.0      26.0     197.0    12.0     0.0      0.0      0.0      2.0      0.0      400.0    32.0     0.0      0.0      0.0      0.0      0.0      61.0     29.0     12.0     143.0    180.0    0.0      1.0      0.0      4.0      73.0     0.0      0.0      0.0      0.0      0.0      44.0     4.0      0.0      0.0      6.0      0.0      0.0      0.0      0.0      0.0      0.0      0.0      56.0     9.0      0.0      0.0      0.0      0.0      0.0      0.0      0.0      0.0      7.0      0.0      2.0      9.0      0.0      0.0      0.0      0.0      0.0      0.0      0.0      0.0      0.0      0.0      0.0      5.0      0.0      0.0      0.0      0.0      0.0      0.0      0.0      22.0     3.0      25.0     0.0      0.0      0.0      0.0      0.0      0.0      6.0      0.0      0.0      0.0      0.0      0.0      0.0      0.0      0.0      0.0      6.0      0.0      0.0      0.0      3.0      69.0     0.0      0.0      0.0      0.0      0.0      0.0      0.0      0.0     
0.0      40.0     0.0      0.0      0.0      0.0      0.0      0.0      0.0      12.0     0.0      0.0      2.0      1.0      3.0      5.0      6.0      5.0      1.0      0.0      14.0     86.0     0.0      17.0     0.0      0.0      1.0      0.0      0.0      0.0      0.0      3.0      0.0      28.0     6.0      0.0      27.0     23.0     1.0      0.0      0.0      0.0      161.0    59.0     2.0      0.0      0.0      1.0      21.0     7.0      32.0     258.0    4.0      0.0      0.0      0.0      1.0      0.0      0.0      0.0      2.0      28.0     7.0      0.0      4.0      0.0      42.0     0.0      0.0      0.0      0.0      0.0      39.0     8.0      0.0      0.0      3.0      0.0      0.0      0.0      0.0      0.0      0.0      0.0      24.0     8.0      0.0      0.0      0.0      0.0      0.0      0.0      0.0      5.0      10.0     1.0      2.0      1.0      0.0      0.0      0.0      0.0      0.0      0.0      0.0      0.0      1.0      0.0      0.0      0.0      0.0      2.0      1.0      0.0      0.0      0.0      0.0      62.0     1.0      15.0     0.0      0.0      0.0      0.0      0.0      1.0      11.0     0.0      0.0      0.0      0.0      0.0      0.0      3.0      1.0      3.0      1.0      0.0      0.0      0.0      1.0      50.0     0.0      0.0      0.0      0.0      0.0      2.0      0.0      0.0     
3.0      0.0      1.0      1.0      1.0      5.0      5.0      2.0      1.0      0.0      0.0      78.0     1.0      30.0     382.0    79.0     23.0     17.0     6.0      6.0      0.0      0.0      0.0      17.0     16.0     4.0      32.0     10.0     39.0     9.0      1.0      1.0      0.0      6.0      2.0      0.0      1.0      8.0      0.0      0.0      4.0      0.0      8.0      2.0      0.0      17.0     0.0      0.0      45.0     39.0     0.0      4.0      541.0    22.0     30.0     2.0      21.0     3.0      7.0      0.0      0.0      0.0      28.0     1.0      0.0      7.0      13.0     10.0     26.0     4.0      1.0      4.0      3.0      14.0     1.0      1.0      0.0      0.0      0.0      1.0      8.0      3.0      1.0      0.0      0.0      0.0      14.0     0.0      15.0     129.0    18.0     0.0      0.0      0.0      0.0      0.0      0.0      0.0      2.0      2.0      0.0      0.0      0.0      0.0      0.0      0.0      0.0      0.0      0.0      0.0      0.0      0.0      0.0      0.0      2.0      0.0      0.0      0.0      0.0      0.0      0.0      0.0      0.0      0.0      1.0      0.0      0.0      58.0     15.0     3.0      0.0      0.0      0.0      0.0      0.0      0.0      0.0      2.0      0.0      0.0      0.0      11.0     0.0      2.0      0.0      0.0      0.0      0.0      0.0      0.0     
44.0     0.0      0.0      0.0      18.0     38.0     1.0      1.0      0.0      0.0      0.0      1.0      2.0      6.0      120.0    50.0     4.0      4.0      0.0      4.0      0.0      0.0      0.0      24.0     4.0      0.0      11.0     0.0      0.0      4.0      0.0      0.0      0.0      1.0      0.0      0.0      1.0      1.0      0.0      2.0      1.0      0.0      1.0      1.0      0.0      0.0      0.0      0.0      12.0     5.0      0.0      0.0      22.0     189.0    18.0     0.0      4.0      0.0      4.0      0.0      0.0      0.0      11.0     0.0      0.0      4.0      1.0      0.0      1.0      0.0      0.0      1.0      0.0      3.0      0.0      2.0      0.0      0.0      0.0      1.0      4.0      0.0      0.0      0.0      0.0      0.0      0.0      0.0      0.0      46.0     5.0      0.0      0.0      1.0      0.0      0.0      0.0      0.0      8.0      1.0      0.0      0.0      0.0      0.0      1.0      0.0      0.0      0.0      0.0      0.0      0.0      0.0      0.0      0.0      0.0      0.0      0.0      0.0      0.0      0.0      0.0      0.0      0.0      0.0      0.0      0.0      0.0      5.0      10.0     0.0      0.0      0.0      1.0      0.0      0.0      0.0      0.0      9.0      0.0      0.0      0.0      24.0     0.0      0.0      0.0      0.0      0.0      0.0      0.0      0.0     
6.0      0.0      0.0      0.0      4.0      17.0     4.0      0.0      1.0      0.0      0.0      21.0     0.0      16.0     174.0    181.0    0.0      0.0      1.0      5.0      0.0      0.0      0.0      4.0      2.0      1.0      5.0      1.0      25.0     3.0      0.0      0.0      0.0      0.0      0.0      0.0      1.0      1.0      0.0      6.0      1.0      0.0      1.0      0.0      0.0      1.0      1.0      0.0      5.0      3.0      0.0      0.0      30.0     18.0     377.0    0.0      3.0      0.0      5.0      0.0      0.0      0.0      2.0      0.0      0.0      0.0      24.0     2.0      10.0     12.0     0.0      0.0      0.0      0.0      0.0      0.0      0.0      0.0      0.0      2.0      5.0      0.0      0.0      0.0      0.0      0.0      20.0     0.0      0.0      54.0     11.0     0.0      0.0      0.0      0.0      0.0      0.0      0.0      0.0      0.0      0.0      0.0      1.0      1.0      0.0      0.0      0.0      0.0      0.0      0.0      0.0      0.0      0.0      0.0      3.0      0.0      0.0      0.0      0.0      0.0      1.0      0.0      0.0      0.0      3.0      0.0      0.0      5.0      19.0     11.0     0.0      0.0      0.0      0.0      0.0      0.0      0.0      0.0      0.0      0.0      0.0      44.0     0.0      4.0      0.0      0.0      0.0      0.0      0.0      0.0     
0.0      0.0      1.0      11.0     0.0      0.0      0.0      0.0      0.0      0.0      0.0      4.0      0.0      0.0      2.0      0.0      0.0      0.0      0.0      0.0      0.0      0.0      0.0      0.0      29.0     39.0     3.0      5.0      17.0     0.0      0.0      0.0      0.0      1.0      0.0      0.0      0.0      14.0     0.0      0.0      0.0      0.0      0.0      0.0      0.0      8.0      0.0      0.0      0.0      2.0      0.0      0.0      2.0      0.0      0.0      59.0     9.0      0.0      0.0      0.0      0.0      0.0      0.0      0.0      0.0      0.0      0.0      3.0      1.0      0.0      0.0      0.0      8.0      18.0     0.0      0.0      0.0      0.0      0.0      0.0      0.0      0.0      0.0      0.0      0.0      0.0      0.0      0.0      0.0      0.0      0.0      0.0      0.0      0.0      0.0      0.0      0.0      0.0      0.0      0.0      0.0      0.0      0.0      0.0      0.0      0.0      0.0      0.0      0.0      0.0      0.0      0.0      0.0      0.0      0.0      0.0      0.0      0.0      0.0      0.0      0.0      0.0      0.0      0.0      0.0      0.0      0.0      0.0      0.0      0.0      0.0      0.0      0.0      0.0      0.0      0.0      0.0      0.0      0.0      0.0      0.0      0.0      0.0      0.0      0.0      0.0      0.0      0.0      0.0      0.0     
20.0     0.0      9.0      27.0     2.0      1.0      0.0      0.0      2.0      5.0      0.0      26.0     5.0      1.0      93.0     1.0      27.0     10.0     12.0     12.0     0.0      0.0      6.0      71.0     139.0    19.0     518.0    43.0     199.0    2.0      3.0      12.0     20.0     63.0     5.0      0.0      1.0      6.0      0.0      1.0      20.0     0.0      2.0      3.0      6.0      70.0     0.0      6.0      73.0     41.0     0.0      1.0      21.0     4.0      3.0      9.0      668.0    2.0      21.0     1.0      0.0      1.0      38.0     2.0      6.0      27.0     2.0      71.0     20.0     17.0     5.0      0.0      2.0      36.0     6.0      0.0      0.0      1.0      0.0      0.0      0.0      0.0      0.0      0.0      1.0      0.0      0.0      0.0      0.0      1.0      0.0      1.0      0.0      1.0      0.0      0.0      0.0      0.0      0.0      0.0      0.0      9.0      0.0      0.0      7.0      0.0      4.0      0.0      1.0      1.0      0.0      0.0      0.0      0.0      0.0      0.0      0.0      0.0      1.0      1.0      0.0      0.0      0.0      0.0      0.0      0.0      0.0      0.0      0.0      1.0      0.0      1.0      0.0      1.0      0.0      0.0      0.0      0.0      0.0      0.0      3.0      10.0     0.0      0.0      0.0      0.0      0.0      0.0      0.0      0.0     
5.0      16.0     0.0      0.0      0.0      0.0      0.0      1.0      0.0      0.0      0.0      1.0      3.0      2.0      15.0     7.0      0.0      1.0      315.0    3.0      16.0     1.0      0.0      20.0     3.0      4.0      3.0      2.0      1.0      1.0      2.0      7.0      1.0      23.0     4.0      0.0      115.0    76.0     0.0      0.0      1.0      0.0      112.0    21.0     20.0     0.0      1.0      0.0      54.0     4.0      61.0     0.0      3.0      0.0      0.0      0.0      2.0      475.0    69.0     9.0      56.0     7.0      13.0     0.0      4.0      0.0      14.0     2.0      0.0      0.0      0.0      1.0      73.0     78.0     1.0      0.0      0.0      0.0      0.0      0.0      0.0      0.0      0.0      0.0      2.0      8.0      0.0      0.0      0.0      0.0      0.0      0.0      1.0      49.0     15.0     0.0      1.0      0.0      0.0      22.0     0.0      0.0      0.0      0.0      3.0      1.0      2.0      0.0      2.0      3.0      0.0      8.0      6.0      0.0      0.0      0.0      0.0      4.0      0.0      0.0      0.0      0.0      0.0      1.0      0.0      0.0      0.0      0.0      0.0      0.0      0.0      1.0      11.0     15.0     4.0      1.0      0.0      0.0      0.0      0.0      19.0     2.0      0.0      0.0      0.0      0.0      0.0      9.0      13.0     0.0     
14.0     4.0      0.0      1.0      2.0      0.0      0.0      2.0      4.0      10.0     13.0     1.0      9.0      2.0      29.0     28.0     3.0      3.0      281.0    290.0    3.0      0.0      2.0      55.0     23.0     6.0      21.0     1.0      0.0      1.0      1.0      30.0     1.0      81.0     14.0     2.0      73.0     82.0     1.0      1.0      6.0      0.0      0.0      5.0      7.0      1.0      0.0      5.0      110.0    9.0      29.0     0.0      7.0      4.0      5.0      0.0      21.0     69.0     611.0    3.0      35.0     2.0      32.0     0.0      7.0      60.0     41.0     0.0      1.0      0.0      0.0      1.0      62.0     156.0    3.0      0.0      0.0      0.0      0.0      0.0      0.0      0.0      0.0      0.0      7.0      1.0      0.0      0.0      0.0      1.0      1.0      1.0      0.0      47.0     9.0      0.0      0.0      0.0      1.0      24.0     0.0      0.0      0.0      0.0      0.0      1.0      10.0     0.0      1.0      4.0      0.0      4.0      3.0      0.0      0.0      0.0      0.0      1.0      3.0      0.0      0.0      0.0      0.0      0.0      0.0      0.0      0.0      0.0      0.0      0.0      0.0      9.0      3.0      16.0     0.0      0.0      0.0      1.0      1.0      0.0      16.0     29.0     1.0      0.0      0.0      0.0      0.0      4.0      4.0      0.0     
0.0      7.0      0.0      0.0      0.0      0.0      0.0      0.0      0.0      0.0      0.0      0.0      0.0      0.0      0.0      0.0      1.0      1.0      37.0     5.0      2.0      0.0      0.0      3.0      3.0      0.0      0.0      0.0      2.0      0.0      0.0      0.0      0.0      5.0      0.0      0.0      17.0     7.0      0.0      0.0      0.0      0.0      1.0      5.0      0.0      1.0      0.0      0.0      5.0      3.0      12.0     0.0      0.0      0.0      0.0      0.0      1.0      9.0      3.0      63.0     25.0     2.0      3.0      0.0      0.0      0.0      0.0      0.0      0.0      0.0      0.0      0.0      23.0     8.0      0.0      0.0      0.0      0.0      0.0      0.0      0.0      0.0      0.0      0.0      0.0      0.0      0.0      0.0      0.0      0.0      0.0      0.0      0.0      2.0      0.0      0.0      0.0      0.0      0.0      0.0      0.0      0.0      0.0      0.0      0.0      0.0      0.0      0.0      0.0      0.0      0.0      4.0      2.0      0.0      0.0      0.0      0.0      0.0      0.0      0.0      0.0      0.0      0.0      0.0      0.0      0.0      0.0      0.0      0.0      0.0      0.0      0.0      0.0      0.0      1.0      0.0      0.0      0.0      0.0      0.0      0.0      0.0      0.0      0.0      0.0      0.0      0.0      4.0      2.0      0.0     
0.0      22.0     0.0      0.0      0.0      0.0      0.0      0.0      0.0      10.0     0.0      0.0      0.0      0.0      1.0      0.0      1.0      0.0      103.0    7.0      20.0     1.0      0.0      1.0      5.0      0.0      0.0      0.0      0.0      0.0      0.0      0.0      1.0      3.0      1.0      0.0      118.0    1.0      0.0      0.0      0.0      0.0      3.0      33.0     0.0      0.0      0.0      0.0      3.0      1.0      143.0    2.0      0.0      0.0      0.0      0.0      0.0      56.0     35.0     25.0     198.0    46.0     0.0      0.0      0.0      1.0      15.0     0.0      0.0      0.0      0.0      0.0      42.0     7.0      0.0      0.0      0.0      0.0      0.0      0.0      0.0      0.0      0.0      0.0      14.0     3.0      0.0      0.0      0.0      0.0      0.0      0.0      0.0      0.0      3.0      0.0      1.0      1.0      0.0      0.0      0.0      0.0      0.0      0.0      0.0      0.0      0.0      0.0      0.0      1.0      0.0      0.0      0.0      0.0      0.0      0.0      0.0      4.0      0.0      8.0      0.0      0.0      0.0      0.0      0.0      0.0      0.0      0.0      0.0      0.0      0.0      0.0      0.0      0.0      0.0      0.0      1.0      0.0      0.0      0.0      2.0      15.0     0.0      0.0      0.0      0.0      0.0      1.0      0.0      0.0     
2.0      53.0     0.0      0.0      0.0      1.0      0.0      0.0      0.0      48.0     12.0     0.0      0.0      0.0      0.0      1.0      0.0      0.0      40.0     3.0      18.0     76.0     20.0     14.0     0.0      0.0      2.0      0.0      0.0      3.0      3.0      8.0      1.0      28.0     16.0     0.0      41.0     0.0      0.0      0.0      0.0      0.0      4.0      160.0    43.0     0.0      0.0      0.0      3.0      0.0      180.0    28.0     0.0      0.0      0.0      0.0      1.0      7.0      2.0      2.0      46.0     314.0    4.0      2.0      6.0      8.0      98.0     0.0      0.0      0.0      2.0      0.0      0.0      2.0      0.0      0.0      8.0      0.0      0.0      0.0      0.0      0.0      0.0      0.0      71.0     13.0     0.0      0.0      0.0      0.0      0.0      0.0      0.0      0.0      9.0      0.0      3.0      11.0     0.0      0.0      0.0      0.0      0.0      0.0      0.0      0.0      0.0      0.0      0.0      5.0      0.0      0.0      0.0      0.0      0.0      0.0      0.0      36.0     5.0      34.0     0.0      0.0      0.0      0.0      0.0      0.0      13.0     0.0      0.0      0.0      0.0      0.0      0.0      1.0      0.0      0.0      12.0     0.0      0.0      0.0      4.0      99.0     0.0      0.0      0.0      0.0      0.0      0.0      0.0      0.0     
0.0      4.0      48.0     2.0      9.0      4.0      0.0      0.0      1.0      1.0      3.0      6.0      55.0     13.0     196.0    29.0     34.0     40.0     22.0     39.0     2.0      4.0      1.0      526.0    42.0     8.0      91.0     33.0     19.0     20.0     0.0      0.0      1.0      16.0     6.0      1.0      8.0      20.0     7.0      2.0      7.0      0.0      25.0     6.0      1.0      37.0     12.0     15.0     136.0    58.0     0.0      7.0      28.0     11.0     2.0      0.0      38.0     13.0     32.0     3.0      0.0      4.0      671.0    0.0      6.0      19.0     1.0      28.0     0.0      1.0      0.0      2.0      12.0     24.0     1.0      21.0     0.0      1.0      0.0      8.0      9.0      0.0      0.0      0.0      1.0      0.0      1.0      0.0      2.0      61.0     17.0     0.0      0.0      0.0      0.0      0.0      0.0      0.0      32.0     0.0      0.0      1.0      0.0      1.0      3.0      1.0      0.0      0.0      0.0      0.0      0.0      0.0      0.0      0.0      0.0      0.0      0.0      0.0      0.0      1.0      0.0      0.0      0.0      0.0      1.0      0.0      0.0      9.0      9.0      0.0      0.0      0.0      0.0      0.0      0.0      0.0      0.0      26.0     0.0      0.0      0.0      10.0     0.0      0.0      0.0      0.0      2.0      0.0      2.0      0.0     
1.0      0.0      4.0      0.0      1.0      29.0     5.0      0.0      0.0      0.0      0.0      0.0      0.0      0.0      1.0      7.0      1.0      0.0      0.0      2.0      0.0      1.0      0.0      22.0     1.0      1.0      3.0      0.0      1.0      3.0      40.0     40.0     0.0      0.0      4.0      0.0      0.0      0.0      0.0      0.0      1.0      0.0      0.0      9.0      0.0      1.0      3.0      0.0      0.0      0.0      1.0      0.0      1.0      0.0      0.0      0.0      2.0      0.0      0.0      0.0      0.0      2.0      0.0      71.0     2.0      1.0      7.0      1.0      0.0      0.0      45.0     0.0      1.0      0.0      0.0      0.0      0.0      0.0      0.0      0.0      0.0      0.0      0.0      0.0      0.0      0.0      0.0      0.0      0.0      0.0      0.0      0.0      0.0      1.0      0.0      0.0      1.0      0.0      0.0      2.0      0.0      3.0      0.0      0.0      1.0      0.0      2.0      0.0      0.0      0.0      0.0      0.0      0.0      0.0      0.0      0.0      0.0      0.0      0.0      0.0      0.0      0.0      0.0      0.0      0.0      0.0      0.0      0.0      0.0      0.0      0.0      1.0      1.0      0.0      0.0      0.0      0.0      0.0      0.0      0.0      0.0      0.0      0.0      0.0      0.0      0.0      0.0      0.0      0.0      0.0     
113.0    0.0      5.0      0.0      0.0      5.0      0.0      0.0      0.0      1.0      1.0      0.0      0.0      0.0      0.0      1.0      6.0      8.0      5.0      9.0      0.0      8.0      2.0      247.0    15.0     0.0      28.0     4.0      1.0      2.0      4.0      36.0     0.0      14.0     29.0     0.0      1.0      5.0      0.0      0.0      1.0      0.0      6.0      49.0     1.0      2.0      3.0      16.0     9.0      1.0      0.0      4.0      0.0      0.0      0.0      0.0      6.0      4.0      7.0      0.0      0.0      6.0      6.0      2.0      275.0    12.0     11.0     3.0      0.0      0.0      2.0      0.0      1.0      4.0      0.0      1.0      2.0      1.0      1.0      0.0      5.0      0.0      0.0      0.0      0.0      1.0      0.0      0.0      0.0      0.0      2.0      1.0      2.0      8.0      3.0      0.0      1.0      0.0      8.0      5.0      0.0      6.0      0.0      0.0      1.0      4.0      30.0     0.0      3.0      10.0     0.0      0.0      1.0      0.0      0.0      1.0      0.0      1.0      0.0      0.0      0.0      3.0      2.0      1.0      0.0      0.0      0.0      0.0      0.0      0.0      0.0      5.0      1.0      3.0      1.0      1.0      0.0      0.0      1.0      5.0      2.0      0.0      2.0      0.0      0.0      0.0      1.0      1.0      3.0      0.0     
38.0     0.0      0.0      0.0      13.0     53.0     40.0     46.0     39.0     30.0     57.0     2.0      6.0      5.0      21.0     99.0     7.0      7.0      2.0      193.0    0.0      0.0      24.0     68.0     7.0      1.0      238.0    0.0      1.0      247.0    9.0      44.0     14.0     66.0     13.0     1.0      0.0      5.0      2.0      3.0      4.0      0.0      1.0      25.0     48.0     0.0      0.0      5.0      83.0     8.0      4.0      0.0      7.0      4.0      0.0      0.0      27.0     0.0      60.0     0.0      1.0      8.0      19.0     1.0      12.0     713.0    80.0     0.0      0.0      0.0      9.0      49.0     1.0      101.0    3.0      0.0      0.0      1.0      0.0      0.0      0.0      0.0      0.0      0.0      4.0      3.0      0.0      0.0      0.0      0.0      8.0      3.0      0.0      23.0     16.0     0.0      0.0      0.0      1.0      15.0     1.0      13.0     0.0      1.0      6.0      0.0      14.0     0.0      1.0      5.0      0.0      2.0      4.0      0.0      0.0      0.0      0.0      1.0      3.0      0.0      0.0      1.0      0.0      1.0      0.0      0.0      0.0      0.0      0.0      0.0      0.0      2.0      4.0      19.0     0.0      0.0      0.0      0.0      1.0      0.0      18.0     31.0     1.0      0.0      0.0      0.0      0.0      3.0      5.0      0.0     
14.0     38.0     6.0      1.0      14.0     94.0     64.0     91.0     104.0    267.0    139.0    3.0      0.0      2.0      26.0     108.0    0.0      0.0      43.0     145.0    0.0      99.0     11.0     37.0     12.0     0.0      7.0      0.0      7.0      82.0     29.0     80.0     0.0      13.0     13.0     0.0      36.0     1.0      0.0      0.0      0.0      0.0      75.0     82.0     198.0    1.0      0.0      0.0      5.0      0.0      73.0     42.0     13.0     1.0      24.0     0.0      2.0      14.0     41.0     0.0      15.0     98.0     1.0      7.0      11.0     80.0     976.0    0.0      3.0      0.0      33.0     58.0     2.0      10.0     0.0      0.0      17.0     3.0      2.0      2.0      4.0      0.0      0.0      0.0      226.0    88.0     6.0      0.0      0.0      35.0     31.0     0.0      0.0      103.0    191.0    0.0      9.0      15.0     0.0      40.0     0.0      32.0     0.0      3.0      28.0     0.0      73.0     0.0      3.0      44.0     1.0      2.0      1.0      0.0      1.0      1.0      0.0      196.0    16.0     122.0    0.0      0.0      0.0      0.0      1.0      1.0      36.0     3.0      17.0     12.0     0.0      28.0     15.0     91.0     0.0      3.0      26.0     0.0      2.0      0.0      123.0    583.0    1.0      2.0      0.0      0.0      3.0      1.0      3.0      0.0     
3.0      0.0      36.0     14.0     0.0      0.0      0.0      0.0      0.0      0.0      0.0      14.0     0.0      1.0      31.0     1.0      1.0      1.0      2.0      0.0      0.0      0.0      0.0      34.0     87.0     49.0     112.0    264.0    154.0    17.0     0.0      3.0      2.0      4.0      0.0      0.0      1.0      7.0      0.0      0.0      10.0     0.0      4.0      0.0      0.0      124.0    19.0     1.0      8.0      9.0      0.0      0.0      10.0     0.0      2.0      3.0      71.0     2.0      0.0      0.0      0.0      0.0      28.0     1.0      3.0      0.0      0.0      468.0    5.0      10.0     0.0      0.0      4.0      53.0     1.0      0.0      0.0      5.0      0.0      0.0      0.0      0.0      0.0      0.0      0.0      0.0      0.0      0.0      0.0      0.0      0.0      1.0      0.0      0.0      0.0      0.0      0.0      0.0      0.0      0.0      0.0      0.0      0.0      0.0      2.0      0.0      1.0      0.0      0.0      1.0      0.0      0.0      0.0      0.0      0.0      0.0      0.0      0.0      1.0      0.0      0.0      0.0      0.0      0.0      0.0      0.0      0.0      0.0      0.0      0.0      0.0      0.0      0.0      0.0      0.0      0.0      0.0      0.0      0.0      0.0      0.0      0.0      0.0      0.0      0.0      0.0      1.0      0.0      0.0      0.0     
0.0      1.0      5.0      17.0     0.0      0.0      0.0      1.0      0.0      0.0      0.0      88.0     0.0      1.0      80.0     90.0     0.0      0.0      2.0      1.0      0.0      0.0      0.0      0.0      19.0     1.0      24.0     15.0     118.0    1.0      0.0      0.0      0.0      4.0      0.0      1.0      0.0      6.0      0.0      1.0      5.0      0.0      0.0      0.0      0.0      19.0     0.0      0.0      0.0      6.0      0.0      0.0      26.0     1.0      10.0     1.0      20.0     0.0      1.0      0.0      0.0      0.0      0.0      0.0      0.0      0.0      3.0      5.0      284.0    1.0      0.0      0.0      4.0      13.0     1.0      0.0      0.0      0.0      0.0      0.0      0.0      10.0     3.0      0.0      0.0      0.0      0.0      0.0      0.0      22.0     16.0     0.0      0.0      0.0      0.0      0.0      0.0      0.0      0.0      2.0      0.0      2.0      0.0      2.0      0.0      0.0      0.0      0.0      0.0      0.0      0.0      0.0      0.0      0.0      0.0      0.0      0.0      0.0      0.0      0.0      0.0      0.0      0.0      0.0      0.0      0.0      0.0      7.0      0.0      1.0      0.0      1.0      0.0      1.0      0.0      0.0      0.0      0.0      0.0      0.0      0.0      1.0      0.0      0.0      0.0      0.0      0.0      0.0      0.0      0.0     
0.0      0.0      39.0     5.0      0.0      0.0      0.0      0.0      0.0      0.0      0.0      5.0      0.0      0.0      67.0     67.0     1.0      1.0      0.0      0.0      0.0      0.0      0.0      4.0      5.0      0.0      18.0     15.0     178.0    0.0      0.0      0.0      1.0      1.0      0.0      0.0      0.0      0.0      0.0      0.0      1.0      0.0      2.0      0.0      0.0      14.0     0.0      0.0      2.0      5.0      0.0      0.0      4.0      0.0      12.0     0.0      17.0     0.0      0.0      0.0      0.0      0.0      1.0      0.0      0.0      0.0      0.0      10.0     1.0      265.0    0.0      0.0      0.0      0.0      0.0      0.0      0.0      1.0      0.0      0.0      0.0      0.0      1.0      0.0      0.0      0.0      0.0      0.0      2.0      1.0      16.0     0.0      0.0      0.0      0.0      0.0      0.0      0.0      0.0      0.0      0.0      0.0      1.0      3.0      1.0      0.0      0.0      0.0      0.0      0.0      0.0      0.0      0.0      2.0      1.0      0.0      0.0      0.0      0.0      0.0      0.0      1.0      0.0      0.0      0.0      0.0      0.0      1.0      0.0      0.0      0.0      0.0      0.0      0.0      0.0      0.0      0.0      0.0      0.0      0.0      0.0      0.0      1.0      0.0      2.0      0.0      0.0      0.0      0.0      0.0     
93.0     0.0      3.0      0.0      55.0     186.0    39.0     29.0     17.0     1.0      0.0      0.0      0.0      0.0      1.0      43.0     1.0      0.0      0.0      1.0      0.0      1.0      2.0      45.0     2.0      1.0      7.0      0.0      0.0      22.0     161.0    63.0     0.0      1.0      5.0      0.0      1.0      1.0      0.0      0.0      1.0      0.0      0.0      13.0     1.0      0.0      2.0      0.0      0.0      0.0      0.0      0.0      1.0      0.0      0.0      0.0      5.0      0.0      0.0      0.0      0.0      2.0      0.0      45.0     2.0      9.0      33.0     0.0      0.0      0.0      260.0    21.0     2.0      0.0      0.0      18.0     1.0      0.0      0.0      2.0      66.0     1.0      0.0      1.0      0.0      0.0      0.0      0.0      0.0      2.0      3.0      7.0      10.0     5.0      0.0      0.0      0.0      0.0      44.0     5.0      0.0      5.0      0.0      1.0      5.0      20.0     14.0     0.0      10.0     11.0     0.0      1.0      0.0      0.0      0.0      0.0      0.0      1.0      2.0      0.0      0.0      0.0      10.0     5.0      0.0      0.0      0.0      1.0      4.0      0.0      0.0      2.0      1.0      2.0      1.0      0.0      0.0      1.0      10.0     23.0     1.0      5.0      0.0      0.0      0.0      2.0      2.0      0.0      2.0      0.0     
7.0      0.0      0.0      0.0      10.0     63.0     79.0     107.0    62.0     1.0      0.0      9.0      1.0      1.0      7.0      71.0     2.0      1.0      0.0      1.0      0.0      0.0      1.0      7.0      1.0      1.0      4.0      0.0      0.0      325.0    19.0     1.0      0.0      1.0      1.0      0.0      0.0      2.0      0.0      1.0      0.0      0.0      1.0      1.0      1.0      0.0      3.0      0.0      6.0      8.0      0.0      0.0      4.0      1.0      0.0      0.0      0.0      1.0      1.0      0.0      0.0      0.0      2.0      0.0      0.0      49.0     58.0     0.0      0.0      0.0      21.0     344.0    1.0      3.0      0.0      0.0      0.0      5.0      0.0      0.0      2.0      1.0      0.0      0.0      0.0      0.0      0.0      0.0      0.0      4.0      7.0      0.0      0.0      2.0      0.0      0.0      0.0      0.0      0.0      5.0      3.0      17.0     0.0      6.0      9.0      0.0      2.0      0.0      4.0      0.0      0.0      0.0      0.0      0.0      0.0      2.0      0.0      0.0      0.0      0.0      0.0      0.0      0.0      0.0      0.0      0.0      0.0      1.0      2.0      0.0      0.0      6.0      0.0      0.0      0.0      0.0      0.0      0.0      2.0      0.0      2.0      4.0      1.0      1.0      0.0      0.0      1.0      0.0      2.0      0.0     
1.0      8.0      1.0      8.0      0.0      2.0      1.0      1.0      0.0      1.0      0.0      6.0      2.0      5.0      6.0      0.0      12.0     9.0      120.0    14.0     4.0      9.0      0.0      12.0     39.0     33.0     15.0     6.0      24.0     7.0      1.0      4.0      0.0      19.0     2.0      0.0      170.0    240.0    0.0      2.0      14.0     0.0      57.0     31.0     0.0      4.0      0.0      4.0      16.0     15.0     44.0     39.0     3.0      0.0      0.0      8.0      2.0      73.0     62.0     23.0     42.0     0.0      12.0     1.0      1.0      1.0      2.0      4.0      4.0      0.0      2.0      1.0      456.0    109.0    0.0      0.0      0.0      0.0      0.0      0.0      0.0      0.0      0.0      0.0      1.0      1.0      0.0      0.0      0.0      0.0      0.0      0.0      0.0      3.0      8.0      0.0      0.0      0.0      0.0      7.0      1.0      0.0      0.0      0.0      0.0      0.0      1.0      0.0      0.0      0.0      0.0      2.0      1.0      0.0      0.0      0.0      0.0      0.0      0.0      0.0      0.0      0.0      0.0      0.0      0.0      0.0      0.0      0.0      0.0      0.0      0.0      0.0      0.0      4.0      0.0      2.0      0.0      0.0      0.0      0.0      9.0      1.0      0.0      0.0      0.0      0.0      0.0      2.0      2.0      0.0     
5.0      7.0      1.0      112.0    0.0      0.0      0.0      0.0      6.0      2.0      0.0      25.0     1.0      4.0      40.0     1.0      26.0     16.0     164.0    119.0    2.0      0.0      0.0      33.0     382.0    108.0    130.0    84.0     153.0    31.0     1.0      4.0      10.0     276.0    16.0     28.0     35.0     338.0    0.0      0.0      64.0     0.0      34.0     2.0      2.0      72.0     0.0      2.0      200.0    26.0     4.0      8.0      14.0     3.0      0.0      18.0     36.0     78.0     156.0    8.0      7.0      2.0      24.0     0.0      4.0      101.0    10.0     53.0     13.0     0.0      0.0      3.0      109.0    1312.0   37.0     0.0      1.0      0.0      0.0      1.0      0.0      0.0      0.0      0.0      0.0      3.0      0.0      0.0      0.0      1.0      0.0      0.0      0.0      14.0     14.0     0.0      0.0      0.0      0.0      53.0     2.0      15.0     0.0      4.0      22.0     0.0      1.0      0.0      8.0      0.0      0.0      10.0     19.0     0.0      0.0      0.0      0.0      2.0      0.0      0.0      0.0      0.0      0.0      3.0      0.0      0.0      0.0      0.0      0.0      0.0      0.0      20.0     0.0      12.0     0.0      0.0      0.0      0.0      0.0      0.0      22.0     15.0     0.0      0.0      0.0      0.0      4.0      13.0     25.0     0.0     
0.0      0.0      0.0      1.0      0.0      0.0      0.0      0.0      0.0      1.0      0.0      0.0      0.0      0.0      2.0      0.0      0.0      0.0      2.0      2.0      0.0      0.0      1.0      1.0      16.0     6.0      16.0     1.0      2.0      6.0      0.0      0.0      21.0     66.0     0.0      13.0     0.0      0.0      0.0      0.0      28.0     0.0      0.0      0.0      0.0      0.0      0.0      0.0      4.0      1.0      0.0      0.0      1.0      0.0      0.0      0.0      6.0      1.0      3.0      0.0      0.0      0.0      1.0      0.0      0.0      3.0      0.0      1.0      1.0      0.0      0.0      0.0      0.0      37.0     90.0     0.0      0.0      0.0      0.0      0.0      0.0      0.0      0.0      0.0      0.0      0.0      0.0      0.0      0.0      0.0      0.0      0.0      0.0      0.0      0.0      0.0      0.0      1.0      0.0      10.0     0.0      2.0      0.0      0.0      8.0      0.0      0.0      0.0      1.0      0.0      0.0      0.0      1.0      0.0      0.0      0.0      0.0      0.0      1.0      1.0      0.0      0.0      0.0      0.0      0.0      1.0      0.0      0.0      0.0      0.0      0.0      0.0      0.0      0.0      0.0      0.0      1.0      0.0      0.0      0.0      1.0      3.0      0.0      0.0      0.0      0.0      8.0      0.0      7.0      0.0     
119.0    0.0      6.0      0.0      84.0     88.0     0.0      3.0      0.0      0.0      0.0      0.0      1.0      2.0      5.0      22.0     0.0      0.0      0.0      0.0      0.0      0.0      0.0      51.0     0.0      0.0      0.0      0.0      2.0      1.0      15.0     0.0      0.0      0.0      0.0      0.0      0.0      0.0      1.0      1.0      0.0      0.0      0.0      0.0      0.0      0.0      1.0      0.0      0.0      0.0      0.0      0.0      1.0      2.0      0.0      0.0      0.0      0.0      0.0      0.0      0.0      0.0      21.0     0.0      1.0      0.0      0.0      0.0      0.0      0.0      18.0     0.0      0.0      0.0      0.0      884.0    20.0     4.0      13.0     146.0    105.0    3.0      2.0      0.0      0.0      5.0      0.0      1.0      2.0      27.0     29.0     1.0      0.0      83.0     10.0     1.0      8.0      0.0      599.0    69.0     43.0     42.0     10.0     6.0      14.0     69.0     1.0      0.0      29.0     23.0     5.0      21.0     10.0     1.0      0.0      27.0     0.0      25.0     11.0     10.0     1.0      3.0      0.0      17.0     6.0      0.0      14.0     0.0      82.0     3.0      4.0      24.0     18.0     32.0     7.0      3.0      22.0     0.0      2.0      59.0     7.0      10.0     11.0     0.0      3.0      1.0      4.0      14.0     63.0     0.0     
2.0      0.0      0.0      1.0      0.0      2.0      0.0      0.0      0.0      6.0      4.0      0.0      0.0      0.0      0.0      0.0      0.0      0.0      1.0      1.0      0.0      3.0      0.0      5.0      0.0      0.0      0.0      0.0      0.0      0.0      0.0      7.0      0.0      1.0      0.0      0.0      1.0      0.0      0.0      0.0      0.0      0.0      13.0     6.0      12.0     0.0      0.0      0.0      0.0      1.0      6.0      3.0      0.0      0.0      0.0      0.0      0.0      0.0      0.0      0.0      0.0      8.0      0.0      0.0      2.0      0.0      17.0     0.0      0.0      0.0      1.0      0.0      0.0      1.0      0.0      20.0     346.0    0.0      0.0      0.0      2.0      0.0      0.0      0.0      6.0      0.0      0.0      1.0      5.0      24.0     4.0      4.0      2.0      102.0    2.0      37.0     1.0      0.0      30.0     1.0      1.0      0.0      1.0      1.0      0.0      12.0     16.0     0.0      29.0     37.0     0.0      15.0     24.0     3.0      0.0      1.0      0.0      29.0     74.0     2.0      0.0      0.0      0.0      26.0     5.0      32.0     62.0     7.0      7.0      1.0      1.0      0.0      6.0      0.0      7.0      28.0     94.0     7.0      7.0      8.0      0.0      11.0     1.0      0.0      0.0      0.0      0.0      11.0     38.0     0.0     
5.0      0.0      23.0     0.0      0.0      1.0      0.0      0.0      0.0      2.0      0.0      0.0      0.0      0.0      0.0      3.0      0.0      0.0      0.0      0.0      0.0      0.0      2.0      4.0      0.0      0.0      3.0      4.0      11.0     13.0     0.0      8.0      0.0      0.0      0.0      0.0      0.0      0.0      0.0      0.0      0.0      0.0      0.0      0.0      0.0      8.0      1.0      0.0      0.0      0.0      0.0      0.0      0.0      0.0      0.0      0.0      1.0      0.0      0.0      0.0      0.0      0.0      1.0      0.0      1.0      1.0      3.0      5.0      0.0      1.0      0.0      5.0      0.0      0.0      0.0      4.0      0.0      435.0    0.0      0.0      7.0      2.0      11.0     0.0      0.0      0.0      0.0      0.0      0.0      6.0      23.0     4.0      0.0      1.0      0.0      0.0      0.0      0.0      8.0      4.0      0.0      29.0     32.0     68.0     19.0     6.0      16.0     0.0      0.0      4.0      0.0      0.0      2.0      0.0      0.0      0.0      0.0      0.0      1.0      0.0      68.0     101.0    0.0      0.0      0.0      0.0      0.0      2.0      2.0      0.0      1.0      7.0      0.0      0.0      0.0      0.0      0.0      0.0      7.0      0.0      0.0      0.0      47.0     0.0      0.0      0.0      0.0      0.0      2.0      0.0     
2.0      0.0      0.0      2.0      0.0      0.0      0.0      4.0      0.0      0.0      0.0      2.0      0.0      0.0      0.0      8.0      1.0      1.0      0.0      0.0      0.0      0.0      0.0      4.0      0.0      0.0      0.0      0.0      2.0      0.0      0.0      3.0      0.0      0.0      0.0      0.0      0.0      0.0      0.0      0.0      0.0      0.0      0.0      1.0      0.0      0.0      0.0      0.0      0.0      2.0      0.0      0.0      0.0      0.0      0.0      0.0      0.0      0.0      0.0      0.0      0.0      0.0      0.0      0.0      1.0      0.0      2.0      0.0      0.0      0.0      0.0      0.0      0.0      0.0      0.0      13.0     0.0      0.0      275.0    0.0      2.0      2.0      2.0      0.0      0.0      0.0      34.0     0.0      0.0      3.0      32.0     3.0      1.0      4.0      5.0      0.0      0.0      0.0      18.0     47.0     34.0     4.0      17.0     39.0     2.0      3.0      6.0      0.0      1.0      1.0      0.0      1.0      0.0      0.0      0.0      22.0     0.0      9.0      0.0      0.0      22.0     0.0      0.0      3.0      48.0     0.0      6.0      0.0      4.0      1.0      15.0     7.0      2.0      3.0      0.0      0.0      1.0      0.0      1.0      2.0      1.0      1.0      7.0      8.0      7.0      0.0      1.0      0.0      25.0     0.0     
25.0     0.0      5.0      0.0      22.0     23.0     0.0      2.0      0.0      0.0      0.0      0.0      1.0      2.0      4.0      14.0     0.0      0.0      0.0      0.0      0.0      0.0      0.0      13.0     1.0      0.0      2.0      0.0      3.0      1.0      3.0      0.0      0.0      0.0      0.0      0.0      0.0      0.0      2.0      0.0      0.0      0.0      0.0      0.0      0.0      1.0      0.0      0.0      0.0      1.0      0.0      0.0      1.0      1.0      2.0      0.0      0.0      0.0      0.0      0.0      0.0      0.0      8.0      0.0      0.0      0.0      2.0      0.0      0.0      0.0      2.0      0.0      0.0      1.0      0.0      146.0    0.0      0.0      0.0      442.0    48.0     17.0     8.0      3.0      0.0      0.0      0.0      3.0      10.0     19.0     82.0     0.0      0.0      25.0     2.0      0.0      0.0      2.0      3.0      9.0      0.0      6.0      0.0      1.0      14.0     3.0      0.0      0.0      0.0      0.0      0.0      0.0      2.0      3.0      0.0      0.0      0.0      2.0      1.0      2.0      0.0      1.0      0.0      0.0      1.0      0.0      0.0      2.0      17.0     4.0      0.0      3.0      3.0      13.0     0.0      0.0      0.0      4.0      0.0      0.0      1.0      17.0     0.0      0.0      0.0      0.0      14.0     2.0      4.0      0.0     
182.0    0.0      1.0      0.0      145.0    217.0    0.0      0.0      0.0      1.0      1.0      2.0      0.0      5.0      23.0     26.0     0.0      0.0      0.0      0.0      0.0      0.0      0.0      44.0     0.0      0.0      0.0      0.0      0.0      2.0      71.0     3.0      0.0      1.0      1.0      0.0      0.0      0.0      0.0      1.0      0.0      0.0      0.0      1.0      1.0      0.0      0.0      0.0      0.0      0.0      0.0      0.0      8.0      4.0      5.0      0.0      0.0      0.0      0.0      0.0      0.0      0.0      9.0      0.0      5.0      0.0      4.0      0.0      0.0      0.0      66.0     2.0      0.0      0.0      0.0      105.0    2.0      7.0      2.0      48.0     694.0    104.0    74.0     26.0     2.0      0.0      6.0      0.0      1.0      31.0     214.0    56.0     45.0     16.0     6.0      0.0      1.0      1.0      149.0    16.0     7.0      21.0     3.0      2.0      71.0     127.0    91.0     0.0      39.0     83.0     1.0      3.0      1.0      0.0      1.0      2.0      0.0      8.0      27.0     4.0      1.0      3.0      18.0     20.0     4.0      0.0      2.0      6.0      32.0     1.0      0.0      7.0      4.0      7.0      3.0      0.0      0.0      1.0      135.0    60.0     6.0      112.0    6.0      0.0      0.0      15.0     71.0     1.0      9.0      0.0     
0.0      0.0      0.0      0.0      1.0      1.0      0.0      0.0      0.0      0.0      0.0      10.0     0.0      3.0      7.0      2.0      0.0      0.0      0.0      0.0      0.0      0.0      0.0      0.0      0.0      0.0      0.0      0.0      7.0      1.0      1.0      0.0      0.0      0.0      0.0      0.0      0.0      0.0      0.0      0.0      0.0      0.0      0.0      0.0      0.0      0.0      0.0      0.0      0.0      3.0      0.0      0.0      3.0      0.0      0.0      0.0      0.0      0.0      0.0      0.0      0.0      0.0      0.0      0.0      0.0      0.0      0.0      0.0      10.0     0.0      1.0      1.0      0.0      0.0      0.0      3.0      0.0      2.0      2.0      17.0     104.0    304.0    127.0    30.0     1.0      0.0      15.0     0.0      1.0      23.0     174.0    5.0      6.0      0.0      0.0      0.0      1.0      3.0      2.0      3.0      1.0      1.0      3.0      28.0     99.0     11.0     11.0     0.0      2.0      5.0      0.0      0.0      5.0      0.0      0.0      0.0      0.0      0.0      6.0      3.0      1.0      5.0      0.0      1.0      3.0      0.0      0.0      4.0      7.0      12.0     0.0      1.0      0.0      0.0      0.0      1.0      0.0      0.0      12.0     0.0      4.0      71.0     0.0      25.0     0.0      1.0      102.0    2.0      2.0      0.0     
0.0      0.0      11.0     5.0      0.0      0.0      0.0      0.0      0.0      0.0      0.0      3.0      0.0      0.0      2.0      5.0      0.0      0.0      0.0      0.0      0.0      0.0      0.0      0.0      0.0      0.0      0.0      0.0      31.0     0.0      0.0      0.0      0.0      0.0      0.0      0.0      0.0      0.0      0.0      0.0      0.0      0.0      0.0      0.0      0.0      0.0      0.0      0.0      0.0      3.0      0.0      0.0      1.0      0.0      0.0      0.0      0.0      0.0      0.0      0.0      0.0      0.0      0.0      0.0      0.0      0.0      0.0      0.0      3.0      1.0      0.0      0.0      0.0      0.0      0.0      2.0      0.0      11.0     2.0      8.0      74.0     127.0    344.0    47.0     3.0      0.0      4.0      0.0      0.0      53.0     189.0    4.0      4.0      0.0      0.0      0.0      0.0      2.0      1.0      3.0      2.0      0.0      0.0      18.0     110.0    9.0      9.0      0.0      2.0      4.0      0.0      0.0      3.0      0.0      0.0      0.0      0.0      0.0      4.0      2.0      1.0      22.0     0.0      1.0      1.0      0.0      0.0      11.0     19.0     8.0      0.0      1.0      0.0      0.0      0.0      0.0      1.0      0.0      9.0      0.0      3.0      84.0     0.0      7.0      5.0      1.0      116.0    0.0      7.0      0.0     
0.0      0.0      0.0      0.0      1.0      1.0      0.0      0.0      1.0      0.0      0.0      0.0      0.0      0.0      0.0      1.0      0.0      0.0      0.0      0.0      0.0      0.0      0.0      0.0      1.0      0.0      0.0      0.0      0.0      0.0      1.0      0.0      0.0      0.0      0.0      0.0      0.0      0.0      0.0      0.0      0.0      0.0      0.0      0.0      0.0      0.0      0.0      0.0      0.0      0.0      0.0      0.0      0.0      0.0      0.0      0.0      0.0      0.0      0.0      0.0      0.0      0.0      0.0      0.0      0.0      0.0      0.0      0.0      0.0      0.0      1.0      0.0      0.0      0.0      0.0      0.0      0.0      0.0      0.0      3.0      26.0     30.0     47.0     72.0     8.0      0.0      0.0      0.0      0.0      0.0      4.0      1.0      1.0      0.0      0.0      0.0      2.0      6.0      0.0      3.0      1.0      0.0      0.0      0.0      37.0     4.0      9.0      0.0      2.0      2.0      0.0      0.0      2.0      0.0      0.0      0.0      0.0      1.0      2.0      8.0      0.0      1.0      0.0      1.0      0.0      0.0      0.0      0.0      0.0      0.0      0.0      2.0      0.0      0.0      0.0      0.0      0.0      0.0      4.0      0.0      5.0      55.0     0.0      0.0      0.0      0.0      63.0     0.0      5.0      0.0     
0.0      28.0     4.0      0.0      0.0      1.0      0.0      0.0      1.0      139.0    22.0     0.0      0.0      0.0      1.0      3.0      1.0      0.0      14.0     18.0     0.0      48.0     3.0      1.0      0.0      0.0      1.0      0.0      0.0      1.0      0.0      3.0      0.0      7.0      7.0      0.0      29.0     0.0      0.0      0.0      1.0      0.0      10.0     43.0     44.0     2.0      0.0      0.0      1.0      1.0      56.0     24.0     0.0      0.0      0.0      0.0      1.0      2.0      7.0      0.0      14.0     71.0     1.0      0.0      0.0      4.0      226.0    0.0      0.0      0.0      0.0      0.0      1.0      0.0      0.0      0.0      6.0      0.0      0.0      0.0      2.0      1.0      3.0      8.0      298.0    52.0     0.0      0.0      0.0      0.0      3.0      0.0      0.0      13.0     54.0     0.0      16.0     38.0     0.0      7.0      1.0      2.0      0.0      0.0      4.0      0.0      2.0      0.0      1.0      7.0      0.0      0.0      0.0      0.0      0.0      0.0      0.0      87.0     18.0     145.0    0.0      0.0      0.0      0.0      0.0      2.0      18.0     0.0      0.0      1.0      0.0      6.0      0.0      22.0     0.0      3.0      22.0     0.0      0.0      0.0      63.0     251.0    1.0      0.0      0.0      0.0      11.0     0.0      0.0      0.0     
0.0      10.0     0.0      0.0      0.0      0.0      0.0      0.0      0.0      51.0     8.0      0.0      0.0      0.0      0.0      0.0      0.0      0.0      3.0      8.0      0.0      26.0     2.0      1.0      0.0      0.0      0.0      0.0      0.0      0.0      0.0      2.0      0.0      3.0      2.0      0.0      6.0      3.0      0.0      0.0      0.0      0.0      25.0     9.0      44.0     0.0      0.0      0.0      1.0      0.0      9.0      8.0      0.0      0.0      0.0      0.0      0.0      8.0      1.0      0.0      3.0      13.0     0.0      0.0      1.0      3.0      88.0     0.0      0.0      0.0      0.0      0.0      1.0      3.0      0.0      5.0      0.0      0.0      0.0      0.0      0.0      0.0      0.0      0.0      52.0     193.0    0.0      0.0      0.0      2.0      0.0      1.0      0.0      2.0      72.0     1.0      10.0     3.0      6.0      0.0      0.0      0.0      0.0      0.0      0.0      0.0      2.0      0.0      5.0      4.0      0.0      0.0      0.0      0.0      0.0      0.0      0.0      9.0      5.0      97.0     0.0      0.0      0.0      0.0      0.0      0.0      0.0      0.0      3.0      0.0      0.0      0.0      1.0      1.0      0.0      0.0      31.0     0.0      0.0      1.0      55.0     93.0     0.0      0.0      0.0      0.0      0.0      0.0      1.0      0.0     
0.0      0.0      3.0      1.0      0.0      5.0      3.0      2.0      0.0      0.0      0.0      15.0     0.0      23.0     39.0     24.0     0.0      0.0      0.0      0.0      0.0      0.0      0.0      1.0      0.0      0.0      0.0      0.0      3.0      0.0      0.0      0.0      0.0      1.0      0.0      0.0      0.0      0.0      3.0      7.0      0.0      0.0      0.0      0.0      0.0      0.0      0.0      0.0      1.0      11.0     0.0      0.0      14.0     0.0      20.0     0.0      0.0      0.0      0.0      0.0      0.0      0.0      1.0      0.0      0.0      0.0      6.0      0.0      0.0      0.0      0.0      0.0      0.0      0.0      0.0      0.0      0.0      0.0      34.0     0.0      6.0      15.0     4.0      0.0      0.0      0.0      315.0    0.0      27.0     4.0      89.0     0.0      0.0      3.0      2.0      0.0      0.0      0.0      0.0      3.0      2.0      0.0      0.0      6.0      6.0      0.0      0.0      0.0      0.0      0.0      0.0      0.0      0.0      0.0      10.0     1.0      0.0      0.0      0.0      0.0      0.0      0.0      0.0      1.0      91.0     0.0      0.0      28.0     0.0      14.0     1.0      0.0      1.0      2.0      0.0      0.0      0.0      0.0      0.0      0.0      1.0      17.0     1.0      28.0     6.0      0.0      5.0      0.0      2.0      0.0     
0.0      0.0      0.0      0.0      0.0      0.0      0.0      0.0      0.0      0.0      0.0      0.0      0.0      0.0      0.0      1.0      0.0      0.0      0.0      0.0      0.0      0.0      0.0      0.0      0.0      0.0      0.0      0.0      1.0      0.0      0.0      0.0      0.0      0.0      0.0      0.0      0.0      0.0      0.0      0.0      0.0      0.0      0.0      0.0      0.0      0.0      0.0      0.0      0.0      0.0      0.0      0.0      0.0      0.0      0.0      0.0      0.0      0.0      0.0      0.0      0.0      0.0      0.0      0.0      0.0      0.0      0.0      0.0      0.0      0.0      0.0      0.0      0.0      0.0      0.0      1.0      1.0      0.0      0.0      3.0      0.0      0.0      0.0      0.0      0.0      0.0      0.0      83.0     22.0     6.0      3.0      6.0      3.0      14.0     2.0      0.0      0.0      0.0      24.0     6.0      0.0      0.0      0.0      0.0      1.0      0.0      0.0      0.0      5.0      0.0      0.0      12.0     13.0     13.0     0.0      2.0      0.0      7.0      6.0      0.0      0.0      0.0      17.0     5.0      6.0      0.0      4.0      0.0      4.0      2.0      0.0      0.0      4.0      4.0      1.0      1.0      0.0      22.0     0.0      3.0      0.0      0.0      0.0      0.0      0.0      0.0      0.0      12.0     11.0     0.0     
0.0      0.0      4.0      0.0      0.0      0.0      0.0      0.0      0.0      0.0      0.0      1.0      0.0      10.0     18.0     7.0      0.0      0.0      0.0      0.0      0.0      0.0      0.0      0.0      0.0      0.0      0.0      0.0      1.0      0.0      0.0      0.0      0.0      0.0      0.0      0.0      0.0      0.0      0.0      1.0      0.0      0.0      0.0      0.0      0.0      0.0      0.0      0.0      0.0      0.0      0.0      0.0      15.0     0.0      0.0      0.0      0.0      0.0      0.0      0.0      0.0      0.0      2.0      0.0      0.0      0.0      0.0      0.0      0.0      2.0      0.0      0.0      0.0      0.0      0.0      2.0      5.0      0.0      0.0      10.0     1.0      1.0      0.0      0.0      0.0      0.0      27.0     22.0     266.0    6.0      43.0     7.0      2.0      42.0     3.0      0.0      0.0      0.0      0.0      16.0     1.0      3.0      0.0      16.0     2.0      0.0      1.0      0.0      0.0      1.0      0.0      4.0      3.0      63.0     65.0     2.0      0.0      6.0      0.0      0.0      2.0      0.0      0.0      20.0     32.0     0.0      3.0      72.0     6.0      25.0     0.0      5.0      4.0      19.0     2.0      3.0      0.0      17.0     1.0      0.0      0.0      0.0      0.0      0.0      2.0      0.0      0.0      3.0      15.0     0.0     
29.0     0.0      4.0      2.0      49.0     149.0    14.0     11.0     1.0      0.0      0.0      47.0     5.0      43.0     297.0    181.0    0.0      0.0      0.0      1.0      0.0      0.0      0.0      61.0     1.0      0.0      3.0      0.0      45.0     3.0      1.0      0.0      0.0      0.0      0.0      0.0      0.0      0.0      3.0      14.0     0.0      0.0      0.0      0.0      0.0      2.0      0.0      0.0      1.0      17.0     0.0      0.0      129.0    46.0     54.0     0.0      1.0      0.0      1.0      0.0      0.0      0.0      61.0     0.0      0.0      0.0      35.0     0.0      22.0     1.0      2.0      4.0      0.0      1.0      0.0      27.0     24.0     6.0      3.0      19.0     31.0     23.0     53.0     0.0      0.0      2.0      4.0      6.0      6.0      1847.0   211.0    18.0     5.0      119.0    5.0      0.0      0.0      0.0      65.0     72.0     17.0     44.0     29.0     146.0    49.0     0.0      0.0      0.0      12.0     3.0      5.0      23.0     26.0     0.0      0.0      38.0     0.0      30.0     7.0      2.0      23.0     5.0      2.0      135.0    24.0     0.0      7.0      537.0    354.0    155.0    2.0      36.0     13.0     55.0     2.0      1.0      0.0      153.0    0.0      1.0      7.0      155.0    31.0     132.0    49.0     0.0      21.0     24.0     77.0     0.0     
35.0     0.0      69.0     6.0      34.0     30.0     3.0      25.0     1.0      1.0      1.0      28.0     1.0      14.0     39.0     159.0    1.0      0.0      0.0      3.0      0.0      0.0      0.0      24.0     0.0      0.0      2.0      0.0      97.0     16.0     3.0      2.0      0.0      1.0      0.0      0.0      0.0      0.0      3.0      0.0      0.0      0.0      0.0      0.0      1.0      3.0      5.0      0.0      1.0      10.0     0.0      0.0      18.0     5.0      11.0     0.0      0.0      0.0      1.0      0.0      0.0      0.0      17.0     0.0      2.0      8.0      31.0     0.0      16.0     16.0     3.0      7.0      0.0      0.0      0.0      29.0     4.0      23.0     32.0     82.0     214.0    174.0    189.0    4.0      3.0      0.0      89.0     3.0      43.0     211.0    2319.0   5.0      2.0      39.0     5.0      0.0      3.0      4.0      12.0     14.0     5.0      10.0     3.0      198.0    94.0     18.0     2.0      0.0      2.0      1.0      0.0      4.0      4.0      4.0      21.0     3.0      0.0      10.0     4.0      5.0      6.0      19.0     0.0      17.0     36.0     0.0      5.0      101.0    32.0     213.0    1.0      4.0      3.0      21.0     1.0      1.0      0.0      4.0      1.0      1.0      11.0     55.0     1.0      89.0     87.0     1.0      70.0     6.0      11.0     0.0     
5.0      1.0      1.0      0.0      3.0      9.0      0.0      0.0      0.0      0.0      1.0      0.0      0.0      1.0      0.0      4.0      0.0      0.0      1.0      4.0      0.0      1.0      0.0      6.0      0.0      0.0      3.0      0.0      0.0      1.0      4.0      13.0     0.0      1.0      2.0      0.0      0.0      0.0      0.0      0.0      0.0      0.0      0.0      3.0      0.0      0.0      0.0      0.0      0.0      0.0      0.0      0.0      0.0      0.0      0.0      0.0      1.0      0.0      1.0      0.0      0.0      0.0      0.0      0.0      1.0      3.0      0.0      1.0      0.0      0.0      7.0      0.0      0.0      0.0      0.0      1.0      4.0      4.0      3.0      0.0      56.0     5.0      4.0      1.0      0.0      1.0      0.0      6.0      7.0      18.0     5.0      253.0    119.0    26.0     2.0      0.0      2.0      1.0      80.0     15.0     12.0     13.0     1.0      3.0      8.0      47.0     86.0     0.0      83.0     132.0    0.0      4.0      12.0     0.0      0.0      18.0     0.0      10.0     28.0     5.0      0.0      0.0      55.0     109.0    28.0     0.0      2.0      7.0      1.0      3.0      3.0      3.0      6.0      8.0      1.0      0.0      0.0      29.0     61.0     49.0     0.0      4.0      5.0      0.0      0.0      1.0      0.0      3.0      48.0     0.0     
8.0      0.0      0.0      0.0      5.0      13.0     0.0      0.0      0.0      0.0      0.0      0.0      0.0      0.0      0.0      5.0      0.0      0.0      1.0      1.0      0.0      0.0      0.0      9.0      0.0      0.0      1.0      0.0      0.0      0.0      6.0      6.0      0.0      1.0      2.0      0.0      0.0      0.0      0.0      0.0      0.0      0.0      1.0      3.0      0.0      0.0      0.0      0.0      0.0      0.0      0.0      0.0      0.0      0.0      0.0      0.0      0.0      1.0      0.0      0.0      0.0      0.0      0.0      0.0      2.0      0.0      0.0      0.0      0.0      0.0      10.0     0.0      0.0      0.0      0.0      0.0      2.0      0.0      1.0      0.0      45.0     6.0      4.0      1.0      0.0      0.0      0.0      3.0      2.0      5.0      2.0      119.0    177.0    9.0      0.0      0.0      0.0      0.0      105.0    4.0      3.0      4.0      0.0      0.0      3.0      36.0     29.0     0.0      101.0    106.0    0.0      1.0      8.0      0.0      0.0      2.0      0.0      2.0      18.0     0.0      0.0      0.0      77.0     65.0     8.0      0.0      0.0      1.0      0.0      1.0      1.0      1.0      2.0      2.0      1.0      0.0      0.0      24.0     51.0     76.0     0.0      4.0      1.0      0.0      0.0      2.0      0.0      1.0      27.0     0.0     
27.0     0.0      1.0      3.0      0.0      7.0      1.0      1.0      0.0      8.0      58.0     0.0      0.0      2.0      0.0      9.0      0.0      0.0      42.0     137.0    0.0      0.0      0.0      38.0     1.0      0.0      3.0      0.0      4.0      5.0      3.0      35.0     0.0      14.0     5.0      0.0      2.0      7.0      0.0      1.0      0.0      0.0      117.0    2.0      61.0     1.0      0.0      0.0      8.0      1.0      0.0      5.0      0.0      1.0      0.0      0.0      1.0      49.0     47.0     2.0      0.0      0.0      0.0      1.0      8.0      23.0     103.0    0.0      0.0      0.0      5.0      2.0      3.0      14.0     0.0      83.0     102.0    1.0      4.0      25.0     16.0     0.0      0.0      0.0      13.0     2.0      3.0      14.0     42.0     119.0    39.0     26.0     9.0      1550.0   34.0     16.0     1.0      1.0      107.0    73.0     11.0     11.0     2.0      6.0      12.0     26.0     90.0     0.0      173.0    78.0     6.0      85.0     107.0    21.0     6.0      7.0      0.0      29.0     79.0     3.0      0.0      1.0      4.0      174.0    26.0     43.0     0.0      35.0     44.0     10.0     5.0      54.0     206.0    503.0    45.0     51.0     22.0     28.0     17.0     33.0     40.0     73.0     2.0      3.0      1.0      0.0      1.0      73.0     246.0    0.0     
10.0     7.0      0.0      0.0      0.0      0.0      0.0      2.0      0.0      112.0    61.0     0.0      0.0      0.0      0.0      3.0      0.0      0.0      11.0     60.0     0.0      33.0     6.0      17.0     1.0      0.0      2.0      0.0      1.0      0.0      0.0      23.0     0.0      8.0      6.0      0.0      7.0      10.0     0.0      0.0      0.0      0.0      61.0     11.0     130.0    0.0      0.0      0.0      7.0      0.0      7.0      10.0     0.0      0.0      0.0      0.0      0.0      15.0     9.0      0.0      3.0      9.0      0.0      0.0      3.0      16.0     191.0    0.0      0.0      0.0      0.0      0.0      8.0      14.0     0.0      10.0     2.0      0.0      5.0      2.0      6.0      0.0      0.0      0.0      54.0     72.0     2.0      2.0      3.0      5.0      5.0      2.0      0.0      34.0     491.0    0.0      14.0     0.0      10.0     3.0      6.0      13.0     0.0      0.0      1.0      4.0      32.0     0.0      5.0      12.0     1.0      12.0     3.0      0.0      0.0      1.0      0.0      55.0     4.0      38.0     0.0      0.0      0.0      5.0      4.0      2.0      1.0      1.0      4.0      2.0      3.0      4.0      5.0      138.0    4.0      12.0     10.0     1.0      2.0      1.0      157.0    172.0    1.0      0.0      0.0      1.0      0.0      5.0      8.0      0.0     
0.0      0.0      0.0      0.0      0.0      0.0      0.0      0.0      0.0      0.0      0.0      0.0      0.0      0.0      0.0      0.0      0.0      0.0      0.0      0.0      0.0      1.0      0.0      0.0      0.0      0.0      0.0      0.0      0.0      0.0      0.0      0.0      0.0      0.0      0.0      0.0      0.0      0.0      0.0      0.0      0.0      0.0      1.0      0.0      0.0      0.0      0.0      0.0      0.0      0.0      0.0      1.0      0.0      0.0      0.0      0.0      0.0      0.0      0.0      0.0      0.0      0.0      0.0      0.0      0.0      0.0      0.0      0.0      0.0      0.0      0.0      0.0      0.0      0.0      0.0      1.0      37.0     0.0      0.0      0.0      0.0      0.0      0.0      0.0      0.0      1.0      0.0      0.0      0.0      0.0      0.0      0.0      0.0      16.0     0.0      63.0     2.0      0.0      1.0      0.0      0.0      0.0      0.0      0.0      0.0      0.0      0.0      0.0      1.0      0.0      0.0      4.0      0.0      0.0      0.0      0.0      0.0      1.0      8.0      2.0      0.0      0.0      0.0      0.0      0.0      25.0     22.0     0.0      0.0      0.0      0.0      0.0      4.0      3.0      3.0      21.0     20.0     0.0      0.0      0.0      0.0      1.0      0.0      0.0      0.0      0.0      0.0      2.0      1.0      0.0     
0.0      1.0      0.0      0.0      0.0      1.0      0.0      0.0      0.0      4.0      0.0      0.0      0.0      0.0      0.0      1.0      0.0      0.0      0.0      0.0      0.0      2.0      0.0      2.0      0.0      0.0      0.0      0.0      0.0      0.0      0.0      2.0      0.0      0.0      0.0      0.0      2.0      0.0      0.0      0.0      0.0      0.0      8.0      2.0      2.0      0.0      0.0      0.0      0.0      0.0      2.0      2.0      0.0      0.0      0.0      0.0      0.0      1.0      0.0      0.0      1.0      3.0      0.0      1.0      1.0      0.0      9.0      0.0      0.0      0.0      0.0      0.0      0.0      0.0      0.0      8.0      1.0      0.0      0.0      0.0      1.0      1.0      0.0      2.0      16.0     10.0     0.0      0.0      0.0      0.0      3.0      2.0      0.0      1.0      14.0     2.0      135.0    26.0     11.0     0.0      1.0      0.0      0.0      0.0      2.0      1.0      3.0      0.0      12.0     15.0     0.0      1.0      0.0      0.0      0.0      0.0      0.0      23.0     29.0     48.0     0.0      0.0      0.0      0.0      0.0      0.0      25.0     0.0      0.0      0.0      1.0      0.0      0.0      1.0      0.0      0.0      49.0     0.0      0.0      1.0      21.0     15.0     0.0      0.0      0.0      0.0      8.0      0.0      1.0      0.0     
0.0      2.0      0.0      0.0      0.0      0.0      0.0      0.0      0.0      8.0      0.0      0.0      0.0      0.0      1.0      2.0      0.0      0.0      1.0      0.0      0.0      1.0      0.0      0.0      0.0      0.0      0.0      0.0      0.0      0.0      0.0      0.0      0.0      1.0      0.0      0.0      5.0      0.0      0.0      0.0      1.0      0.0      1.0      4.0      1.0      0.0      0.0      0.0      0.0      0.0      9.0      1.0      0.0      0.0      0.0      0.0      0.0      0.0      0.0      0.0      1.0      11.0     0.0      0.0      0.0      0.0      15.0     0.0      0.0      0.0      0.0      0.0      0.0      0.0      1.0      0.0      0.0      0.0      0.0      2.0      1.0      3.0      2.0      6.0      38.0     3.0      0.0      0.0      0.0      0.0      4.0      1.0      0.0      1.0      0.0      0.0      26.0     93.0     0.0      1.0      1.0      0.0      0.0      0.0      4.0      0.0      0.0      0.0      2.0      6.0      0.0      0.0      0.0      0.0      0.0      0.0      0.0      0.0      39.0     58.0     0.0      0.0      0.0      0.0      0.0      2.0      0.0      0.0      1.0      0.0      0.0      0.0      0.0      1.0      0.0      0.0      17.0     0.0      0.0      0.0      14.0     21.0     0.0      0.0      0.0      0.0      11.0     0.0      0.0      0.0     
160.0    0.0      2.0      0.0      68.0     117.0    0.0      1.0      0.0      0.0      0.0      0.0      2.0      3.0      10.0     26.0     0.0      0.0      0.0      1.0      0.0      0.0      0.0      89.0     0.0      0.0      0.0      0.0      3.0      2.0      54.0     1.0      0.0      0.0      0.0      0.0      0.0      0.0      1.0      1.0      0.0      0.0      0.0      0.0      0.0      0.0      1.0      0.0      1.0      2.0      0.0      0.0      2.0      8.0      0.0      0.0      0.0      0.0      1.0      0.0      0.0      0.0      32.0     0.0      8.0      1.0      0.0      0.0      0.0      0.0      44.0     0.0      0.0      0.0      0.0      599.0    30.0     8.0      18.0     3.0      149.0    2.0      1.0      0.0      0.0      6.0      0.0      24.0     0.0      65.0     12.0     80.0     105.0    107.0    10.0     1.0      11.0     0.0      1237.0   78.0     49.0     47.0     10.0     5.0      14.0     177.0    17.0     0.0      178.0    131.0    11.0     29.0     22.0     0.0      0.0      37.0     0.0      48.0     64.0     16.0     3.0      5.0      90.0     59.0     7.0      0.0      20.0     0.0      43.0     1.0      4.0      25.0     23.0     40.0     8.0      5.0      23.0     84.0     80.0     323.0    9.0      12.0     11.0     0.0      3.0      3.0      3.0      14.0     113.0    0.0     
24.0     2.0      1.0      1.0      0.0      5.0      0.0      1.0      12.0     0.0      9.0      1.0      1.0      1.0      5.0      8.0      4.0      2.0      41.0     16.0     0.0      0.0      0.0      27.0     19.0     0.0      6.0      0.0      19.0     10.0     3.0      21.0     3.0      28.0     9.0      0.0      5.0      21.0     0.0      0.0      8.0      0.0      7.0      4.0      0.0      2.0      0.0      1.0      24.0     3.0      0.0      0.0      2.0      1.0      0.0      0.0      0.0      22.0     24.0     0.0      0.0      0.0      0.0      2.0      5.0      15.0     40.0     0.0      2.0      0.0      5.0      5.0      7.0      53.0     10.0     69.0     1.0      4.0      47.0     9.0      16.0     3.0      3.0      3.0      7.0      0.0      3.0      6.0      16.0     72.0     14.0     15.0     4.0      73.0     3.0      0.0      0.0      1.0      78.0     1731.0   144.0    131.0    151.0    191.0    126.0    12.0     50.0     3.0      138.0    19.0     20.0     41.0     98.0     13.0     6.0      53.0     0.0      2.0      4.0      4.0      156.0    3.0      1.0      78.0     19.0     1.0      1.0      29.0     31.0     6.0      51.0     225.0    1.0      12.0     12.0     7.0      0.0      18.0     10.0     12.0     15.0     24.0     119.0    7.0      0.0      2.0      40.0     58.0     535.0    9.0     
2.0      0.0      1.0      0.0      0.0      0.0      0.0      0.0      0.0      0.0      0.0      0.0      0.0      0.0      1.0      1.0      1.0      1.0      0.0      0.0      0.0      0.0      0.0      3.0      0.0      0.0      0.0      0.0      0.0      4.0      0.0      3.0      1.0      0.0      0.0      0.0      0.0      2.0      0.0      0.0      4.0      0.0      0.0      0.0      0.0      0.0      0.0      0.0      3.0      1.0      0.0      0.0      0.0      0.0      0.0      0.0      0.0      0.0      0.0      0.0      0.0      0.0      0.0      0.0      0.0      1.0      0.0      0.0      0.0      0.0      0.0      3.0      1.0      2.0      0.0      43.0     1.0      0.0      34.0     0.0      7.0      1.0      2.0      1.0      1.0      0.0      2.0      0.0      1.0      17.0     5.0      12.0     3.0      11.0     6.0      0.0      1.0      1.0      49.0     144.0    429.0    33.0     20.0     18.0     39.0     10.0     10.0     0.0      26.0     6.0      37.0     6.0      5.0      0.0      0.0      110.0    0.0      9.0      0.0      2.0      15.0     8.0      0.0      7.0      9.0      0.0      4.0      6.0      15.0     0.0      67.0     28.0     4.0      10.0     1.0      2.0      1.0      1.0      7.0      4.0      2.0      3.0      36.0     0.0      0.0      0.0      8.0      3.0      78.0     0.0     
45.0     0.0      5.0      5.0      2.0      15.0     0.0      3.0      6.0      5.0      0.0      5.0      0.0      1.0      1.0      8.0      3.0      1.0      1.0      1.0      0.0      1.0      4.0      47.0     17.0     2.0      19.0     0.0      15.0     33.0     6.0      30.0     1.0      6.0      0.0      0.0      0.0      0.0      0.0      1.0      11.0     0.0      0.0      0.0      5.0      2.0      1.0      0.0      5.0      9.0      0.0      0.0      0.0      0.0      0.0      0.0      9.0      0.0      0.0      0.0      0.0      0.0      1.0      3.0      6.0      13.0     32.0     0.0      2.0      0.0      5.0      17.0     0.0      15.0     2.0      42.0     0.0      29.0     4.0      6.0      21.0     1.0      0.0      0.0      2.0      0.0      0.0      0.0      3.0      44.0     10.0     13.0     4.0      11.0     13.0     0.0      0.0      0.0      47.0     131.0    33.0     1290.0   35.0     159.0    400.0    18.0     87.0     0.0      66.0     19.0     15.0     5.0      23.0     0.0      1.0      49.0     0.0      3.0      3.0      1.0      68.0     103.0    0.0      26.0     3.0      0.0      3.0      21.0     13.0     0.0      14.0     477.0    0.0      22.0     0.0      0.0      0.0      11.0     17.0     6.0      75.0     32.0     146.0    7.0      0.0      1.0      1.0      8.0      113.0    8.0     
4.0      0.0      1.0      0.0      0.0      0.0      0.0      0.0      0.0      0.0      0.0      0.0      0.0      0.0      0.0      6.0      0.0      0.0      0.0      0.0      0.0      0.0      0.0      1.0      0.0      0.0      0.0      0.0      1.0      0.0      0.0      1.0      0.0      0.0      0.0      0.0      0.0      0.0      0.0      0.0      0.0      0.0      0.0      0.0      0.0      0.0      0.0      0.0      0.0      0.0      0.0      0.0      0.0      0.0      1.0      0.0      0.0      0.0      0.0      0.0      0.0      0.0      0.0      0.0      0.0      0.0      0.0      0.0      0.0      1.0      0.0      0.0      0.0      0.0      0.0      10.0     1.0      32.0     17.0     0.0      3.0      3.0      0.0      0.0      0.0      0.0      0.0      0.0      0.0      29.0     3.0      1.0      0.0      2.0      0.0      0.0      0.0      0.0      10.0     151.0    20.0     35.0     588.0    183.0    8.0      1.0      10.0     0.0      1.0      2.0      0.0      1.0      1.0      0.0      0.0      9.0      0.0      0.0      1.0      0.0      319.0    2.0      0.0      0.0      1.0      0.0      0.0      9.0      8.0      0.0      16.0     59.0     1.0      1.0      0.0      0.0      0.0      1.0      4.0      1.0      0.0      0.0      256.0    7.0      2.0      0.0      0.0      1.0      24.0     1.0     
6.0      0.0      20.0     12.0     4.0      2.0      0.0      23.0     0.0      0.0      0.0      15.0     0.0      1.0      0.0      84.0     2.0      2.0      0.0      0.0      0.0      0.0      0.0      6.0      0.0      1.0      3.0      0.0      72.0     12.0     1.0      5.0      0.0      2.0      0.0      0.0      0.0      0.0      1.0      1.0      3.0      0.0      0.0      0.0      0.0      4.0      4.0      0.0      0.0      16.0     0.0      0.0      0.0      0.0      1.0      0.0      0.0      0.0      0.0      0.0      0.0      0.0      1.0      0.0      0.0      1.0      3.0      0.0      2.0      3.0      1.0      6.0      0.0      4.0      0.0      6.0      1.0      68.0     39.0     1.0      2.0      28.0     18.0     0.0      0.0      0.0      6.0      0.0      16.0     146.0    198.0    3.0      0.0      6.0      0.0      0.0      0.0      0.0      5.0      191.0    18.0     159.0    183.0    2068.0   2.0      1.0      6.0      0.0      0.0      1.0      0.0      1.0      7.0      2.0      5.0      0.0      0.0      3.0      0.0      1.0      318.0    1.0      0.0      5.0      4.0      0.0      1.0      86.0     4.0      31.0     11.0     172.0    2.0      2.0      0.0      0.0      0.0      0.0      1.0      1.0      0.0      1.0      123.0    101.0    135.0    0.0      0.0      2.0      16.0     0.0     
23.0     0.0      10.0     4.0      2.0      9.0      1.0      1.0      2.0      4.0      0.0      4.0      2.0      1.0      4.0      14.0     7.0      3.0      4.0      0.0      0.0      1.0      2.0      26.0     10.0     0.0      17.0     2.0      17.0     18.0     5.0      11.0     4.0      23.0     1.0      0.0      0.0      0.0      0.0      1.0      15.0     0.0      0.0      0.0      5.0      5.0      2.0      2.0      14.0     9.0      0.0      0.0      0.0      1.0      0.0      0.0      7.0      3.0      0.0      0.0      0.0      0.0      3.0      1.0      1.0      6.0      28.0     2.0      0.0      1.0      5.0      9.0      0.0      22.0     8.0      14.0     0.0      19.0     2.0      14.0     71.0     99.0     110.0    37.0     4.0      0.0      6.0      1.0      2.0      49.0     94.0     8.0      3.0      12.0     1.0      0.0      2.0      4.0      14.0     126.0    39.0     400.0    8.0      2.0      1167.0   14.0     46.0     0.0      50.0     7.0      10.0     16.0     42.0     0.0      0.0      33.0     0.0      1.0      3.0      4.0      3.0      180.0    1.0      25.0     5.0      1.0      0.0      15.0     17.0     6.0      14.0     28.0     0.0      6.0      1.0      2.0      2.0      7.0      6.0      4.0      90.0     111.0    28.0     2.0      0.0      1.0      336.0    28.0     143.0    3.0     
60.0     1.0      0.0      0.0      24.0     45.0     0.0      0.0      0.0      0.0      0.0      0.0      0.0      0.0      0.0      1.0      0.0      0.0      2.0      2.0      0.0      0.0      0.0      16.0     0.0      0.0      0.0      0.0      0.0      0.0      24.0     8.0      0.0      0.0      0.0      0.0      0.0      0.0      0.0      0.0      0.0      0.0      1.0      0.0      0.0      0.0      0.0      0.0      0.0      0.0      0.0      0.0      0.0      0.0      0.0      0.0      0.0      1.0      1.0      0.0      0.0      0.0      1.0      0.0      4.0      0.0      0.0      0.0      0.0      0.0      20.0     0.0      0.0      0.0      0.0      69.0     12.0     6.0      3.0      3.0      127.0    11.0     9.0      4.0      0.0      0.0      0.0      0.0      0.0      0.0      18.0     47.0     36.0     26.0     4.0      0.0      1.0      0.0      177.0    12.0     10.0     18.0     1.0      1.0      14.0     320.0    71.0     0.0      23.0     78.0     4.0      1.0      0.0      0.0      0.0      7.0      0.0      8.0      24.0     1.0      1.0      3.0      8.0      9.0      0.0      0.0      1.0      0.0      0.0      0.0      0.0      5.0      5.0      6.0      1.0      1.0      1.0      0.0      106.0    43.0     5.0      14.0     9.0      0.0      0.0      14.0     12.0     0.0      6.0      0.0     
107.0    2.0      4.0      0.0      2.0      32.0     0.0      1.0      0.0      2.0      3.0      0.0      0.0      1.0      0.0      6.0      2.0      0.0      3.0      19.0     0.0      1.0      0.0      136.0    2.0      0.0      5.0      0.0      0.0      6.0      8.0      207.0    1.0      3.0      8.0      0.0      0.0      0.0      0.0      0.0      0.0      0.0      3.0      12.0     1.0      0.0      1.0      0.0      1.0      0.0      0.0      1.0      0.0      0.0      0.0      0.0      4.0      2.0      10.0     0.0      0.0      0.0      0.0      2.0      30.0     14.0     73.0     1.0      0.0      0.0      14.0     2.0      1.0      1.0      0.0      1.0      16.0     16.0     6.0      0.0      91.0     11.0     9.0      9.0      2.0      2.0      0.0      0.0      1.0      0.0      2.0      86.0     29.0     90.0     32.0     0.0      3.0      0.0      17.0     50.0     10.0     87.0     10.0     6.0      46.0     71.0     660.0    0.0      14.0     224.0    1.0      19.0     5.0      0.0      0.0      6.0      0.0      26.0     41.0     8.0      6.0      5.0      0.0      5.0      0.0      0.0      3.0      0.0      0.0      0.0      0.0      46.0     20.0     36.0     9.0      8.0      9.0      0.0      84.0     2.0      19.0     16.0     21.0     0.0      0.0      3.0      15.0     3.0      18.0     2.0     
0.0      0.0      0.0      0.0      0.0      0.0      0.0      0.0      0.0      0.0      0.0      0.0      0.0      0.0      0.0      0.0      0.0      0.0      0.0      0.0      0.0      0.0      0.0      0.0      0.0      0.0      0.0      0.0      0.0      0.0      0.0      0.0      0.0      0.0      0.0      0.0      0.0      0.0      0.0      0.0      0.0      0.0      0.0      0.0      0.0      0.0      0.0      0.0      0.0      0.0      0.0      0.0      0.0      0.0      0.0      0.0      0.0      0.0      0.0      0.0      0.0      0.0      0.0      0.0      0.0      0.0      0.0      0.0      0.0      0.0      0.0      0.0      0.0      0.0      0.0      0.0      0.0      0.0      0.0      0.0      0.0      0.0      0.0      0.0      0.0      0.0      0.0      0.0      0.0      0.0      0.0      0.0      0.0      0.0      0.0      0.0      0.0      0.0      0.0      3.0      0.0      0.0      0.0      0.0      0.0      0.0      0.0      5.0      5.0      3.0      0.0      0.0      0.0      0.0      0.0      0.0      0.0      0.0      0.0      0.0      0.0      0.0      0.0      1.0      0.0      0.0      0.0      0.0      0.0      0.0      0.0      0.0      0.0      0.0      0.0      0.0      0.0      0.0      0.0      0.0      0.0      0.0      0.0      0.0      0.0      0.0      0.0      0.0      0.0      2.0     
9.0      2.0      1.0      0.0      5.0      13.0     0.0      0.0      0.0      0.0      0.0      0.0      0.0      0.0      0.0      7.0      0.0      0.0      3.0      2.0      0.0      0.0      0.0      10.0     1.0      0.0      1.0      0.0      0.0      4.0      6.0      7.0      1.0      6.0      0.0      0.0      0.0      0.0      0.0      0.0      4.0      0.0      2.0      0.0      0.0      0.0      0.0      0.0      4.0      0.0      0.0      0.0      0.0      0.0      0.0      0.0      1.0      2.0      1.0      0.0      0.0      0.0      0.0      0.0      3.0      1.0      3.0      0.0      0.0      0.0      10.0     4.0      0.0      8.0      1.0      29.0     29.0     0.0      1.0      0.0      39.0     2.0      2.0      2.0      1.0      5.0      0.0      5.0      0.0      12.0     2.0      83.0     101.0    173.0    5.0      1.0      12.0     2.0      178.0    138.0    26.0     66.0     1.0      0.0      50.0     23.0     14.0     5.0      831.0    222.0    36.0     30.0     17.0     0.0      0.0      61.0     0.0      47.0     43.0     11.0     0.0      0.0      82.0     267.0    6.0      0.0      34.0     1.0      7.0      1.0      3.0      41.0     21.0     80.0     5.0      4.0      15.0     19.0     32.0     102.0    7.0      4.0      1.0      0.0      0.0      5.0      5.0      17.0     326.0    21.0    
17.0     2.0      4.0      0.0      5.0      17.0     0.0      2.0      0.0      5.0      2.0      0.0      0.0      1.0      0.0      8.0      0.0      0.0      4.0      9.0      0.0      1.0      0.0      43.0     0.0      0.0      3.0      0.0      0.0      2.0      8.0      54.0     0.0      1.0      3.0      0.0      3.0      0.0      0.0      0.0      0.0      0.0      4.0      6.0      1.0      0.0      1.0      0.0      0.0      0.0      5.0      0.0      0.0      0.0      0.0      0.0      1.0      3.0      4.0      0.0      1.0      5.0      0.0      0.0      10.0     5.0      44.0     1.0      0.0      0.0      11.0     0.0      0.0      0.0      0.0      23.0     37.0     4.0      1.0      0.0      83.0     5.0      4.0      2.0      7.0      4.0      0.0      0.0      1.0      3.0      1.0      132.0    106.0    78.0     12.0     0.0      15.0     6.0      131.0    19.0     6.0      19.0     2.0      1.0      7.0      78.0     224.0    3.0      222.0    574.0    0.0      18.0     3.0      0.0      0.0      4.0      0.0      46.0     111.0    15.0     1.0      2.0      55.0     102.0    0.0      0.0      26.0     0.0      4.0      0.0      0.0      13.0     15.0     28.0     6.0      8.0      29.0     2.0      88.0     82.0     6.0      11.0     7.0      0.0      0.0      5.0      2.0      6.0      19.0     1.0     
0.0      0.0      0.0      0.0      0.0      0.0      0.0      0.0      0.0      0.0      0.0      0.0      0.0      0.0      0.0      0.0      0.0      0.0      0.0      0.0      0.0      0.0      0.0      0.0      0.0      0.0      0.0      0.0      0.0      0.0      0.0      1.0      0.0      0.0      0.0      0.0      0.0      0.0      0.0      0.0      1.0      0.0      0.0      0.0      0.0      0.0      0.0      0.0      0.0      0.0      0.0      0.0      0.0      0.0      0.0      0.0      0.0      0.0      0.0      0.0      0.0      0.0      0.0      0.0      0.0      0.0      1.0      0.0      0.0      0.0      0.0      0.0      0.0      0.0      0.0      5.0      0.0      0.0      0.0      0.0      1.0      0.0      0.0      0.0      0.0      0.0      0.0      0.0      0.0      5.0      0.0      0.0      0.0      6.0      1.0      0.0      0.0      0.0      11.0     20.0     37.0     15.0     0.0      0.0      10.0     4.0      1.0      0.0      36.0     0.0      89.0     1.0      0.0      0.0      0.0      50.0     0.0      0.0      0.0      0.0      0.0      0.0      0.0      1.0      0.0      0.0      0.0      3.0      1.0      0.0      1.0      5.0      1.0      0.0      0.0      1.0      0.0      1.0      1.0      4.0      0.0      0.0      0.0      0.0      0.0      0.0      1.0      0.0      7.0      6.0     
2.0      7.0      0.0      0.0      0.0      1.0      0.0      1.0      0.0      0.0      2.0      0.0      0.0      1.0      0.0      1.0      0.0      0.0      12.0     3.0      1.0      0.0      0.0      4.0      0.0      0.0      0.0      1.0      2.0      1.0      1.0      8.0      0.0      8.0      5.0      0.0      2.0      5.0      0.0      1.0      0.0      0.0      12.0     0.0      0.0      1.0      0.0      0.0      7.0      0.0      0.0      2.0      0.0      0.0      0.0      0.0      0.0      8.0      4.0      4.0      0.0      0.0      0.0      0.0      0.0      2.0      2.0      0.0      0.0      0.0      1.0      0.0      2.0      10.0     0.0      21.0     15.0     0.0      1.0      0.0      3.0      0.0      0.0      0.0      0.0      0.0      0.0      12.0     4.0      23.0     4.0      4.0      1.0      85.0     12.0     4.0      1.0      0.0      29.0     41.0     6.0      5.0      1.0      1.0      16.0     1.0      19.0     0.0      30.0     18.0     1.0      529.0    129.0    7.0      0.0      3.0      0.0      6.0      63.0     0.0      2.0      2.0      6.0      28.0     5.0      36.0     4.0      10.0     10.0     0.0      2.0      1.0      18.0     25.0     54.0     113.0    2.0      6.0      2.0      5.0      3.0      0.0      1.0      1.0      1.0      0.0      4.0      263.0    83.0     0.0     
4.0      3.0      0.0      0.0      0.0      0.0      0.0      0.0      0.0      0.0      1.0      0.0      0.0      0.0      0.0      1.0      0.0      0.0      7.0      3.0      1.0      0.0      0.0      5.0      0.0      0.0      1.0      0.0      0.0      0.0      0.0      4.0      1.0      13.0     4.0      0.0      1.0      10.0     0.0      0.0      1.0      0.0      3.0      1.0      1.0      0.0      0.0      0.0      9.0      0.0      0.0      1.0      0.0      0.0      0.0      0.0      0.0      6.0      3.0      2.0      0.0      0.0      0.0      0.0      1.0      4.0      1.0      0.0      0.0      0.0      0.0      0.0      1.0      19.0     1.0      10.0     24.0     2.0      0.0      2.0      1.0      5.0      3.0      2.0      0.0      0.0      0.0      13.0     3.0      26.0     4.0      12.0     8.0      107.0    3.0      0.0      0.0      0.0      22.0     98.0     5.0      23.0     1.0      7.0      42.0     0.0      5.0      0.0      17.0     3.0      0.0      129.0    537.0    4.0      0.0      0.0      0.0      4.0      56.0     0.0      2.0      0.0      13.0     31.0     10.0     2.0      1.0      4.0      8.0      0.0      5.0      6.0      9.0      23.0     24.0     15.0     1.0      16.0     1.0      1.0      9.0      3.0      7.0      0.0      0.0      0.0      7.0      217.0    285.0    0.0     
0.0      0.0      2.0      0.0      0.0      0.0      0.0      0.0      0.0      0.0      0.0      0.0      0.0      0.0      0.0      1.0      0.0      0.0      0.0      0.0      0.0      0.0      0.0      0.0      0.0      0.0      0.0      0.0      1.0      0.0      0.0      0.0      0.0      0.0      0.0      0.0      0.0      0.0      0.0      0.0      0.0      0.0      0.0      0.0      0.0      0.0      0.0      0.0      0.0      0.0      0.0      0.0      0.0      0.0      0.0      0.0      0.0      0.0      0.0      0.0      0.0      0.0      0.0      0.0      0.0      0.0      0.0      0.0      0.0      2.0      0.0      0.0      0.0      0.0      0.0      1.0      3.0      0.0      0.0      3.0      0.0      0.0      0.0      0.0      0.0      0.0      0.0      13.0     63.0     0.0      4.0      0.0      0.0      21.0     0.0      0.0      0.0      0.0      0.0      13.0     0.0      0.0      0.0      2.0      0.0      0.0      0.0      0.0      0.0      0.0      0.0      7.0      4.0      78.0     22.0     0.0      0.0      5.0      1.0      0.0      0.0      0.0      4.0      1.0      24.0     0.0      3.0      2.0      1.0      4.0      0.0      1.0      4.0      5.0      0.0      3.0      0.0      1.0      0.0      0.0      0.0      0.0      0.0      0.0      0.0      0.0      0.0      5.0      14.0     0.0     
0.0      0.0      1.0      0.0      0.0      3.0      0.0      0.0      0.0      0.0      0.0      0.0      0.0      3.0      5.0      4.0      0.0      0.0      0.0      0.0      0.0      0.0      0.0      0.0      0.0      0.0      0.0      0.0      1.0      0.0      0.0      0.0      0.0      0.0      0.0      0.0      0.0      0.0      0.0      0.0      0.0      0.0      0.0      0.0      0.0      0.0      0.0      0.0      0.0      0.0      0.0      0.0      2.0      0.0      3.0      0.0      0.0      0.0      0.0      0.0      0.0      0.0      0.0      0.0      0.0      0.0      1.0      0.0      0.0      1.0      0.0      0.0      0.0      0.0      0.0      0.0      0.0      0.0      0.0      0.0      1.0      0.0      0.0      0.0      0.0      0.0      10.0     0.0      65.0     0.0      21.0     0.0      0.0      6.0      0.0      0.0      0.0      0.0      0.0      6.0      0.0      1.0      0.0      5.0      0.0      0.0      0.0      0.0      0.0      0.0      0.0      0.0      0.0      22.0     78.0     0.0      0.0      0.0      0.0      0.0      0.0      0.0      0.0      0.0      9.0      0.0      0.0      7.0      0.0      16.0     0.0      2.0      0.0      2.0      0.0      0.0      0.0      0.0      0.0      0.0      0.0      4.0      0.0      0.0      1.0      0.0      0.0      0.0      5.0      0.0     
2.0      0.0      0.0      0.0      0.0      0.0      0.0      0.0      0.0      0.0      0.0      0.0      0.0      0.0      0.0      0.0      0.0      0.0      0.0      0.0      0.0      0.0      0.0      2.0      0.0      0.0      0.0      0.0      0.0      2.0      0.0      1.0      0.0      0.0      0.0      0.0      0.0      0.0      0.0      0.0      0.0      0.0      0.0      0.0      0.0      0.0      0.0      0.0      0.0      0.0      0.0      0.0      0.0      0.0      0.0      0.0      0.0      0.0      0.0      0.0      0.0      0.0      0.0      0.0      1.0      0.0      1.0      0.0      0.0      0.0      0.0      2.0      0.0      0.0      0.0      27.0     1.0      0.0      22.0     0.0      2.0      0.0      0.0      0.0      0.0      0.0      1.0      2.0      2.0      38.0     3.0      18.0     2.0      7.0      1.0      0.0      0.0      0.0      37.0     53.0     110.0    49.0     9.0      0.0      33.0     7.0      6.0      0.0      61.0     4.0      50.0     3.0      0.0      0.0      0.0      237.0    0.0      5.0      0.0      0.0      1.0      0.0      0.0      24.0     8.0      0.0      3.0      13.0     11.0     0.0      4.0      29.0     1.0      3.0      1.0      1.0      0.0      7.0      2.0      6.0      0.0      0.0      4.0      0.0      0.0      0.0      3.0      2.0      63.0     5.0     
0.0      0.0      0.0      0.0      0.0      0.0      0.0      0.0      0.0      0.0      0.0      0.0      0.0      0.0      0.0      0.0      0.0      0.0      0.0      0.0      0.0      0.0      0.0      0.0      0.0      0.0      0.0      0.0      0.0      0.0      0.0      0.0      0.0      0.0      0.0      0.0      0.0      0.0      0.0      0.0      0.0      0.0      0.0      0.0      0.0      0.0      0.0      0.0      0.0      0.0      0.0      0.0      0.0      0.0      0.0      0.0      0.0      0.0      0.0      0.0      0.0      0.0      0.0      0.0      0.0      0.0      0.0      0.0      0.0      0.0      0.0      0.0      0.0      0.0      0.0      0.0      0.0      0.0      0.0      0.0      0.0      0.0      0.0      0.0      0.0      0.0      0.0      0.0      0.0      0.0      0.0      0.0      0.0      0.0      0.0      0.0      0.0      0.0      0.0      0.0      0.0      0.0      0.0      0.0      0.0      0.0      0.0      0.0      0.0      0.0      0.0      0.0      0.0      0.0      0.0      0.0      0.0      0.0      0.0      0.0      0.0      0.0      0.0      0.0      0.0      0.0      0.0      0.0      0.0      0.0      0.0      0.0      0.0      0.0      0.0      0.0      0.0      0.0      0.0      0.0      0.0      0.0      0.0      0.0      0.0      0.0      0.0      0.0      0.0      0.0     
2.0      21.0     0.0      0.0      0.0      2.0      0.0      1.0      0.0      71.0     33.0     0.0      0.0      0.0      0.0      2.0      0.0      0.0      14.0     44.0     0.0      82.0     3.0      5.0      0.0      0.0      0.0      0.0      0.0      0.0      0.0      15.0     0.0      8.0      13.0     0.0      10.0     2.0      0.0      0.0      0.0      0.0      157.0    31.0     133.0    0.0      0.0      0.0      0.0      0.0      22.0     62.0     0.0      0.0      0.0      0.0      0.0      4.0      1.0      0.0      4.0      36.0     0.0      0.0      1.0      1.0      196.0    0.0      0.0      0.0      1.0      0.0      0.0      2.0      0.0      25.0     29.0     0.0      9.0      2.0      8.0      0.0      0.0      1.0      87.0     9.0      0.0      7.0      6.0      30.0     10.0     10.0     2.0      29.0     55.0     1.0      23.0     0.0      48.0     2.0      9.0      3.0      0.0      3.0      1.0      8.0      26.0     0.0      47.0     46.0     0.0      6.0      4.0      5.0      0.0      5.0      0.0      668.0    15.0     78.0     0.0      0.0      1.0      27.0     10.0     1.0      117.0    3.0      13.0     1.0      1.0      1.0      13.0     17.0     1.0      0.0      26.0     7.0      9.0      13.0     4.0      214.0    0.0      0.0      0.0      0.0      1.0      5.0      19.0     0.0     
3.0      2.0      3.0      0.0      0.0      3.0      0.0      0.0      0.0      6.0      0.0      0.0      0.0      0.0      0.0      2.0      0.0      0.0      2.0      3.0      0.0      2.0      0.0      2.0      0.0      0.0      3.0      0.0      0.0      1.0      2.0      17.0     0.0      1.0      0.0      0.0      2.0      0.0      0.0      0.0      1.0      0.0      1.0      2.0      1.0      0.0      0.0      0.0      0.0      0.0      3.0      1.0      0.0      0.0      0.0      0.0      1.0      0.0      3.0      0.0      0.0      5.0      0.0      0.0      0.0      3.0      16.0     1.0      0.0      0.0      2.0      0.0      0.0      0.0      1.0      11.0     74.0     1.0      0.0      1.0      27.0     6.0      4.0      2.0      18.0     5.0      0.0      6.0      0.0      7.0      4.0      28.0     18.0     79.0     4.0      8.0      29.0     39.0     64.0     4.0      0.0      3.0      1.0      0.0      3.0      24.0     41.0     0.0      43.0     111.0    0.0      63.0     56.0     1.0      0.0      0.0      0.0      15.0     510.0    32.0     0.0      2.0      6.0      0.0      1.0      35.0     27.0     0.0      3.0      0.0      0.0      2.0      25.0     30.0     10.0     34.0     101.0    7.0      31.0     20.0     11.0     17.0     2.0      0.0      0.0      2.0      5.0      45.0     18.0     0.0     
0.0      20.0     2.0      0.0      0.0      1.0      0.0      0.0      1.0      72.0     7.0      0.0      0.0      0.0      1.0      5.0      1.0      0.0      8.0      3.0      0.0      26.0     2.0      2.0      0.0      0.0      1.0      0.0      0.0      0.0      0.0      3.0      0.0      4.0      6.0      0.0      13.0     0.0      0.0      0.0      1.0      0.0      19.0     22.0     25.0     1.0      0.0      0.0      1.0      1.0      25.0     15.0     0.0      0.0      0.0      0.0      1.0      0.0      0.0      0.0      8.0      34.0     1.0      0.0      0.0      0.0      122.0    0.0      0.0      0.0      0.0      0.0      0.0      0.0      1.0      10.0     2.0      0.0      0.0      2.0      4.0      3.0      2.0      8.0      145.0    97.0     0.0      0.0      0.0      2.0      5.0      5.0      0.0      3.0      38.0     2.0      48.0     58.0     16.0     4.0      2.0      1.0      0.0      1.0      4.0      1.0      8.0      0.0      11.0     15.0     0.0      0.0      0.0      0.0      0.0      0.0      0.0      78.0     32.0     299.0    0.0      0.0      0.0      0.0      0.0      3.0      11.0     0.0      4.0      0.0      1.0      3.0      0.0      5.0      0.0      2.0      65.0     0.0      2.0      2.0      37.0     142.0    0.0      0.0      0.0      0.0      12.0     0.0      1.0      0.0     
3.0      0.0      0.0      0.0      0.0      1.0      0.0      0.0      0.0      0.0      0.0      0.0      0.0      0.0      0.0      3.0      0.0      0.0      0.0      0.0      0.0      0.0      0.0      3.0      0.0      0.0      0.0      0.0      5.0      0.0      0.0      1.0      0.0      0.0      0.0      0.0      0.0      0.0      0.0      0.0      0.0      0.0      0.0      0.0      0.0      0.0      0.0      0.0      0.0      0.0      0.0      0.0      0.0      0.0      1.0      0.0      0.0      0.0      0.0      0.0      0.0      0.0      0.0      0.0      0.0      0.0      0.0      0.0      0.0      0.0      0.0      0.0      0.0      0.0      0.0      1.0      0.0      68.0     22.0     0.0      1.0      1.0      1.0      0.0      0.0      0.0      0.0      0.0      2.0      23.0     6.0      0.0      0.0      0.0      0.0      0.0      0.0      0.0      3.0      156.0    15.0     68.0     319.0    318.0    3.0      1.0      6.0      0.0      0.0      1.0      0.0      2.0      2.0      0.0      0.0      1.0      0.0      0.0      0.0      0.0      588.0    10.0     0.0      0.0      0.0      0.0      0.0      14.0     0.0      2.0      16.0     96.0     0.0      0.0      0.0      0.0      0.0      0.0      1.0      0.0      0.0      0.0      98.0     8.0      1.0      0.0      0.0      2.0      11.0     0.0     
5.0      0.0      6.0      0.0      0.0      2.0      0.0      0.0      0.0      0.0      0.0      1.0      0.0      0.0      0.0      4.0      0.0      0.0      0.0      0.0      0.0      0.0      0.0      5.0      0.0      0.0      1.0      0.0      4.0      1.0      0.0      2.0      0.0      0.0      0.0      0.0      0.0      0.0      0.0      0.0      0.0      0.0      0.0      0.0      0.0      0.0      0.0      0.0      0.0      0.0      0.0      0.0      0.0      0.0      0.0      0.0      0.0      0.0      0.0      0.0      0.0      0.0      0.0      0.0      3.0      1.0      0.0      0.0      0.0      1.0      0.0      0.0      0.0      0.0      0.0      3.0      0.0      101.0    0.0      1.0      3.0      5.0      22.0     1.0      0.0      0.0      0.0      0.0      0.0      5.0      19.0     0.0      0.0      1.0      0.0      0.0      0.0      0.0      5.0      3.0      8.0      103.0    2.0      1.0      180.0    3.0      5.0      0.0      0.0      2.0      0.0      2.0      0.0      0.0      0.0      0.0      0.0      0.0      2.0      0.0      10.0     310.0    0.0      0.0      0.0      0.0      0.0      0.0      5.0      1.0      6.0      1.0      0.0      0.0      0.0      0.0      0.0      0.0      1.0      2.0      0.0      6.0      23.0     0.0      0.0      0.0      17.0     2.0      6.0      0.0     
8.0      0.0      0.0      0.0      4.0      13.0     0.0      0.0      0.0      0.0      0.0      0.0      0.0      0.0      0.0      4.0      0.0      0.0      0.0      0.0      0.0      0.0      0.0      7.0      0.0      0.0      0.0      0.0      0.0      0.0      6.0      0.0      0.0      0.0      0.0      0.0      0.0      0.0      0.0      0.0      0.0      0.0      0.0      0.0      0.0      0.0      0.0      0.0      0.0      0.0      0.0      0.0      0.0      0.0      0.0      0.0      0.0      0.0      0.0      0.0      0.0      0.0      0.0      0.0      2.0      0.0      0.0      0.0      0.0      0.0      10.0     0.0      0.0      0.0      0.0      0.0      0.0      0.0      0.0      0.0      18.0     0.0      0.0      0.0      0.0      0.0      0.0      17.0     0.0      2.0      0.0      55.0     77.0     4.0      0.0      0.0      0.0      0.0      90.0     1.0      0.0      0.0      0.0      0.0      1.0      8.0      0.0      0.0      82.0     55.0     0.0      6.0      13.0     4.0      0.0      0.0      0.0      1.0      6.0      0.0      0.0      0.0      113.0    44.0     4.0      0.0      0.0      0.0      0.0      0.0      1.0      0.0      2.0      1.0      0.0      0.0      0.0      17.0     11.0     72.0     0.0      0.0      0.0      0.0      0.0      3.0      0.0      8.0      22.0     0.0     
6.0      1.0      0.0      0.0      2.0      7.0      0.0      0.0      0.0      0.0      0.0      0.0      0.0      0.0      0.0      5.0      0.0      0.0      2.0      1.0      0.0      0.0      0.0      5.0      2.0      0.0      0.0      0.0      0.0      0.0      3.0      1.0      0.0      0.0      0.0      0.0      0.0      0.0      0.0      0.0      0.0      0.0      2.0      0.0      0.0      0.0      0.0      0.0      0.0      0.0      0.0      0.0      0.0      0.0      0.0      0.0      0.0      1.0      0.0      0.0      0.0      0.0      0.0      0.0      1.0      1.0      0.0      0.0      0.0      0.0      5.0      0.0      0.0      3.0      0.0      17.0     26.0     0.0      3.0      0.0      20.0     1.0      1.0      1.0      0.0      0.0      1.0      5.0      20.0     135.0    17.0     109.0    65.0     174.0    5.0      0.0      0.0      0.0      59.0     78.0     7.0      26.0     0.0      5.0      25.0     9.0      5.0      1.0      267.0    102.0    1.0      28.0     31.0     1.0      0.0      24.0     0.0      27.0     0.0      0.0      0.0      0.0      44.0     503.0    49.0     0.0      7.0      52.0     21.0     7.0      3.0      9.0      17.0     84.0     7.0      3.0      0.0      47.0     14.0     32.0     9.0      1.0      0.0      2.0      1.0      3.0      1.0      26.0     161.0    1.0     
0.0      0.0      3.0      0.0      0.0      0.0      1.0      1.0      0.0      0.0      0.0      0.0      0.0      0.0      4.0      7.0      0.0      0.0      0.0      0.0      0.0      0.0      0.0      1.0      0.0      0.0      0.0      0.0      0.0      0.0      0.0      0.0      0.0      0.0      0.0      0.0      0.0      0.0      0.0      0.0      0.0      0.0      0.0      0.0      0.0      0.0      0.0      0.0      0.0      0.0      0.0      0.0      1.0      0.0      3.0      0.0      0.0      0.0      0.0      0.0      0.0      0.0      1.0      0.0      0.0      0.0      1.0      0.0      0.0      0.0      0.0      0.0      0.0      0.0      0.0      6.0      5.0      0.0      48.0     1.0      4.0      3.0      1.0      0.0      0.0      0.0      91.0     6.0      32.0     24.0     36.0     28.0     8.0      26.0     4.0      0.0      0.0      0.0      7.0      19.0     9.0      3.0      1.0      4.0      5.0      0.0      0.0      0.0      6.0      0.0      0.0      5.0      10.0     24.0     9.0      8.0      0.0      10.0     1.0      0.0      0.0      0.0      4.0      49.0     208.0    0.0      6.0      16.0     4.0      6.0      2.0      3.0      5.0      11.0     0.0      1.0      0.0      12.0     0.0      1.0      1.0      3.0      1.0      2.0      3.0      0.0      1.0      8.0      22.0     0.0     
0.0      0.0      0.0      0.0      0.0      0.0      0.0      0.0      0.0      1.0      0.0      0.0      0.0      0.0      0.0      0.0      0.0      0.0      1.0      0.0      0.0      0.0      0.0      0.0      0.0      0.0      0.0      0.0      0.0      0.0      0.0      0.0      0.0      1.0      0.0      0.0      0.0      0.0      0.0      0.0      1.0      0.0      6.0      0.0      2.0      0.0      0.0      0.0      0.0      0.0      0.0      1.0      0.0      0.0      0.0      0.0      0.0      0.0      0.0      0.0      0.0      0.0      0.0      0.0      0.0      0.0      1.0      0.0      0.0      0.0      0.0      0.0      0.0      0.0      1.0      0.0      32.0     0.0      0.0      0.0      0.0      0.0      0.0      0.0      2.0      0.0      0.0      0.0      0.0      0.0      0.0      0.0      0.0      43.0     2.0      25.0     0.0      2.0      0.0      1.0      0.0      0.0      0.0      0.0      1.0      0.0      0.0      0.0      0.0      0.0      0.0      36.0     2.0      0.0      0.0      0.0      0.0      1.0      35.0     3.0      0.0      0.0      0.0      0.0      0.0      129.0    7.0      0.0      0.0      0.0      0.0      1.0      12.0     6.0      11.0     66.0     30.0     0.0      0.0      0.0      2.0      2.0      0.0      0.0      0.0      0.0      0.0      9.0      2.0      0.0     
0.0      8.0      0.0      0.0      0.0      0.0      0.0      0.0      0.0      17.0     2.0      0.0      0.0      0.0      0.0      0.0      0.0      0.0      1.0      1.0      0.0      13.0     0.0      0.0      0.0      0.0      0.0      0.0      0.0      0.0      0.0      2.0      0.0      3.0      2.0      0.0      4.0      0.0      0.0      0.0      0.0      0.0      10.0     12.0     4.0      0.0      0.0      0.0      0.0      0.0      6.0      11.0     0.0      0.0      0.0      0.0      0.0      0.0      0.0      0.0      0.0      13.0     0.0      0.0      0.0      0.0      36.0     0.0      0.0      0.0      0.0      0.0      0.0      0.0      0.0      14.0     62.0     0.0      6.0      0.0      2.0      0.0      0.0      0.0      18.0     0.0      0.0      4.0      3.0      7.0      5.0      2.0      0.0      0.0      1.0      22.0     25.0     0.0      20.0     1.0      4.0      3.0      0.0      1.0      0.0      1.0      3.0      0.0      34.0     26.0     0.0      4.0      1.0      3.0      0.0      3.0      0.0      117.0    27.0     11.0     0.0      0.0      0.0      7.0      6.0      7.0      208.0    1.0      5.0      0.0      0.0      1.0      1.0      0.0      0.0      1.0      58.0     1.0      3.0      3.0      0.0      42.0     0.0      0.0      0.0      0.0      0.0      1.0      14.0     0.0     
5.0      0.0      1.0      1.0      14.0     25.0     8.0      9.0      0.0      0.0      0.0      30.0     1.0      33.0     106.0    29.0     0.0      0.0      0.0      0.0      0.0      0.0      0.0      7.0      0.0      0.0      0.0      0.0      27.0     1.0      1.0      0.0      0.0      0.0      0.0      0.0      0.0      0.0      2.0      8.0      0.0      0.0      0.0      0.0      0.0      0.0      0.0      0.0      0.0      8.0      0.0      0.0      58.0     5.0      5.0      0.0      0.0      0.0      0.0      0.0      0.0      0.0      9.0      0.0      0.0      0.0      3.0      0.0      7.0      1.0      1.0      1.0      0.0      0.0      0.0      0.0      7.0      2.0      0.0      2.0      6.0      4.0      11.0     0.0      0.0      0.0      28.0     0.0      72.0     537.0    101.0    7.0      1.0      35.0     1.0      0.0      0.0      0.0      0.0      29.0     6.0      21.0     9.0      86.0     15.0     0.0      0.0      0.0      1.0      0.0      3.0      10.0     4.0      2.0      7.0      13.0     0.0      3.0      0.0      0.0      14.0     0.0      0.0      52.0     16.0     0.0      1.0      695.0    7.0      37.0     0.0      16.0     4.0      14.0     0.0      0.0      0.0      37.0     0.0      0.0      3.0      26.0     10.0     70.0     13.0     0.0      4.0      7.0      18.0     0.0     
12.0     0.0      3.0      0.0      38.0     117.0    0.0      0.0      1.0      0.0      0.0      0.0      0.0      2.0      57.0     64.0     0.0      0.0      0.0      0.0      0.0      0.0      0.0      15.0     0.0      0.0      1.0      0.0      1.0      1.0      3.0      0.0      0.0      0.0      0.0      0.0      0.0      0.0      0.0      1.0      0.0      0.0      0.0      0.0      0.0      1.0      0.0      0.0      0.0      0.0      0.0      0.0      15.0     10.0     19.0     0.0      0.0      0.0      0.0      0.0      0.0      0.0      9.0      0.0      0.0      0.0      17.0     0.0      0.0      0.0      4.0      2.0      0.0      0.0      0.0      82.0     7.0      2.0      4.0      17.0     32.0     7.0      19.0     0.0      0.0      3.0      0.0      4.0      6.0      354.0    32.0     1.0      0.0      44.0     4.0      0.0      0.0      1.0      43.0     31.0     15.0     13.0     8.0      4.0      17.0     0.0      0.0      0.0      7.0      4.0      1.0      10.0     8.0      1.0      0.0      11.0     0.0      13.0     3.0      4.0      0.0      5.0      0.0      21.0     4.0      0.0      5.0      7.0      506.0    29.0     2.0      11.0     7.0      21.0     2.0      1.0      2.0      4.0      0.0      0.0      2.0      137.0    7.0      0.0      4.0      0.0      10.0     9.0      31.0     0.0     
0.0      0.0      2.0      0.0      0.0      0.0      1.0      3.0      0.0      0.0      0.0      1.0      0.0      3.0      4.0      48.0     0.0      0.0      0.0      0.0      0.0      0.0      0.0      0.0      0.0      0.0      2.0      0.0      8.0      0.0      0.0      0.0      0.0      0.0      0.0      0.0      0.0      0.0      0.0      0.0      0.0      0.0      0.0      0.0      0.0      1.0      0.0      0.0      0.0      0.0      0.0      0.0      3.0      0.0      11.0     0.0      1.0      0.0      0.0      0.0      0.0      0.0      0.0      0.0      0.0      0.0      12.0     0.0      1.0      0.0      0.0      0.0      0.0      0.0      0.0      3.0      1.0      0.0      1.0      4.0      1.0      12.0     8.0      0.0      1.0      0.0      14.0     2.0      25.0     155.0    213.0    3.0      1.0      10.0     2.0      0.0      0.0      0.0      1.0      6.0      0.0      0.0      0.0      31.0     6.0      0.0      0.0      0.0      1.0      0.0      0.0      0.0      0.0      4.0      16.0     0.0      0.0      1.0      0.0      0.0      2.0      1.0      0.0      7.0      6.0      0.0      0.0      37.0     29.0     329.0    0.0      3.0      1.0      8.0      0.0      0.0      0.0      2.0      0.0      0.0      1.0      11.0     0.0      11.0     11.0     0.0      5.0      0.0      5.0      0.0     
0.0      0.0      0.0      0.0      0.0      0.0      0.0      0.0      0.0      0.0      0.0      0.0      0.0      0.0      0.0      1.0      0.0      0.0      0.0      0.0      0.0      0.0      0.0      0.0      0.0      0.0      0.0      0.0      0.0      0.0      0.0      0.0      0.0      0.0      0.0      0.0      0.0      0.0      0.0      0.0      0.0      0.0      0.0      0.0      0.0      0.0      0.0      0.0      0.0      0.0      0.0      0.0      0.0      0.0      0.0      0.0      0.0      0.0      0.0      0.0      0.0      0.0      0.0      0.0      0.0      0.0      0.0      0.0      0.0      0.0      0.0      0.0      0.0      0.0      0.0      4.0      1.0      1.0      15.0     0.0      0.0      0.0      0.0      0.0      0.0      0.0      1.0      0.0      0.0      2.0      1.0      3.0      1.0      5.0      3.0      0.0      1.0      0.0      4.0      51.0     67.0     14.0     16.0     11.0     14.0     0.0      0.0      0.0      3.0      0.0      1.0      2.0      5.0      0.0      0.0      4.0      0.0      1.0      0.0      1.0      16.0     6.0      1.0      3.0      2.0      0.0      0.0      0.0      2.0      0.0      116.0    9.0      2.0      4.0      0.0      0.0      1.0      2.0      0.0      1.0      2.0      0.0      9.0      0.0      0.0      0.0      2.0      3.0      16.0     0.0     
20.0     0.0      0.0      3.0      1.0      5.0      0.0      0.0      10.0     0.0      2.0      2.0      0.0      0.0      0.0      1.0      1.0      1.0      3.0      5.0      0.0      0.0      0.0      21.0     11.0     2.0      3.0      0.0      4.0      6.0      3.0      20.0     0.0      2.0      1.0      0.0      0.0      4.0      0.0      0.0      3.0      0.0      0.0      0.0      0.0      0.0      0.0      0.0      10.0     5.0      0.0      0.0      0.0      0.0      0.0      0.0      1.0      1.0      9.0      0.0      0.0      0.0      0.0      1.0      5.0      2.0      28.0     0.0      1.0      0.0      2.0      6.0      0.0      20.0     0.0      24.0     0.0      7.0      7.0      3.0      7.0      1.0      1.0      2.0      6.0      0.0      0.0      0.0      5.0      36.0     4.0      3.0      1.0      54.0     4.0      0.0      0.0      0.0      25.0     225.0    28.0     477.0    59.0     172.0    28.0     5.0      46.0     0.0      41.0     13.0     5.0      1.0      6.0      1.0      2.0      29.0     0.0      1.0      2.0      3.0      96.0     1.0      0.0      9.0      3.0      1.0      1.0      16.0     11.0     3.0      9.0      730.0    0.0      57.0     0.0      1.0      0.0      7.0      5.0      4.0      17.0     10.0     70.0     7.0      0.0      1.0      4.0      1.0      37.0     4.0     
9.0      0.0      0.0      0.0      1.0      1.0      0.0      0.0      0.0      0.0      13.0     0.0      0.0      0.0      0.0      3.0      0.0      0.0      6.0      25.0     0.0      0.0      0.0      10.0     0.0      0.0      0.0      0.0      2.0      2.0      1.0      10.0     0.0      0.0      0.0      0.0      0.0      0.0      0.0      0.0      0.0      0.0      40.0     0.0      34.0     0.0      0.0      0.0      0.0      0.0      0.0      0.0      0.0      1.0      0.0      0.0      0.0      11.0     3.0      0.0      0.0      0.0      0.0      1.0      1.0      4.0      15.0     0.0      0.0      0.0      1.0      0.0      0.0      0.0      0.0      18.0     6.0      0.0      2.0      3.0      4.0      0.0      0.0      0.0      0.0      1.0      1.0      4.0      4.0      13.0     3.0      6.0      2.0      206.0    5.0      4.0      0.0      0.0      23.0     1.0      4.0      0.0      1.0      2.0      0.0      5.0      20.0     0.0      21.0     15.0     1.0      18.0     9.0      4.0      0.0      1.0      0.0      13.0     25.0     0.0      0.0      0.0      2.0      17.0     5.0      12.0     1.0      4.0      7.0      1.0      2.0      0.0      270.0    41.0     6.0      11.0     3.0      5.0      4.0      6.0      5.0      13.0     1.0      1.0      0.0      0.0      0.0      12.0     9.0      0.0     
14.0     1.0      0.0      2.0      0.0      1.0      0.0      1.0      0.0      28.0     49.0     0.0      0.0      1.0      0.0      2.0      0.0      1.0      16.0     85.0     0.0      1.0      1.0      23.0     2.0      0.0      3.0      0.0      5.0      1.0      2.0      18.0     0.0      3.0      1.0      0.0      3.0      5.0      0.0      0.0      0.0      0.0      34.0     1.0      30.0     1.0      0.0      1.0      3.0      0.0      0.0      3.0      0.0      0.0      0.0      0.0      1.0      15.0     16.0     0.0      0.0      1.0      0.0      0.0      3.0      19.0     91.0     0.0      1.0      0.0      2.0      0.0      4.0      12.0     0.0      32.0     0.0      0.0      3.0      13.0     7.0      0.0      0.0      0.0      22.0     1.0      2.0      4.0      19.0     55.0     21.0     8.0      2.0      503.0    138.0    3.0      1.0      1.0      40.0     12.0     10.0     22.0     1.0      2.0      6.0      6.0      36.0     0.0      80.0     28.0     0.0      25.0     23.0     5.0      2.0      3.0      0.0      17.0     30.0     5.0      0.0      0.0      1.0      84.0     11.0     6.0      0.0      14.0     21.0     8.0      4.0      57.0     41.0     686.0    4.0      15.0     1.0      12.0     4.0      13.0     72.0     70.0     1.0      1.0      1.0      0.0      0.0      17.0     74.0     0.0     
1.0      0.0      0.0      0.0      0.0      1.0      0.0      0.0      0.0      0.0      0.0      0.0      0.0      0.0      0.0      0.0      0.0      0.0      4.0      1.0      0.0      0.0      0.0      2.0      0.0      0.0      0.0      1.0      2.0      1.0      1.0      3.0      0.0      0.0      0.0      0.0      0.0      0.0      0.0      0.0      0.0      0.0      4.0      0.0      2.0      1.0      0.0      0.0      0.0      0.0      0.0      1.0      0.0      0.0      0.0      0.0      0.0      4.0      0.0      1.0      0.0      0.0      0.0      0.0      1.0      0.0      0.0      0.0      0.0      0.0      1.0      0.0      0.0      0.0      0.0      7.0      7.0      0.0      0.0      0.0      3.0      0.0      0.0      0.0      0.0      0.0      0.0      1.0      2.0      2.0      1.0      1.0      1.0      45.0     4.0      3.0      0.0      0.0      8.0      12.0     1.0      0.0      0.0      0.0      1.0      1.0      9.0      0.0      5.0      6.0      0.0      54.0     24.0     0.0      0.0      1.0      0.0      1.0      10.0     0.0      0.0      0.0      0.0      7.0      0.0      11.0     0.0      0.0      2.0      0.0      0.0      0.0      6.0      4.0      120.0    22.0     1.0      1.0      2.0      3.0      0.0      0.0      0.0      1.0      0.0      0.0      1.0      49.0     17.0     0.0     
0.0      2.0      0.0      0.0      0.0      0.0      0.0      1.0      0.0      1.0      0.0      0.0      0.0      1.0      0.0      1.0      0.0      0.0      3.0      0.0      0.0      0.0      0.0      2.0      0.0      0.0      0.0      0.0      0.0      0.0      0.0      4.0      0.0      1.0      2.0      0.0      1.0      0.0      0.0      1.0      0.0      0.0      9.0      0.0      2.0      0.0      0.0      0.0      2.0      0.0      0.0      3.0      0.0      0.0      0.0      0.0      0.0      1.0      0.0      0.0      0.0      0.0      0.0      0.0      1.0      0.0      3.0      0.0      0.0      0.0      0.0      0.0      2.0      0.0      0.0      3.0      28.0     0.0      0.0      0.0      0.0      1.0      0.0      0.0      3.0      0.0      0.0      1.0      3.0      1.0      1.0      0.0      0.0      51.0     12.0     21.0     0.0      0.0      5.0      7.0      2.0      0.0      0.0      0.0      2.0      1.0      8.0      0.0      4.0      8.0      1.0      113.0    15.0     3.0      0.0      1.0      0.0      0.0      34.0     2.0      0.0      0.0      0.0      3.0      1.0      66.0     1.0      0.0      1.0      0.0      0.0      1.0      11.0     15.0     22.0     214.0    16.0     0.0      0.0      1.0      0.0      3.0      0.0      0.0      0.0      0.0      1.0      45.0     9.0      0.0     
1.0      1.0      0.0      0.0      0.0      0.0      0.0      0.0      0.0      18.0     3.0      0.0      0.0      0.0      0.0      1.0      0.0      0.0      1.0      1.0      0.0      6.0      0.0      2.0      0.0      0.0      0.0      0.0      0.0      0.0      0.0      6.0      0.0      2.0      3.0      0.0      3.0      0.0      0.0      0.0      1.0      0.0      1.0      9.0      6.0      0.0      0.0      0.0      0.0      0.0      6.0      1.0      0.0      0.0      0.0      0.0      0.0      0.0      0.0      0.0      1.0      12.0     0.0      0.0      0.0      0.0      26.0     0.0      0.0      0.0      0.0      0.0      0.0      0.0      1.0      22.0     94.0     0.0      1.0      0.0      0.0      0.0      1.0      0.0      22.0     31.0     0.0      0.0      0.0      0.0      0.0      0.0      0.0      22.0     10.0     20.0     49.0     17.0     23.0     0.0      1.0      0.0      0.0      0.0      2.0      1.0      9.0      0.0      15.0     29.0     0.0      2.0      1.0      0.0      0.0      0.0      0.0      26.0     101.0    65.0     0.0      0.0      0.0      0.0      0.0      30.0     58.0     0.0      2.0      0.0      1.0      0.0      3.0      1.0      1.0      16.0     272.0    0.0      0.0      0.0      19.0     31.0     0.0      0.0      0.0      0.0      0.0      0.0      1.0      0.0     
12.0     0.0      1.0      0.0      9.0      11.0     0.0      0.0      0.0      0.0      0.0      2.0      2.0      5.0      20.0     7.0      0.0      0.0      0.0      1.0      0.0      0.0      0.0      27.0     0.0      0.0      0.0      0.0      1.0      0.0      1.0      0.0      0.0      0.0      0.0      0.0      0.0      0.0      2.0      3.0      0.0      0.0      0.0      0.0      0.0      0.0      0.0      0.0      1.0      4.0      0.0      0.0      2.0      9.0      0.0      0.0      0.0      0.0      1.0      0.0      0.0      0.0      26.0     0.0      0.0      0.0      0.0      0.0      0.0      0.0      1.0      0.0      0.0      0.0      0.0      0.0      7.0      0.0      0.0      4.0      1.0      0.0      0.0      0.0      0.0      0.0      0.0      22.0     17.0     153.0    4.0      29.0     24.0     28.0     1.0      0.0      0.0      0.0      84.0     18.0     1.0      11.0     1.0      0.0      7.0      0.0      0.0      0.0      19.0     2.0      1.0      6.0      16.0     1.0      0.0      7.0      0.0      7.0      7.0      0.0      0.0      0.0      17.0     47.0     12.0     0.0      1.0      37.0     4.0      2.0      2.0      7.0      5.0      12.0     1.0      0.0      0.0      243.0    0.0      8.0      0.0      3.0      0.0      0.0      0.0      0.0      1.0      7.0      33.0     0.0     
13.0     0.0      0.0      0.0      1.0      15.0     0.0      0.0      0.0      1.0      1.0      0.0      0.0      0.0      0.0      0.0      0.0      0.0      0.0      1.0      0.0      0.0      0.0      6.0      0.0      0.0      0.0      0.0      0.0      3.0      11.0     8.0      0.0      0.0      0.0      0.0      0.0      0.0      0.0      0.0      0.0      0.0      0.0      0.0      1.0      0.0      0.0      0.0      0.0      0.0      0.0      0.0      0.0      0.0      0.0      0.0      0.0      0.0      1.0      0.0      0.0      0.0      0.0      0.0      1.0      1.0      2.0      0.0      0.0      0.0      10.0     2.0      0.0      0.0      0.0      2.0      7.0      7.0      1.0      0.0      135.0    12.0     9.0      4.0      0.0      0.0      0.0      0.0      1.0      0.0      1.0      61.0     51.0     17.0     2.0      0.0      0.0      0.0      80.0     10.0     7.0      17.0     4.0      1.0      6.0      106.0    84.0     0.0      32.0     88.0     1.0      2.0      1.0      0.0      0.0      2.0      0.0      9.0      31.0     2.0      1.0      1.0      11.0     14.0     0.0      0.0      3.0      0.0      0.0      0.0      0.0      5.0      4.0      4.0      2.0      0.0      0.0      0.0      231.0    30.0     3.0      15.0     9.0      0.0      0.0      3.0      9.0      0.0      3.0      0.0     
52.0     0.0      0.0      0.0      16.0     50.0     0.0      0.0      0.0      0.0      0.0      0.0      0.0      0.0      0.0      6.0      0.0      0.0      0.0      0.0      0.0      0.0      0.0      18.0     0.0      0.0      0.0      0.0      0.0      0.0      29.0     0.0      0.0      0.0      0.0      0.0      0.0      0.0      0.0      0.0      0.0      0.0      0.0      0.0      0.0      0.0      0.0      0.0      0.0      0.0      0.0      0.0      0.0      0.0      0.0      0.0      0.0      0.0      0.0      0.0      0.0      0.0      0.0      0.0      5.0      0.0      0.0      0.0      0.0      0.0      23.0     0.0      0.0      0.0      0.0      59.0     8.0      0.0      2.0      0.0      60.0     0.0      0.0      0.0      0.0      1.0      0.0      3.0      0.0      1.0      1.0      49.0     76.0     33.0     1.0      0.0      1.0      0.0      323.0    12.0     4.0      6.0      1.0      1.0      4.0      43.0     2.0      0.0      102.0    82.0     4.0      5.0      1.0      0.0      0.0      6.0      0.0      13.0     20.0     2.0      0.0      2.0      72.0     32.0     1.0      0.0      3.0      0.0      0.0      0.0      1.0      4.0      6.0      13.0     3.0      1.0      0.0      8.0      30.0     330.0    2.0      0.0      0.0      0.0      1.0      4.0      1.0      1.0      22.0     0.0     
7.0      2.0      3.0      1.0      1.0      4.0      0.0      3.0      2.0      81.0     59.0     0.0      0.0      1.0      0.0      6.0      1.0      0.0      15.0     63.0     0.0      9.0      4.0      11.0     5.0      0.0      4.0      0.0      3.0      6.0      1.0      11.0     1.0      13.0     7.0      0.0      6.0      13.0     0.0      1.0      1.0      0.0      15.0     7.0      60.0     2.0      1.0      0.0      8.0      1.0      3.0      1.0      0.0      0.0      0.0      0.0      3.0      19.0     16.0     0.0      2.0      4.0      0.0      0.0      2.0      18.0     123.0    0.0      0.0      0.0      1.0      2.0      9.0      22.0     1.0      7.0      0.0      0.0      1.0      1.0      6.0      4.0      3.0      5.0      63.0     55.0     1.0      0.0      0.0      7.0      11.0     0.0      0.0      40.0     157.0    0.0      21.0     14.0     9.0      15.0     2.0      75.0     0.0      0.0      90.0     5.0      19.0     0.0      7.0      6.0      0.0      3.0      9.0      0.0      0.0      0.0      0.0      4.0      11.0     37.0     0.0      0.0      0.0      9.0      1.0      2.0      0.0      3.0      2.0      1.0      2.0      17.0     5.0      72.0     0.0      0.0      19.0     0.0      3.0      2.0      398.0    137.0    1.0      0.0      0.0      0.0      22.0     6.0      24.0     0.0     
18.0     39.0     4.0      0.0      58.0     169.0    2.0      1.0      13.0     242.0    116.0    2.0      1.0      2.0      79.0     135.0    1.0      0.0      23.0     117.0    0.0      116.0    10.0     18.0     9.0      0.0      19.0     0.0      1.0      6.0      2.0      7.0      1.0      17.0     11.0     0.0      35.0     0.0      0.0      0.0      3.0      0.0      115.0    75.0     165.0    2.0      0.0      0.0      3.0      2.0      69.0     50.0     11.0     24.0     44.0     0.0      10.0     2.0      29.0     0.0      15.0     99.0     10.0     0.0      0.0      31.0     583.0    0.0      1.0      0.0      5.0      4.0      1.0      15.0     3.0      10.0     11.0     0.0      1.0      17.0     112.0    71.0     84.0     55.0     251.0    93.0     17.0     0.0      0.0      155.0    55.0     4.0      4.0      73.0     172.0    1.0      15.0     21.0     12.0     24.0     3.0      32.0     0.0      1.0      111.0    14.0     16.0     0.0      4.0      11.0     0.0      0.0      3.0      0.0      4.0      0.0      0.0      214.0    17.0     142.0    0.0      6.0      0.0      1.0      3.0      2.0      42.0     26.0     137.0    11.0     0.0      10.0     13.0     70.0     0.0      3.0      31.0     3.0      15.0     0.0      137.0    1148.0   0.0      2.0      0.0      0.0      94.0     1.0      13.0     0.0     
9.0      0.0      2.0      0.0      0.0      0.0      0.0      0.0      0.0      0.0      0.0      0.0      0.0      0.0      0.0      5.0      0.0      0.0      0.0      1.0      0.0      0.0      0.0      7.0      0.0      0.0      0.0      0.0      3.0      1.0      0.0      9.0      0.0      0.0      0.0      0.0      0.0      0.0      0.0      0.0      0.0      0.0      0.0      0.0      0.0      1.0      0.0      0.0      0.0      0.0      0.0      0.0      0.0      0.0      0.0      0.0      0.0      0.0      1.0      0.0      0.0      0.0      0.0      0.0      2.0      1.0      1.0      0.0      0.0      1.0      0.0      1.0      0.0      0.0      0.0      11.0     1.0      47.0     7.0      0.0      6.0      0.0      0.0      0.0      1.0      0.0      1.0      0.0      0.0      31.0     1.0      5.0      1.0      2.0      1.0      0.0      0.0      0.0      11.0     119.0    36.0     146.0    256.0    123.0    28.0     9.0      21.0     0.0      1.0      7.0      0.0      1.0      7.0      0.0      0.0      4.0      0.0      0.0      2.0      0.0      98.0     23.0     0.0      0.0      1.0      0.0      0.0      10.0     7.0      0.0      9.0      70.0     1.0      1.0      0.0      0.0      0.0      0.0      9.0      0.0      1.0      0.0      555.0    10.0     0.0      0.0      0.0      2.0      9.0      1.0     
0.0      0.0      0.0      2.0      0.0      0.0      6.0      12.0     0.0      0.0      0.0      16.0     0.0      4.0      5.0      35.0     2.0      1.0      0.0      0.0      0.0      0.0      0.0      0.0      0.0      0.0      1.0      0.0      17.0     2.0      0.0      0.0      0.0      3.0      1.0      0.0      0.0      0.0      0.0      1.0      0.0      0.0      0.0      0.0      0.0      1.0      0.0      0.0      3.0      9.0      0.0      0.0      2.0      0.0      4.0      0.0      0.0      0.0      0.0      0.0      0.0      0.0      0.0      0.0      0.0      0.0      2.0      0.0      0.0      0.0      0.0      1.0      0.0      0.0      0.0      0.0      0.0      0.0      8.0      0.0      0.0      25.0     7.0      0.0      0.0      0.0      28.0     0.0      0.0      132.0    89.0     0.0      0.0      3.0      0.0      0.0      0.0      0.0      0.0      7.0      0.0      7.0      7.0      101.0    2.0      0.0      0.0      0.0      0.0      0.0      0.0      1.0      0.0      0.0      0.0      0.0      0.0      0.0      0.0      0.0      8.0      0.0      0.0      2.0      2.0      0.0      0.0      70.0     0.0      11.0     0.0      7.0      1.0      1.0      1.0      0.0      0.0      0.0      0.0      0.0      0.0      2.0      10.0     289.0    2.0      0.0      2.0      1.0      0.0      0.0     
0.0      0.0      1.0      1.0      0.0      0.0      0.0      1.0      0.0      0.0      0.0      1.0      0.0      0.0      0.0      1.0      0.0      0.0      0.0      0.0      0.0      0.0      0.0      0.0      0.0      0.0      0.0      0.0      9.0      0.0      0.0      0.0      0.0      0.0      0.0      0.0      0.0      0.0      0.0      0.0      0.0      0.0      0.0      0.0      0.0      0.0      0.0      0.0      0.0      1.0      0.0      0.0      0.0      0.0      0.0      0.0      0.0      0.0      0.0      0.0      0.0      0.0      0.0      0.0      0.0      0.0      0.0      0.0      0.0      2.0      0.0      0.0      0.0      0.0      0.0      3.0      0.0      0.0      7.0      0.0      0.0      0.0      5.0      0.0      0.0      0.0      6.0      0.0      2.0      49.0     87.0     0.0      0.0      1.0      0.0      0.0      0.0      0.0      3.0      0.0      0.0      0.0      2.0      135.0    0.0      0.0      0.0      0.0      0.0      0.0      0.0      1.0      0.0      0.0      1.0      0.0      0.0      0.0      0.0      0.0      1.0      0.0      0.0      1.0      3.0      0.0      0.0      13.0     4.0      11.0     0.0      0.0      0.0      1.0      0.0      0.0      0.0      0.0      0.0      1.0      0.0      0.0      0.0      2.0      178.0    0.0      0.0      0.0      0.0      0.0     
2.0      0.0      0.0      0.0      1.0      2.0      0.0      0.0      0.0      0.0      0.0      0.0      0.0      0.0      0.0      0.0      0.0      0.0      0.0      0.0      0.0      0.0      0.0      1.0      0.0      0.0      0.0      0.0      0.0      0.0      1.0      0.0      0.0      0.0      0.0      0.0      0.0      0.0      0.0      0.0      0.0      0.0      0.0      0.0      0.0      0.0      0.0      0.0      0.0      0.0      0.0      0.0      0.0      0.0      0.0      0.0      0.0      0.0      0.0      0.0      0.0      0.0      0.0      0.0      0.0      0.0      0.0      0.0      0.0      0.0      2.0      0.0      0.0      0.0      0.0      1.0      0.0      0.0      0.0      0.0      15.0     1.0      1.0      0.0      0.0      0.0      0.0      0.0      0.0      0.0      1.0      1.0      2.0      0.0      1.0      0.0      0.0      0.0      3.0      2.0      0.0      1.0      0.0      0.0      1.0      14.0     3.0      0.0      5.0      5.0      0.0      0.0      0.0      0.0      0.0      0.0      0.0      0.0      2.0      0.0      0.0      0.0      3.0      3.0      0.0      0.0      0.0      0.0      0.0      0.0      0.0      1.0      0.0      0.0      0.0      0.0      0.0      0.0      3.0      4.0      0.0      0.0      0.0      0.0      0.0      15.0     2.0      0.0      1.0      0.0     
2.0      0.0      5.0      0.0      1.0      1.0      0.0      0.0      1.0      0.0      0.0      0.0      2.0      0.0      2.0      4.0      4.0      2.0      0.0      0.0      0.0      0.0      0.0      7.0      1.0      0.0      0.0      1.0      4.0      2.0      2.0      2.0      3.0      9.0      0.0      0.0      0.0      0.0      0.0      0.0      10.0     0.0      0.0      0.0      0.0      1.0      0.0      2.0      6.0      3.0      0.0      0.0      0.0      0.0      0.0      0.0      0.0      0.0      0.0      0.0      0.0      0.0      2.0      0.0      1.0      0.0      3.0      1.0      0.0      0.0      2.0      1.0      0.0      4.0      8.0      4.0      0.0      0.0      1.0      14.0     71.0     102.0    116.0    63.0     11.0     0.0      5.0      0.0      0.0      21.0     70.0     0.0      0.0      1.0      0.0      0.0      8.0      11.0     3.0      40.0     8.0      1.0      0.0      0.0      336.0    12.0     15.0     0.0      5.0      2.0      1.0      4.0      7.0      0.0      0.0      3.0      0.0      1.0      5.0      12.0     0.0      17.0     0.0      1.0      1.0      0.0      0.0      4.0      10.0     5.0      2.0      4.0      0.0      0.0      1.0      1.0      0.0      1.0      9.0      1.0      22.0     94.0     0.0      2.0      0.0      2.0      382.0    7.0      48.0     0.0     
0.0      2.0      0.0      0.0      0.0      0.0      0.0      1.0      0.0      0.0      3.0      0.0      0.0      0.0      0.0      1.0      0.0      0.0      13.0     5.0      1.0      0.0      0.0      2.0      0.0      0.0      0.0      0.0      0.0      0.0      0.0      6.0      0.0      12.0     6.0      0.0      2.0      8.0      0.0      0.0      0.0      0.0      9.0      0.0      1.0      0.0      0.0      0.0      9.0      0.0      0.0      2.0      0.0      0.0      0.0      0.0      0.0      9.0      4.0      4.0      1.0      0.0      0.0      0.0      1.0      3.0      1.0      0.0      0.0      0.0      0.0      0.0      2.0      13.0     0.0      14.0     11.0     0.0      0.0      2.0      1.0      2.0      0.0      0.0      0.0      0.0      0.0      12.0     3.0      24.0     6.0      3.0      1.0      73.0     5.0      2.0      0.0      0.0      14.0     58.0     3.0      8.0      1.0      2.0      28.0     0.0      3.0      0.0      17.0     6.0      0.0      263.0    217.0    5.0      0.0      2.0      0.0      5.0      45.0     0.0      2.0      2.0      8.0      26.0     8.0      9.0      1.0      7.0      9.0      0.0      3.0      1.0      12.0     17.0     49.0     45.0     0.0      7.0      0.0      1.0      6.0      1.0      2.0      1.0      0.0      0.0      7.0      438.0    115.0    0.0     
10.0     3.0      0.0      0.0      0.0      3.0      0.0      1.0      0.0      0.0      2.0      0.0      0.0      0.0      4.0      7.0      3.0      2.0      14.0     8.0      0.0      0.0      0.0      12.0     1.0      1.0      3.0      0.0      2.0      4.0      0.0      8.0      5.0      37.0     3.0      0.0      2.0      7.0      0.0      0.0      8.0      0.0      7.0      2.0      0.0      1.0      0.0      0.0      20.0     2.0      0.0      0.0      0.0      0.0      0.0      0.0      0.0      13.0     4.0      2.0      0.0      0.0      2.0      0.0      3.0      5.0      3.0      0.0      0.0      0.0      2.0      2.0      2.0      25.0     7.0      63.0     38.0     2.0      25.0     4.0      9.0      2.0      7.0      5.0      0.0      1.0      2.0      11.0     15.0     77.0     11.0     48.0     27.0     246.0    8.0      1.0      1.0      0.0      113.0    535.0    78.0     113.0    24.0     16.0     143.0    6.0      18.0     0.0      326.0    19.0     7.0      83.0     285.0    14.0     5.0      63.0     0.0      19.0     18.0     1.0      11.0     6.0      22.0     161.0    22.0     2.0      14.0     18.0     31.0     5.0      16.0     37.0     9.0      74.0     17.0     9.0      1.0      33.0     3.0      22.0     24.0     13.0     9.0      0.0      0.0      1.0      48.0     115.0    1274.0   6.0     
1.0      0.0      0.0      0.0      0.0      0.0      0.0      0.0      0.0      0.0      0.0      0.0      0.0      0.0      0.0      0.0      0.0      0.0      0.0      0.0      0.0      0.0      0.0      0.0      0.0      0.0      0.0      0.0      0.0      0.0      0.0      0.0      0.0      0.0      0.0      0.0      0.0      0.0      0.0      0.0      0.0      0.0      0.0      0.0      0.0      0.0      0.0      0.0      0.0      0.0      0.0      0.0      0.0      0.0      0.0      0.0      0.0      0.0      0.0      0.0      0.0      0.0      0.0      0.0      0.0      0.0      0.0      0.0      0.0      0.0      0.0      0.0      0.0      0.0      0.0      0.0      0.0      0.0      0.0      0.0      0.0      0.0      0.0      0.0      0.0      0.0      0.0      0.0      0.0      0.0      0.0      0.0      0.0      0.0      0.0      0.0      0.0      0.0      0.0      9.0      0.0      8.0      1.0      0.0      3.0      0.0      2.0      2.0      21.0     1.0      6.0      0.0      0.0      0.0      0.0      5.0      0.0      0.0      0.0      0.0      0.0      0.0      0.0      1.0      0.0      0.0      0.0      0.0      0.0      0.0      0.0      4.0      0.0      0.0      0.0      0.0      0.0      0.0      0.0      0.0      0.0      0.0      1.0      0.0      0.0      0.0      0.0      0.0      6.0      25.0    
