1078.0   10.0     2.0      0.0      290.0    84.0     14.0     5.0      11.0     33.0     26.0     0.0      12.0     3.0      56.0     80.0     23.0     41.0     19.0     5.0      0.0      68.0     23.0     396.0    15.0     7.0      19.0     5.0      2.0      73.0     324.0    390.0    0.0      16.0     60.0     2.0      0.0      5.0      7.0      0.0      5.0      0.0      79.0     84.0     111.0    2.0      9.0      28.0     19.0     2.0      12.0     46.0     7.0      9.0      7.0      0.0      5.0      6.0      23.0     9.0      12.0     75.0     10.0     13.0     17.0     31.0     29.0     10.0     0.0      0.0      29.0     2.0      9.0      7.0      0.0      45.0     0.0      0.0      0.0      51.0     32.0     2.0      1.0      0.0      0.0      0.0      0.0      0.0      0.0      0.0      49.0     0.0      2.0      0.0      0.0      0.0      0.0      4.0      39.0     0.0      0.0      0.0      0.0      0.0      0.0      22.0     20.0     0.0      0.0      4.0      0.0      0.0      0.0      0.0      0.0      0.0      0.0      0.0      4.0      1.0      0.0      0.0      0.0      0.0      0.0      0.0      0.0      0.0      0.0      0.0      0.0      0.0      0.0      0.0      0.0      0.0      0.0      0.0      19.0     3.0      0.0      2.0      0.0      0.0      0.0      24.0     0.0      0.0      0.0      0.0     
10.0     446.0    0.0      0.0      5.0      2.0      3.0      0.0      0.0      0.0      0.0      0.0      0.0      1.0      11.0     24.0     18.0     1.0      74.0     1.0      69.0     21.0     11.0     3.0      1.0      1.0      0.0      0.0      0.0      0.0      4.0      17.0     0.0      71.0     44.0     0.0      22.0     18.0     0.0      0.0      0.0      0.0      46.0     61.0     23.0     0.0      0.0      0.0      80.0     1.0      37.0     163.0    1.0      4.0      1.0      0.0      0.0      21.0     42.0     17.0     51.0     74.0     0.0      0.0      0.0      1.0      2.0      0.0      0.0      0.0      1.0      0.0      25.0     35.0     0.0      0.0      0.0      0.0      0.0      0.0      3.0      0.0      0.0      0.0      0.0      0.0      0.0      0.0      0.0      0.0      0.0      0.0      0.0      0.0      0.0      0.0      0.0      0.0      1.0      0.0      0.0      0.0      0.0      0.0      0.0      1.0      0.0      0.0      0.0      0.0      0.0      0.0      0.0      0.0      0.0      0.0      0.0      0.0      0.0      0.0      0.0      0.0      0.0      0.0      0.0      0.0      0.0      0.0      0.0      0.0      0.0      0.0      0.0      0.0      0.0      0.0      0.0      0.0      1.0      0.0      0.0      0.0      0.0      0.0      0.0      0.0      0.0      0.0      0.0      0.0     
2.0      0.0      998.0    0.0      2.0      2.0      9.0      44.0     0.0      0.0      0.0      0.0      0.0      0.0      8.0      183.0    29.0     0.0      0.0      0.0      1.0      1.0      0.0      0.0      8.0      3.0      7.0      47.0     95.0     14.0     0.0      2.0      0.0      4.0      2.0      3.0      0.0      17.0     0.0      0.0      1.0      0.0      0.0      0.0      0.0      66.0     167.0    0.0      3.0      0.0      0.0      0.0      0.0      2.0      1.0      1.0      4.0      0.0      0.0      1.0      0.0      1.0      0.0      0.0      0.0      0.0      6.0      27.0     1.0      1.0      0.0      0.0      7.0      9.0      0.0      0.0      0.0      8.0      0.0      1.0      0.0      0.0      1.0      1.0      6.0      0.0      0.0      0.0      1.0      1.0      24.0     0.0      0.0      0.0      0.0      0.0      0.0      2.0      0.0      0.0      0.0      17.0     9.0      43.0     29.0     0.0      0.0      0.0      0.0      0.0      0.0      0.0      0.0      0.0      0.0      0.0      0.0      0.0      2.0      2.0      7.0      18.0     0.0      0.0      1.0      0.0      0.0      0.0      0.0      0.0      0.0      1.0      0.0      0.0      0.0      0.0      0.0      0.0      0.0      0.0      0.0      27.0     6.0      0.0      0.0      0.0      8.0      0.0      0.0      0.0     
0.0      0.0      0.0      342.0    0.0      0.0      0.0      0.0      0.0      0.0      0.0      112.0    0.0      0.0      7.0      30.0     28.0     2.0      1.0      0.0      0.0      3.0      0.0      0.0      16.0     130.0    23.0     15.0     60.0     13.0     1.0      2.0      0.0      4.0      1.0      11.0     1.0      27.0     0.0      0.0      21.0     0.0      5.0      0.0      2.0      13.0     5.0      0.0      25.0     74.0     0.0      5.0      4.0      2.0      5.0      6.0      21.0     0.0      0.0      1.0      0.0      2.0      0.0      1.0      0.0      0.0      0.0      16.0     3.0      0.0      0.0      0.0      9.0      29.0     0.0      0.0      0.0      0.0      0.0      0.0      0.0      0.0      0.0      0.0      0.0      0.0      1.0      0.0      0.0      0.0      0.0      0.0      0.0      0.0      0.0      0.0      0.0      0.0      0.0      0.0      0.0      0.0      0.0      1.0      0.0      0.0      0.0      0.0      0.0      0.0      0.0      0.0      0.0      0.0      0.0      0.0      0.0      0.0      0.0      0.0      0.0      0.0      0.0      0.0      1.0      0.0      0.0      0.0      0.0      0.0      0.0      0.0      0.0      0.0      0.0      0.0      0.0      0.0      0.0      0.0      0.0      0.0      0.0      1.0      0.0      0.0      0.0      0.0      0.0      0.0     
290.0    5.0      2.0      0.0      1202.0   138.0    33.0     8.0      18.0     34.0     8.0      0.0      25.0     4.0      54.0     384.0    16.0     9.0      13.0     5.0      0.0      26.0     0.0      19.0     5.0      0.0      8.0      5.0      4.0      51.0     25.0     73.0     0.0      6.0      11.0     1.0      0.0      2.0      11.0     0.0      1.0      0.0      30.0     10.0     26.0     2.0      2.0      6.0      16.0     3.0      2.0      30.0     12.0     36.0     3.0      0.0      1.0      10.0     25.0     4.0      3.0      14.0     17.0     9.0      6.0      14.0     40.0     8.0      0.0      1.0      32.0     5.0      2.0      3.0      0.0      70.0     0.0      0.0      0.0      223.0    151.0    0.0      1.0      0.0      0.0      0.0      0.0      0.0      0.0      2.0      213.0    0.0      1.0      0.0      0.0      0.0      0.0      3.0      21.0     0.0      0.0      0.0      0.0      0.0      1.0      10.0     0.0      0.0      0.0      3.0      0.0      0.0      0.0      0.0      0.0      0.0      0.0      0.0      3.0      0.0      0.0      0.0      0.0      0.0      0.0      0.0      0.0      1.0      2.0      1.0      0.0      0.0      0.0      0.0      0.0      0.0      0.0      1.0      10.0     1.0      0.0      99.0     0.0      0.0      0.0      6.0      1.0      0.0      0.0      0.0     
84.0     2.0      2.0      0.0      138.0    990.0    182.0    53.0     70.0     69.0     2.0      2.0      3.0      17.0     53.0     566.0    12.0     11.0     3.0      2.0      0.0      4.0      7.0      163.0    1.0      1.0      7.0      2.0      0.0      125.0    113.0    106.0    0.0      6.0      9.0      0.0      0.0      2.0      2.0      4.0      0.0      0.0      6.0      21.0     9.0      1.0      9.0      2.0      14.0     4.0      3.0      7.0      9.0      17.0     10.0     0.0      0.0      1.0      3.0      0.0      1.0      3.0      9.0      80.0     4.0      6.0      226.0    3.0      0.0      0.0      175.0    36.0     0.0      1.0      0.0      35.0     0.0      0.0      0.0      126.0    208.0    4.0      1.0      0.0      0.0      0.0      4.0      0.0      21.0     16.0     187.0    4.0      1.0      0.0      0.0      0.0      0.0      22.0     104.0    0.0      0.0      0.0      0.0      0.0      7.0      107.0    0.0      0.0      0.0      19.0     0.0      1.0      0.0      0.0      0.0      0.0      0.0      1.0      20.0     0.0      0.0      0.0      0.0      0.0      2.0      1.0      0.0      37.0     10.0     14.0     0.0      0.0      0.0      0.0      0.0      0.0      1.0      6.0      120.0    3.0      1.0      163.0    0.0      0.0      0.0      47.0     3.0      0.0      0.0      0.0     
14.0     3.0      9.0      0.0      33.0     182.0    738.0    175.0    103.0    82.0     0.0      4.0      1.0      5.0      30.0     453.0    18.0     2.0      3.0      1.0      0.0      8.0      6.0      10.0     0.0      0.0      5.0      0.0      1.0      238.0    12.0     7.0      0.0      3.0      0.0      0.0      0.0      1.0      3.0      1.0      0.0      0.0      7.0      3.0      6.0      0.0      30.0     1.0      17.0     5.0      0.0      6.0      1.0      1.0      8.0      0.0      0.0      1.0      6.0      0.0      0.0      3.0      0.0      7.0      0.0      1.0      139.0    0.0      1.0      0.0      12.0     103.0    2.0      1.0      0.0      1.0      0.0      0.0      0.0      2.0      0.0      0.0      0.0      1.0      2.0      0.0      2.0      0.0      2.0      14.0     18.0     0.0      0.0      0.0      0.0      0.0      0.0      0.0      1.0      4.0      0.0      1.0      0.0      2.0      7.0      0.0      0.0      0.0      0.0      0.0      0.0      0.0      0.0      0.0      0.0      0.0      0.0      0.0      0.0      2.0      0.0      0.0      0.0      0.0      1.0      0.0      0.0      5.0      1.0      4.0      0.0      6.0      0.0      0.0      0.0      0.0      0.0      0.0      0.0      0.0      0.0      37.0     0.0      4.0      0.0      0.0      4.0      0.0      0.0      0.0     
5.0      0.0      44.0     0.0      8.0      53.0     175.0    543.0    86.0     17.0     0.0      7.0      0.0      1.0      5.0      248.0    10.0     1.0      0.0      0.0      0.0      3.0      2.0      6.0      0.0      0.0      3.0      1.0      10.0     167.0    5.0      4.0      0.0      3.0      1.0      0.0      0.0      2.0      1.0      0.0      0.0      0.0      5.0      1.0      0.0      0.0      81.0     0.0      10.0     6.0      0.0      4.0      0.0      0.0      1.0      0.0      0.0      0.0      0.0      0.0      0.0      1.0      0.0      4.0      0.0      0.0      61.0     1.0      5.0      2.0      4.0      82.0     2.0      1.0      0.0      0.0      0.0      0.0      1.0      0.0      0.0      2.0      2.0      1.0      0.0      0.0      1.0      0.0      0.0      2.0      4.0      1.0      1.0      0.0      0.0      0.0      0.0      1.0      0.0      3.0      1.0      1.0      2.0      14.0     3.0      0.0      0.0      0.0      2.0      0.0      0.0      0.0      0.0      0.0      0.0      0.0      0.0      0.0      0.0      0.0      2.0      0.0      0.0      3.0      3.0      0.0      0.0      0.0      0.0      0.0      0.0      4.0      0.0      0.0      0.0      0.0      0.0      0.0      0.0      0.0      0.0      3.0      0.0      3.0      1.0      0.0      3.0      0.0      2.0      0.0     
11.0     0.0      0.0      0.0      18.0     70.0     103.0    86.0     222.0    75.0     0.0      1.0      0.0      0.0      2.0      51.0     2.0      0.0      0.0      0.0      0.0      0.0      2.0      10.0     0.0      0.0      1.0      0.0      0.0      153.0    9.0      8.0      0.0      15.0     0.0      1.0      0.0      0.0      0.0      0.0      3.0      0.0      0.0      0.0      1.0      0.0      8.0      1.0      6.0      2.0      0.0      0.0      0.0      0.0      2.0      0.0      0.0      0.0      0.0      0.0      0.0      0.0      0.0      5.0      0.0      0.0      109.0    0.0      0.0      0.0      5.0      52.0     0.0      9.0      1.0      0.0      0.0      0.0      0.0      0.0      0.0      0.0      0.0      0.0      0.0      0.0      0.0      0.0      1.0      2.0      6.0      0.0      0.0      0.0      0.0      0.0      0.0      0.0      0.0      0.0      0.0      0.0      0.0      0.0      0.0      0.0      0.0      0.0      1.0      0.0      0.0      0.0      0.0      0.0      0.0      0.0      0.0      0.0      0.0      0.0      0.0      0.0      0.0      1.0      0.0      0.0      0.0      1.0      1.0      1.0      0.0      0.0      0.0      0.0      0.0      0.0      0.0      0.0      0.0      0.0      0.0      3.0      0.0      0.0      0.0      0.0      0.0      0.0      1.0      0.0     
33.0     0.0      0.0      0.0      34.0     69.0     82.0     17.0     75.0     633.0    75.0     1.0      0.0      2.0      6.0      94.0     15.0     2.0      8.0      44.0     0.0      87.0     60.0     9.0      1.0      0.0      3.0      0.0      0.0      179.0    12.0     39.0     0.0      29.0     3.0      5.0      2.0      4.0      0.0      1.0      7.0      0.0      32.0     22.0     188.0    0.0      1.0      0.0      16.0     3.0      0.0      4.0      3.0      1.0      1.0      0.0      1.0      0.0      5.0      0.0      0.0      10.0     0.0      3.0      1.0      100.0    361.0    0.0      0.0      0.0      5.0      3.0      3.0      19.0     0.0      1.0      0.0      2.0      0.0      0.0      2.0      2.0      0.0      0.0      20.0     44.0     0.0      0.0      1.0      6.0      21.0     1.0      0.0      10.0     55.0     0.0      18.0     4.0      0.0      0.0      0.0      4.0      0.0      1.0      14.0     1.0      1.0      0.0      0.0      1.0      0.0      0.0      3.0      0.0      0.0      0.0      0.0      100.0    2.0      129.0    0.0      1.0      0.0      0.0      0.0      1.0      8.0      1.0      2.0      6.0      0.0      1.0      0.0      6.0      0.0      0.0      13.0     0.0      1.0      0.0      24.0     207.0    0.0      0.0      0.0      0.0      6.0      2.0      2.0      0.0     
26.0     0.0      0.0      0.0      8.0      2.0      0.0      0.0      0.0      75.0     695.0    0.0      6.0      0.0      9.0      11.0     9.0      2.0      3.0      276.0    0.0      149.0    15.0     21.0     6.0      1.0      2.0      0.0      0.0      43.0     14.0     20.0     2.0      30.0     6.0      3.0      13.0     12.0     5.0      0.0      0.0      0.0      80.0     7.0      430.0    0.0      1.0      1.0      23.0     1.0      0.0      0.0      0.0      4.0      0.0      2.0      2.0      1.0      5.0      0.0      0.0      85.0     1.0      1.0      0.0      248.0    164.0    0.0      0.0      0.0      1.0      0.0      13.0     7.0      5.0      1.0      0.0      0.0      0.0      0.0      1.0      0.0      0.0      0.0      5.0      65.0     0.0      0.0      0.0      0.0      1.0      0.0      0.0      20.0     112.0    0.0      14.0     1.0      0.0      0.0      0.0      0.0      0.0      0.0      0.0      1.0      3.0      0.0      0.0      0.0      0.0      6.0      1.0      0.0      0.0      0.0      0.0      57.0     0.0      40.0     0.0      0.0      0.0      0.0      0.0      0.0      3.0      0.0      0.0      0.0      0.0      0.0      8.0      19.0     0.0      1.0      4.0      0.0      2.0      0.0      12.0     117.0    0.0      0.0      0.0      1.0      0.0      9.0      0.0      0.0     
0.0      0.0      0.0      112.0    0.0      2.0      4.0      7.0      1.0      1.0      0.0      1493.0   0.0      19.0     188.0    738.0    6.0      1.0      0.0      0.0      0.0      2.0      0.0      0.0      61.0     90.0     73.0     25.0     35.0     7.0      1.0      2.0      0.0      7.0      0.0      16.0     1.0      41.0     0.0      39.0     25.0     0.0      5.0      0.0      2.0      4.0      1.0      0.0      6.0      275.0    0.0      3.0      118.0    8.0      172.0    2.0      42.0     0.0      0.0      0.0      0.0      0.0      2.0      1.0      0.0      1.0      0.0      45.0     307.0    21.0     0.0      0.0      9.0      46.0     0.0      0.0      0.0      0.0      1.0      0.0      9.0      13.0     4.0      0.0      0.0      0.0      22.0     1.0      2.0      19.0     34.0     4.0      0.0      0.0      0.0      0.0      0.0      0.0      0.0      6.0      2.0      0.0      1.0      17.0     0.0      0.0      0.0      0.0      2.0      0.0      1.0      0.0      0.0      0.0      0.0      2.0      0.0      0.0      0.0      0.0      0.0      0.0      0.0      5.0      12.0     0.0      0.0      2.0      3.0      0.0      0.0      5.0      0.0      0.0      0.0      0.0      0.0      2.0      0.0      0.0      0.0      2.0      1.0      13.0     0.0      0.0      0.0      0.0      1.0      0.0     
12.0     0.0      0.0      0.0      25.0     3.0      1.0      0.0      0.0      0.0      6.0      0.0      140.0    27.0     29.0     21.0     6.0      8.0      3.0      0.0      0.0      5.0      0.0      41.0     1.0      0.0      1.0      0.0      0.0      1.0      0.0      0.0      0.0      0.0      2.0      0.0      0.0      0.0      66.0     0.0      0.0      0.0      8.0      1.0      12.0     0.0      0.0      15.0     5.0      13.0     0.0      3.0      0.0      6.0      0.0      0.0      0.0      0.0      3.0      0.0      0.0      3.0      33.0     0.0      5.0      2.0      0.0      1.0      0.0      0.0      0.0      0.0      0.0      1.0      0.0      0.0      0.0      0.0      0.0      1.0      2.0      0.0      0.0      0.0      0.0      0.0      0.0      0.0      0.0      0.0      1.0      0.0      0.0      0.0      0.0      0.0      0.0      0.0      0.0      0.0      0.0      0.0      0.0      0.0      0.0      0.0      0.0      0.0      0.0      0.0      0.0      0.0      0.0      0.0      0.0      0.0      0.0      0.0      0.0      0.0      0.0      0.0      0.0      0.0      0.0      0.0      0.0      0.0      1.0      0.0      0.0      0.0      0.0      0.0      0.0      0.0      0.0      0.0      0.0      0.0      0.0      2.0      0.0      0.0      0.0      0.0      0.0      0.0      0.0      0.0     
3.0      1.0      0.0      0.0      4.0      17.0     5.0      1.0      0.0      2.0      0.0      19.0     27.0     475.0    61.0     253.0    27.0     27.0     3.0      1.0      0.0      9.0      0.0      1.0      6.0      1.0      1.0      1.0      0.0      7.0      0.0      0.0      0.0      7.0      6.0      0.0      0.0      1.0      35.0     199.0    0.0      0.0      8.0      1.0      3.0      1.0      0.0      0.0      30.0     84.0     0.0      5.0      63.0     31.0     10.0     0.0      0.0      0.0      7.0      1.0      0.0      2.0      16.0     0.0      0.0      3.0      0.0      1.0      0.0      0.0      0.0      0.0      1.0      5.0      0.0      0.0      0.0      0.0      0.0      0.0      12.0     0.0      0.0      0.0      0.0      0.0      7.0      1.0      10.0     4.0      21.0     5.0      0.0      0.0      0.0      0.0      0.0      0.0      5.0      0.0      2.0      0.0      0.0      0.0      0.0      0.0      0.0      0.0      1.0      1.0      2.0      0.0      0.0      1.0      1.0      2.0      0.0      0.0      0.0      0.0      0.0      0.0      0.0      3.0      15.0     0.0      0.0      1.0      2.0      0.0      0.0      0.0      0.0      0.0      0.0      0.0      0.0      14.0     0.0      0.0      0.0      1.0      0.0      0.0      0.0      0.0      0.0      0.0      0.0      0.0     
56.0     11.0     8.0      7.0      54.0     53.0     30.0     5.0      2.0      6.0      9.0      188.0    29.0     61.0     2441.0   718.0    185.0    81.0     15.0     5.0      0.0      80.0     0.0      48.0     69.0     9.0      58.0     72.0     308.0    35.0     0.0      2.0      0.0      59.0     39.0     1.0      0.0      16.0     20.0     30.0     2.0      0.0      44.0     32.0     28.0     40.0     3.0      4.0      181.0    73.0     0.0      34.0     338.0    332.0    353.0    4.0      20.0     4.0      28.0     2.0      3.0      45.0     44.0     0.0      1.0      24.0     14.0     77.0     194.0    58.0     0.0      2.0      5.0      39.0     0.0      11.0     0.0      0.0      0.0      84.0     73.0     3.0      1.0      0.0      0.0      0.0      35.0     5.0      43.0     72.0     97.0     2.0      1.0      0.0      0.0      0.0      0.0      0.0      28.0     0.0      1.0      1.0      0.0      0.0      4.0      0.0      0.0      0.0      1.0      0.0      1.0      0.0      0.0      9.0      7.0      0.0      0.0      0.0      0.0      0.0      0.0      0.0      0.0      1.0      8.0      0.0      0.0      27.0     33.0     16.0     0.0      0.0      0.0      0.0      0.0      0.0      0.0      20.0     0.0      0.0      0.0      167.0    0.0      1.0      0.0      0.0      1.0      0.0      1.0      0.0     
80.0     24.0     183.0    30.0     384.0    566.0    453.0    248.0    51.0     94.0     11.0     738.0    21.0     253.0    718.0    7083.0   738.0    96.0     40.0     16.0     0.0      186.0    7.0      38.0     93.0     37.0     170.0    119.0    455.0    272.0    34.0     20.0     0.0      158.0    55.0     10.0     0.0      29.0     12.0     145.0    14.0     0.0      106.0    13.0     47.0     123.0    116.0    1.0      712.0    255.0    0.0      85.0     149.0    87.0     573.0    10.0     36.0     7.0      89.0     3.0      0.0      69.0     38.0     19.0     0.0      53.0     166.0    136.0    243.0    112.0    76.0     48.0     5.0      78.0     0.0      51.0     0.0      4.0      2.0      262.0    185.0    15.0     11.0     1.0      9.0      0.0      22.0     1.0      31.0     183.0    387.0    2.0      1.0      0.0      0.0      0.0      0.0      6.0      41.0     9.0      2.0      3.0      2.0      61.0     33.0     26.0     0.0      0.0      4.0      6.0      0.0      0.0      1.0      5.0      1.0      1.0      0.0      0.0      8.0      4.0      2.0      10.0     0.0      6.0      7.0      0.0      0.0      55.0     63.0     47.0     0.0      12.0     0.0      0.0      0.0      0.0      0.0      13.0     25.0     1.0      1.0      542.0    0.0      42.0     1.0      19.0     13.0     0.0      4.0      0.0     
23.0     18.0     29.0     28.0     16.0     12.0     18.0     10.0     2.0      15.0     9.0      6.0      6.0      27.0     185.0    738.0    1863.0   374.0    39.0     11.0     0.0      135.0    25.0     49.0     262.0    29.0     213.0    125.0    28.0     203.0    6.0      26.0     1.0      263.0    166.0    8.0      1.0      62.0     1.0      2.0      52.0     0.0      102.0    34.0     33.0     75.0     30.0     33.0     1508.0   163.0    0.0      81.0     41.0     51.0     19.0     2.0      80.0     7.0      53.0     2.0      0.0      51.0     25.0     11.0     7.0      86.0     46.0     195.0    1.0      14.0     8.0      17.0     10.0     188.0    1.0      0.0      0.0      1.0      0.0      0.0      6.0      4.0      1.0      0.0      1.0      0.0      5.0      0.0      3.0      1.0      16.0     2.0      0.0      1.0      0.0      0.0      0.0      2.0      2.0      2.0      6.0      12.0     1.0      22.0     10.0     0.0      2.0      0.0      1.0      0.0      5.0      0.0      8.0      0.0      1.0      10.0     0.0      0.0      0.0      0.0      4.0      2.0      0.0      11.0     1.0      0.0      0.0      2.0      0.0      0.0      0.0      10.0     0.0      0.0      0.0      0.0      0.0      1.0      1.0      1.0      1.0      31.0     1.0      4.0      3.0      0.0      6.0      3.0      12.0     0.0     
41.0     1.0      0.0      2.0      9.0      11.0     2.0      1.0      0.0      2.0      2.0      1.0      8.0      27.0     81.0     96.0     374.0    487.0    5.0      3.0      0.0      7.0      51.0     114.0    30.0     3.0      33.0     10.0     0.0      32.0     24.0     72.0     0.0      77.0     142.0    0.0      0.0      3.0      0.0      2.0      2.0      0.0      1.0      91.0     1.0      2.0      10.0     78.0     294.0    116.0    0.0      3.0      20.0     25.0     5.0      0.0      1.0      1.0      5.0      0.0      0.0      0.0      30.0     25.0     24.0     16.0     9.0      29.0     0.0      0.0      18.0     1.0      0.0      19.0     0.0      0.0      0.0      0.0      0.0      0.0      6.0      2.0      0.0      0.0      1.0      0.0      2.0      0.0      2.0      0.0      4.0      0.0      1.0      1.0      0.0      0.0      0.0      1.0      4.0      0.0      3.0      2.0      0.0      3.0      1.0      3.0      2.0      0.0      0.0      1.0      3.0      0.0      3.0      0.0      1.0      3.0      0.0      0.0      0.0      0.0      1.0      0.0      0.0      0.0      1.0      0.0      0.0      0.0      0.0      0.0      0.0      2.0      0.0      0.0      0.0      0.0      0.0      1.0      4.0      1.0      0.0      4.0      1.0      0.0      0.0      1.0      0.0      1.0      2.0      0.0     
19.0     74.0     0.0      1.0      13.0     3.0      3.0      0.0      0.0      8.0      3.0      0.0      3.0      3.0      15.0     40.0     39.0     5.0      932.0    41.0     29.0     1.0      3.0      9.0      69.0     9.0      42.0     5.0      1.0      14.0     4.0      26.0     3.0      140.0    28.0     2.0      168.0    99.0     3.0      0.0      0.0      0.0      40.0     45.0     8.0      2.0      2.0      0.0      153.0    3.0      28.0     21.0     3.0      6.0      2.0      6.0      32.0     158.0    385.0    109.0    125.0    2.0      2.0      2.0      1.0      25.0     34.0     5.0      1.0      0.0      1.0      0.0      173.0    111.0    3.0      0.0      0.0      0.0      0.0      0.0      2.0      0.0      0.0      0.0      0.0      0.0      0.0      0.0      0.0      0.0      0.0      0.0      0.0      2.0      34.0     0.0      0.0      4.0      0.0      0.0      0.0      0.0      0.0      0.0      0.0      0.0      1.0      0.0      2.0      2.0      0.0      6.0      11.0     0.0      0.0      0.0      0.0      6.0      0.0      0.0      0.0      0.0      0.0      2.0      0.0      0.0      0.0      0.0      0.0      0.0      0.0      0.0      0.0      10.0     0.0      3.0      0.0      0.0      1.0      0.0      1.0      19.0     0.0      0.0      0.0      0.0      0.0      21.0     0.0      0.0     
5.0      1.0      0.0      0.0      5.0      2.0      1.0      0.0      0.0      44.0     276.0    0.0      0.0      1.0      5.0      16.0     11.0     3.0      41.0     787.0    4.0      123.0    11.0     3.0      6.0      3.0      32.0     0.0      0.0      4.0      1.0      10.0     2.0      44.0     7.0      1.0      17.0     18.0     0.0      0.0      0.0      0.0      116.0    8.0      191.0    0.0      1.0      0.0      35.0     2.0      1.0      0.0      1.0      2.0      0.0      3.0      8.0      8.0      86.0     4.0      6.0      30.0     1.0      0.0      0.0      222.0    114.0    0.0      0.0      0.0      0.0      0.0      20.0     29.0     1.0      0.0      0.0      0.0      0.0      0.0      0.0      0.0      0.0      0.0      1.0      39.0     0.0      0.0      0.0      0.0      0.0      0.0      0.0      47.0     205.0    0.0      6.0      0.0      0.0      0.0      0.0      0.0      0.0      1.0      0.0      0.0      0.0      0.0      3.0      2.0      0.0      11.0     11.0     0.0      0.0      0.0      0.0      31.0     0.0      14.0     0.0      0.0      0.0      4.0      0.0      0.0      3.0      0.0      0.0      0.0      0.0      0.0      11.0     41.0     0.0      4.0      3.0      0.0      0.0      0.0      28.0     70.0     0.0      0.0      0.0      0.0      0.0      23.0     5.0      0.0     
0.0      69.0     1.0      0.0      0.0      0.0      0.0      0.0      0.0      0.0      0.0      0.0      0.0      0.0      0.0      0.0      0.0      0.0      29.0     4.0      191.0    10.0     12.0     0.0      0.0      0.0      0.0      2.0      0.0      0.0      0.0      0.0      0.0      23.0     16.0     0.0      4.0      7.0      0.0      0.0      0.0      0.0      3.0      42.0     0.0      1.0      0.0      0.0      10.0     0.0      38.0     14.0     0.0      0.0      0.0      0.0      0.0      13.0     6.0      9.0      51.0     87.0     0.0      0.0      0.0      1.0      0.0      1.0      0.0      0.0      0.0      0.0      9.0      14.0     0.0      0.0      0.0      0.0      0.0      0.0      0.0      0.0      0.0      0.0      0.0      0.0      0.0      0.0      0.0      0.0      0.0      0.0      0.0      0.0      0.0      0.0      0.0      0.0      0.0      0.0      0.0      0.0      0.0      0.0      0.0      0.0      0.0      0.0      0.0      0.0      0.0      0.0      0.0      0.0      0.0      0.0      0.0      0.0      0.0      0.0      0.0      0.0      0.0      0.0      0.0      0.0      0.0      0.0      0.0      0.0      0.0      0.0      0.0      0.0      0.0      0.0      0.0      0.0      0.0      0.0      0.0      0.0      0.0      0.0      0.0      0.0      0.0      0.0      0.0      0.0     
68.0     21.0     1.0      3.0      26.0     4.0      8.0      3.0      0.0      87.0     149.0    2.0      5.0      9.0      80.0     186.0    135.0    7.0      1.0      123.0    10.0     1108.0   41.0     22.0     1.0      0.0      3.0      1.0      12.0     8.0      15.0     13.0     0.0      174.0    96.0     1.0      5.0      8.0      9.0      3.0      1.0      0.0      107.0    34.0     282.0    1.0      0.0      1.0      346.0    4.0      3.0      67.0     17.0     27.0     2.0      0.0      0.0      1.0      9.0      0.0      2.0      371.0    0.0      1.0      2.0      48.0     95.0     2.0      0.0      4.0      1.0      0.0      5.0      46.0     0.0      0.0      0.0      0.0      0.0      0.0      0.0      0.0      0.0      0.0      11.0     15.0     0.0      0.0      0.0      0.0      0.0      0.0      0.0      2.0      20.0     0.0      19.0     2.0      0.0      0.0      0.0      0.0      0.0      0.0      3.0      0.0      0.0      0.0      0.0      1.0      0.0      0.0      0.0      0.0      0.0      0.0      0.0      40.0     1.0      52.0     0.0      0.0      0.0      0.0      0.0      1.0      6.0      0.0      0.0      0.0      0.0      0.0      1.0      1.0      0.0      0.0      14.0     0.0      0.0      0.0      6.0      68.0     0.0      0.0      0.0      0.0      0.0      0.0      0.0      0.0     
23.0     11.0     0.0      0.0      0.0      7.0      6.0      2.0      2.0      60.0     15.0     0.0      0.0      0.0      0.0      7.0      25.0     51.0     3.0      11.0     12.0     41.0     349.0    45.0     4.0      0.0      5.0      0.0      0.0      19.0     11.0     109.0    0.0      18.0     120.0    3.0      1.0      1.0      0.0      0.0      4.0      0.0      14.0     231.0    78.0     0.0      1.0      24.0     29.0     1.0      21.0     5.0      0.0      1.0      0.0      0.0      0.0      0.0      5.0      0.0      4.0      57.0     0.0      12.0     9.0      30.0     22.0     1.0      0.0      0.0      10.0     1.0      1.0      1.0      0.0      0.0      0.0      3.0      1.0      0.0      3.0      0.0      0.0      0.0      0.0      0.0      0.0      0.0      0.0      0.0      1.0      0.0      1.0      0.0      2.0      0.0      0.0      2.0      2.0      0.0      0.0      3.0      1.0      5.0      2.0      1.0      3.0      0.0      0.0      1.0      0.0      1.0      1.0      0.0      0.0      0.0      0.0      2.0      0.0      2.0      0.0      0.0      0.0      0.0      0.0      1.0      0.0      0.0      0.0      0.0      0.0      0.0      0.0      0.0      0.0      1.0      1.0      0.0      3.0      1.0      0.0      5.0      1.0      0.0      1.0      1.0      0.0      2.0      0.0      0.0     
396.0    3.0      0.0      0.0      19.0     163.0    10.0     6.0      10.0     9.0      21.0     0.0      41.0     1.0      48.0     38.0     49.0     114.0    9.0      3.0      0.0      22.0     45.0     955.0    10.0     4.0      10.0     2.0      2.0      26.0     353.0    284.0    0.0      14.0     86.0     0.0      0.0      0.0      16.0     0.0      1.0      0.0      33.0     127.0    62.0     1.0      3.0      84.0     43.0     3.0      14.0     14.0     30.0     1.0      13.0     0.0      3.0      2.0      7.0      3.0      10.0     27.0     70.0     142.0    133.0    13.0     60.0     3.0      0.0      0.0      63.0     0.0      4.0      3.0      0.0      27.0     0.0      0.0      0.0      29.0     62.0     3.0      1.0      0.0      0.0      0.0      0.0      0.0      0.0      7.0      45.0     4.0      1.0      0.0      0.0      0.0      0.0      24.0     65.0     0.0      0.0      0.0      0.0      0.0      4.0      43.0     9.0      0.0      0.0      19.0     0.0      0.0      0.0      0.0      0.0      0.0      0.0      1.0      21.0     1.0      0.0      0.0      0.0      0.0      0.0      0.0      0.0      2.0      3.0      0.0      0.0      0.0      0.0      0.0      0.0      0.0      1.0      0.0      57.0     5.0      0.0      8.0      0.0      0.0      0.0      31.0     1.0      0.0      0.0      0.0     
15.0     1.0      8.0      16.0     5.0      1.0      0.0      0.0      0.0      1.0      6.0      61.0     1.0      6.0      69.0     93.0     262.0    30.0     69.0     6.0      0.0      1.0      4.0      10.0     1403.0   90.0     218.0    152.0    208.0    78.0     15.0     40.0     10.0     33.0     4.0      1.0      30.0     90.0     2.0      0.0      10.0     0.0      0.0      1.0      3.0      101.0    2.0      0.0      243.0    37.0     0.0      0.0      3.0      11.0     16.0     64.0     508.0    1.0      50.0     3.0      0.0      0.0      2.0      5.0      1.0      56.0     11.0     123.0    54.0     2.0      1.0      3.0      46.0     367.0    3.0      1.0      0.0      0.0      0.0      1.0      0.0      0.0      1.0      0.0      0.0      0.0      0.0      0.0      0.0      0.0      2.0      0.0      0.0      1.0      2.0      0.0      0.0      0.0      1.0      0.0      0.0      0.0      0.0      2.0      0.0      1.0      3.0      0.0      0.0      0.0      0.0      0.0      3.0      0.0      0.0      0.0      0.0      0.0      0.0      0.0      0.0      0.0      0.0      0.0      0.0      0.0      0.0      0.0      0.0      0.0      0.0      0.0      0.0      0.0      0.0      0.0      0.0      0.0      1.0      0.0      1.0      9.0      0.0      1.0      0.0      0.0      0.0      5.0      0.0      0.0     
7.0      1.0      3.0      130.0    0.0      1.0      0.0      0.0      0.0      0.0      1.0      90.0     0.0      1.0      9.0      37.0     29.0     3.0      9.0      3.0      0.0      0.0      0.0      4.0      90.0     1012.0   21.0     88.0     293.0    16.0     8.0      14.0     2.0      29.0     1.0      97.0     29.0     174.0    0.0      0.0      144.0    0.0      0.0      0.0      0.0      67.0     12.0     0.0      23.0     27.0     0.0      0.0      0.0      0.0      11.0     137.0    43.0     1.0      2.0      1.0      0.0      1.0      0.0      1.0      0.0      1.0      11.0     171.0    65.0     1.0      1.0      0.0      77.0     177.0    4.0      0.0      0.0      0.0      0.0      0.0      2.0      0.0      1.0      0.0      0.0      0.0      0.0      0.0      0.0      0.0      2.0      4.0      0.0      0.0      0.0      0.0      0.0      0.0      0.0      0.0      0.0      6.0      0.0      2.0      11.0     1.0      0.0      0.0      0.0      0.0      0.0      0.0      0.0      0.0      0.0      1.0      0.0      0.0      0.0      0.0      0.0      0.0      0.0      3.0      0.0      0.0      0.0      0.0      0.0      0.0      0.0      2.0      0.0      0.0      0.0      0.0      0.0      0.0      1.0      0.0      0.0      6.0      0.0      1.0      0.0      0.0      4.0      0.0      0.0      0.0     
19.0     0.0      7.0      23.0     8.0      7.0      5.0      3.0      1.0      3.0      2.0      73.0     1.0      1.0      58.0     170.0    213.0    33.0     42.0     32.0     0.0      3.0      5.0      10.0     218.0    21.0     1604.0   41.0     232.0    320.0    15.0     35.0     5.0      66.0     17.0     6.0      4.0      34.0     0.0      0.0      25.0     0.0      1.0      2.0      4.0      33.0     160.0    1.0      166.0    47.0     0.0      0.0      2.0      14.0     9.0      3.0      447.0    2.0      19.0     1.0      0.0      0.0      5.0      2.0      0.0      104.0    70.0     505.0    41.0     24.0     4.0      0.0      16.0     83.0     3.0      1.0      0.0      4.0      0.0      0.0      0.0      0.0      0.0      1.0      5.0      1.0      1.0      0.0      0.0      0.0      4.0      5.0      2.0      2.0      1.0      0.0      0.0      1.0      0.0      0.0      0.0      71.0     3.0      6.0      73.0     4.0      1.0      0.0      0.0      1.0      0.0      0.0      0.0      0.0      0.0      1.0      0.0      0.0      1.0      0.0      1.0      10.0     0.0      3.0      0.0      0.0      0.0      0.0      0.0      1.0      0.0      5.0      0.0      0.0      0.0      0.0      0.0      0.0      4.0      0.0      1.0      58.0     4.0      0.0      0.0      0.0      17.0     2.0      0.0      0.0     
5.0      0.0      47.0     15.0     5.0      2.0      0.0      1.0      0.0      0.0      0.0      25.0     0.0      1.0      72.0     119.0    125.0    10.0     5.0      0.0      2.0      1.0      0.0      2.0      152.0    88.0     41.0     1430.0   562.0    3.0      6.0      13.0     0.0      23.0     18.0     1.0      0.0      29.0     0.0      0.0      8.0      0.0      1.0      0.0      0.0      688.0    8.0      0.0      86.0     8.0      0.0      1.0      1.0      4.0      7.0      21.0     59.0     1.0      0.0      9.0      0.0      1.0      0.0      4.0      0.0      1.0      0.0      649.0    56.0     42.0     2.0      0.0      7.0      67.0     0.0      2.0      0.0      3.0      0.0      0.0      2.0      0.0      0.0      0.0      0.0      0.0      0.0      0.0      0.0      1.0      0.0      0.0      0.0      0.0      0.0      0.0      0.0      1.0      0.0      0.0      0.0      3.0      0.0      0.0      3.0      0.0      0.0      0.0      0.0      0.0      0.0      0.0      0.0      0.0      0.0      0.0      0.0      0.0      1.0      0.0      0.0      4.0      0.0      0.0      0.0      0.0      0.0      0.0      0.0      0.0      0.0      0.0      0.0      0.0      0.0      0.0      0.0      0.0      0.0      0.0      0.0      0.0      0.0      0.0      0.0      0.0      2.0      0.0      0.0      0.0     
2.0      0.0      95.0     60.0     4.0      0.0      1.0      10.0     0.0      0.0      0.0      35.0     0.0      0.0      308.0    455.0    28.0     0.0      1.0      0.0      0.0      12.0     0.0      2.0      208.0    293.0    232.0    562.0    3160.0   3.0      2.0      8.0      0.0      23.0     4.0      12.0     0.0      103.0    0.0      0.0      5.0      0.0      6.0      0.0      2.0      579.0    1.0      0.0      28.0     2.0      0.0      2.0      43.0     0.0      70.0     64.0     159.0    1.0      0.0      0.0      0.0      3.0      0.0      1.0      0.0      0.0      0.0      416.0    477.0    260.0    1.0      0.0      7.0      108.0    0.0      1.0      0.0      14.0     1.0      0.0      1.0      6.0      24.0     1.0      1.0      0.0      1.0      0.0      0.0      14.0     65.0     1.0      0.0      0.0      0.0      0.0      0.0      0.0      0.0      4.0      1.0      2.0      3.0      80.0     8.0      0.0      2.0      0.0      2.0      0.0      0.0      0.0      0.0      0.0      0.0      0.0      0.0      0.0      1.0      0.0      4.0      15.0     0.0      2.0      0.0      0.0      0.0      2.0      0.0      4.0      0.0      5.0      0.0      0.0      0.0      0.0      0.0      0.0      0.0      0.0      0.0      7.0      1.0      11.0     5.0      0.0      1.0      0.0      1.0      0.0     
73.0     0.0      14.0     13.0     51.0     125.0    238.0    167.0    153.0    179.0    43.0     7.0      1.0      7.0      35.0     272.0    203.0    32.0     14.0     4.0      0.0      8.0      19.0     26.0     78.0     16.0     320.0    3.0      3.0      2082.0   42.0     144.0    37.0     271.0    12.0     32.0     39.0     114.0    1.0      2.0      48.0     0.0      0.0      16.0     33.0     1.0      395.0    1.0      257.0    14.0     0.0      0.0      8.0      13.0     4.0      1.0      76.0     2.0      9.0      0.0      0.0      0.0      3.0      7.0      1.0      339.0    133.0    8.0      0.0      2.0      20.0     378.0    94.0     182.0    40.0     4.0      0.0      4.0      0.0      0.0      11.0     3.0      0.0      0.0      4.0      0.0      0.0      0.0      0.0      5.0      24.0     3.0      1.0      0.0      0.0      0.0      0.0      4.0      2.0      0.0      0.0      34.0     0.0      2.0      49.0     14.0     9.0      0.0      1.0      1.0      0.0      0.0      1.0      0.0      0.0      1.0      0.0      0.0      3.0      1.0      0.0      1.0      0.0      2.0      0.0      0.0      0.0      0.0      2.0      3.0      0.0      11.0     0.0      0.0      0.0      0.0      0.0      0.0      13.0     0.0      1.0      25.0     0.0      0.0      0.0      2.0      21.0     1.0      1.0      0.0     
324.0    4.0      0.0      1.0      25.0     113.0    12.0     5.0      9.0      12.0     14.0     1.0      0.0      0.0      0.0      34.0     6.0      24.0     4.0      1.0      0.0      15.0     11.0     353.0    15.0     8.0      15.0     6.0      2.0      42.0     547.0    313.0    0.0      3.0      16.0     1.0      0.0      1.0      0.0      0.0      5.0      0.0      33.0     42.0     54.0     1.0      6.0      6.0      2.0      1.0      7.0      16.0     0.0      0.0      0.0      0.0      5.0      2.0      4.0      0.0      3.0      18.0     0.0      139.0    7.0      17.0     25.0     9.0      0.0      0.0      79.0     3.0      1.0      8.0      0.0      23.0     0.0      0.0      0.0      12.0     27.0     3.0      0.0      0.0      0.0      0.0      0.0      0.0      0.0      1.0      26.0     3.0      1.0      0.0      0.0      0.0      0.0      3.0      38.0     0.0      0.0      0.0      0.0      0.0      0.0      30.0     2.0      0.0      0.0      5.0      0.0      0.0      0.0      0.0      0.0      0.0      0.0      0.0      4.0      1.0      0.0      0.0      0.0      0.0      0.0      0.0      0.0      0.0      0.0      0.0      0.0      0.0      0.0      0.0      0.0      0.0      0.0      0.0      28.0     0.0      1.0      1.0      0.0      0.0      0.0      23.0     0.0      0.0      0.0      0.0     
390.0    17.0     2.0      2.0      73.0     106.0    7.0      4.0      8.0      39.0     20.0     2.0      0.0      0.0      2.0      20.0     26.0     72.0     26.0     10.0     0.0      13.0     109.0    284.0    40.0     14.0     35.0     13.0     8.0      144.0    313.0    1050.0   0.0      19.0     124.0    3.0      0.0      7.0      0.0      0.0      10.0     0.0      94.0     141.0    113.0    4.0      15.0     29.0     27.0     2.0      13.0     62.0     0.0      0.0      0.0      0.0      10.0     7.0      46.0     3.0      7.0      12.0     1.0      133.0    17.0     47.0     73.0     20.0     0.0      1.0      124.0    16.0     4.0      19.0     0.0      23.0     0.0      0.0      0.0      7.0      78.0     7.0      2.0      0.0      1.0      0.0      0.0      0.0      0.0      1.0      17.0     0.0      1.0      0.0      0.0      0.0      0.0      20.0     27.0     0.0      0.0      3.0      0.0      4.0      12.0     49.0     88.0     0.0      0.0      10.0     0.0      1.0      0.0      0.0      0.0      0.0      0.0      1.0      12.0     2.0      0.0      1.0      0.0      0.0      0.0      1.0      0.0      0.0      0.0      0.0      0.0      0.0      0.0      0.0      0.0      1.0      1.0      0.0      63.0     3.0      3.0      7.0      1.0      0.0      1.0      10.0     3.0      1.0      0.0      0.0     
0.0      0.0      0.0      0.0      0.0      0.0      0.0      0.0      0.0      0.0      2.0      0.0      0.0      0.0      0.0      0.0      1.0      0.0      3.0      2.0      0.0      0.0      0.0      0.0      10.0     2.0      5.0      0.0      0.0      37.0     0.0      0.0      101.0    96.0     0.0      0.0      2.0      24.0     0.0      0.0      6.0      0.0      0.0      0.0      0.0      0.0      2.0      0.0      64.0     0.0      0.0      0.0      0.0      0.0      0.0      0.0      1.0      0.0      4.0      0.0      0.0      0.0      0.0      0.0      0.0      18.0     7.0      1.0      0.0      0.0      0.0      2.0      10.0     20.0     14.0     0.0      0.0      0.0      0.0      0.0      0.0      0.0      0.0      1.0      0.0      0.0      0.0      0.0      0.0      0.0      0.0      1.0      0.0      0.0      0.0      0.0      0.0      0.0      0.0      0.0      0.0      3.0      0.0      0.0      1.0      0.0      0.0      0.0      0.0      0.0      0.0      0.0      0.0      0.0      0.0      0.0      0.0      0.0      0.0      0.0      0.0      0.0      0.0      0.0      0.0      0.0      0.0      0.0      0.0      0.0      0.0      3.0      0.0      0.0      0.0      0.0      0.0      0.0      0.0      0.0      0.0      6.0      0.0      0.0      0.0      0.0      2.0      0.0      0.0      0.0     
16.0     71.0     4.0      4.0      6.0      6.0      3.0      3.0      15.0     29.0     30.0     7.0      0.0      7.0      59.0     158.0    263.0    77.0     140.0    44.0     23.0     174.0    18.0     14.0     33.0     29.0     66.0     23.0     23.0     271.0    3.0      19.0     96.0     1822.0   369.0    110.0    54.0     135.0    1.0      3.0      118.0    0.0      100.0    80.0     12.0     18.0     9.0      8.0      901.0    13.0     18.0     114.0    30.0     21.0     6.0      0.0      14.0     19.0     142.0    12.0     63.0     103.0    3.0      1.0      2.0      114.0    94.0     33.0     5.0      9.0      2.0      31.0     83.0     568.0    94.0     0.0      0.0      0.0      0.0      0.0      6.0      2.0      0.0      1.0      5.0      0.0      3.0      0.0      3.0      2.0      12.0     2.0      1.0      0.0      0.0      0.0      0.0      3.0      1.0      0.0      0.0      18.0     2.0      13.0     12.0     0.0      1.0      0.0      2.0      0.0      0.0      0.0      31.0     0.0      0.0      2.0      0.0      0.0      0.0      2.0      3.0      0.0      0.0      5.0      2.0      0.0      0.0      2.0      0.0      0.0      0.0      12.0     0.0      0.0      0.0      0.0      0.0      0.0      0.0      0.0      0.0      55.0     0.0      2.0      0.0      0.0      6.0      15.0     12.0     0.0     
60.0     44.0     2.0      1.0      11.0     9.0      0.0      1.0      0.0      3.0      6.0      0.0      2.0      6.0      39.0     55.0     166.0    142.0    28.0     7.0      16.0     96.0     120.0    86.0     4.0      1.0      17.0     18.0     4.0      12.0     16.0     124.0    0.0      369.0    701.0    0.0      9.0      5.0      0.0      2.0      1.0      0.0      31.0     241.0    8.0      14.0     1.0      46.0     404.0    8.0      30.0     44.0     4.0      11.0     0.0      0.0      0.0      8.0      26.0     8.0      43.0     80.0     7.0      18.0     12.0     8.0      9.0      28.0     0.0      1.0      11.0     1.0      18.0     11.0     0.0      0.0      0.0      0.0      0.0      0.0      2.0      2.0      0.0      0.0      1.0      0.0      0.0      0.0      0.0      1.0      3.0      0.0      1.0      0.0      1.0      0.0      0.0      3.0      2.0      1.0      0.0      1.0      1.0      6.0      1.0      1.0      5.0      0.0      0.0      1.0      0.0      1.0      0.0      0.0      1.0      0.0      0.0      0.0      0.0      2.0      2.0      0.0      0.0      0.0      1.0      1.0      0.0      0.0      0.0      0.0      0.0      0.0      0.0      0.0      0.0      1.0      0.0      0.0      4.0      1.0      0.0      4.0      0.0      1.0      1.0      2.0      0.0      1.0      0.0      0.0     
2.0      0.0      3.0      11.0     1.0      0.0      0.0      0.0      1.0      5.0      3.0      16.0     0.0      0.0      1.0      10.0     8.0      0.0      2.0      1.0      0.0      1.0      3.0      0.0      1.0      97.0     6.0      1.0      12.0     32.0     1.0      3.0      0.0      110.0    0.0      214.0    10.0     37.0     0.0      0.0      124.0    0.0      0.0      1.0      1.0      0.0      0.0      0.0      9.0      4.0      0.0      0.0      0.0      0.0      0.0      3.0      2.0      0.0      0.0      0.0      0.0      0.0      0.0      0.0      0.0      7.0      18.0     1.0      7.0      0.0      0.0      4.0      28.0     63.0     31.0     0.0      0.0      0.0      0.0      0.0      0.0      0.0      0.0      0.0      1.0      0.0      0.0      0.0      0.0      0.0      1.0      4.0      0.0      0.0      0.0      0.0      0.0      1.0      0.0      0.0      0.0      3.0      0.0      0.0      6.0      0.0      0.0      0.0      0.0      0.0      0.0      0.0      2.0      0.0      0.0      2.0      0.0      0.0      0.0      0.0      0.0      0.0      0.0      6.0      0.0      0.0      0.0      0.0      0.0      0.0      0.0      0.0      0.0      0.0      0.0      0.0      0.0      0.0      0.0      0.0      0.0      7.0      0.0      0.0      0.0      0.0      3.0      1.0      0.0      0.0     
0.0      22.0     0.0      1.0      0.0      0.0      0.0      0.0      0.0      2.0      13.0     1.0      0.0      0.0      0.0      0.0      1.0      0.0      168.0    17.0     4.0      5.0      1.0      0.0      30.0     29.0     4.0      0.0      0.0      39.0     0.0      0.0      2.0      54.0     9.0      10.0     596.0    199.0    0.0      0.0      9.0      0.0      9.0      86.0     1.0      0.0      4.0      0.0      17.0     2.0      68.0     14.0     0.0      0.0      0.0      5.0      10.0     22.0     93.0     12.0     113.0    4.0      0.0      0.0      0.0      43.0     4.0      1.0      0.0      0.0      0.0      4.0      321.0    81.0     1.0      0.0      0.0      0.0      0.0      0.0      0.0      0.0      0.0      0.0      0.0      0.0      0.0      0.0      0.0      0.0      0.0      0.0      0.0      0.0      0.0      0.0      0.0      0.0      0.0      0.0      0.0      0.0      0.0      0.0      0.0      0.0      0.0      0.0      0.0      0.0      0.0      0.0      8.0      0.0      0.0      0.0      0.0      0.0      0.0      0.0      0.0      0.0      0.0      0.0      0.0      0.0      0.0      0.0      0.0      0.0      0.0      0.0      0.0      0.0      0.0      0.0      0.0      0.0      0.0      0.0      0.0      5.0      0.0      0.0      0.0      0.0      0.0      13.0     0.0      0.0     
5.0      18.0     17.0     27.0     2.0      2.0      1.0      2.0      0.0      4.0      12.0     41.0     0.0      1.0      16.0     29.0     62.0     3.0      99.0     18.0     7.0      8.0      1.0      0.0      90.0     174.0    34.0     29.0     103.0    114.0    1.0      7.0      24.0     135.0    5.0      37.0     199.0    1185.0   0.0      1.0      44.0     0.0      17.0     30.0     1.0      15.0     28.0     0.0      91.0     15.0     4.0      23.0     4.0      4.0      1.0      34.0     25.0     7.0      82.0     19.0     30.0     3.0      1.0      0.0      0.0      59.0     11.0     23.0     54.0     1.0      1.0      19.0     524.0    490.0    17.0     0.0      0.0      0.0      0.0      0.0      1.0      0.0      0.0      0.0      1.0      0.0      0.0      0.0      0.0      0.0      2.0      2.0      0.0      0.0      0.0      0.0      0.0      0.0      0.0      0.0      0.0      2.0      0.0      1.0      5.0      0.0      0.0      0.0      0.0      0.0      0.0      0.0      11.0     0.0      0.0      2.0      0.0      0.0      0.0      0.0      0.0      0.0      0.0      3.0      0.0      0.0      0.0      0.0      1.0      0.0      0.0      0.0      0.0      0.0      0.0      0.0      0.0      0.0      0.0      0.0      0.0      10.0     0.0      0.0      0.0      0.0      2.0      13.0     0.0      0.0     
7.0      0.0      0.0      0.0      11.0     2.0      3.0      1.0      0.0      0.0      5.0      0.0      66.0     35.0     20.0     12.0     1.0      0.0      3.0      0.0      0.0      9.0      0.0      16.0     2.0      0.0      0.0      0.0      0.0      1.0      0.0      0.0      0.0      1.0      0.0      0.0      0.0      0.0      94.0     2.0      0.0      0.0      11.0     1.0      11.0     0.0      0.0      2.0      4.0      9.0      0.0      5.0      0.0      2.0      0.0      0.0      0.0      0.0      6.0      1.0      0.0      4.0      0.0      0.0      2.0      2.0      0.0      0.0      0.0      0.0      0.0      0.0      1.0      2.0      0.0      0.0      0.0      0.0      0.0      0.0      0.0      0.0      0.0      0.0      0.0      0.0      0.0      0.0      0.0      0.0      0.0      0.0      0.0      0.0      0.0      0.0      0.0      0.0      0.0      0.0      0.0      0.0      0.0      0.0      0.0      0.0      0.0      0.0      0.0      0.0      0.0      0.0      0.0      0.0      0.0      0.0      0.0      0.0      0.0      0.0      0.0      0.0      0.0      0.0      0.0      0.0      0.0      0.0      0.0      0.0      0.0      0.0      0.0      0.0      0.0      0.0      0.0      0.0      0.0      0.0      0.0      0.0      0.0      0.0      0.0      0.0      0.0      0.0      0.0      0.0     
0.0      0.0      0.0      0.0      0.0      4.0      1.0      0.0      0.0      1.0      0.0      39.0     0.0      199.0    30.0     145.0    2.0      2.0      0.0      0.0      0.0      3.0      0.0      0.0      0.0      0.0      0.0      0.0      0.0      2.0      0.0      0.0      0.0      3.0      2.0      0.0      0.0      1.0      2.0      250.0    0.0      0.0      1.0      1.0      0.0      0.0      0.0      0.0      4.0      40.0     0.0      1.0      6.0      13.0     22.0     0.0      0.0      0.0      2.0      0.0      0.0      0.0      1.0      0.0      0.0      0.0      0.0      0.0      0.0      0.0      0.0      0.0      0.0      1.0      0.0      0.0      0.0      0.0      0.0      0.0      8.0      0.0      0.0      0.0      0.0      0.0      5.0      1.0      6.0      3.0      12.0     7.0      0.0      0.0      0.0      0.0      0.0      0.0      1.0      0.0      2.0      0.0      0.0      0.0      0.0      0.0      0.0      0.0      1.0      1.0      2.0      0.0      0.0      1.0      0.0      2.0      0.0      0.0      0.0      0.0      0.0      0.0      0.0      4.0      11.0     0.0      0.0      0.0      1.0      0.0      0.0      0.0      0.0      0.0      0.0      0.0      0.0      6.0      0.0      0.0      0.0      1.0      0.0      0.0      0.0      0.0      0.0      0.0      0.0      0.0     
5.0      0.0      1.0      21.0     1.0      0.0      0.0      0.0      3.0      7.0      0.0      25.0     0.0      0.0      2.0      14.0     52.0     2.0      0.0      0.0      0.0      1.0      4.0      1.0      10.0     144.0    25.0     8.0      5.0      48.0     5.0      10.0     6.0      118.0    1.0      124.0    9.0      44.0     0.0      0.0      322.0    0.0      0.0      1.0      1.0      0.0      5.0      0.0      57.0     27.0     0.0      0.0      0.0      1.0      0.0      2.0      15.0     0.0      0.0      0.0      0.0      0.0      0.0      1.0      0.0      3.0      43.0     8.0      7.0      0.0      0.0      4.0      24.0     56.0     15.0     0.0      0.0      0.0      0.0      0.0      1.0      0.0      0.0      0.0      1.0      0.0      0.0      0.0      0.0      0.0      0.0      6.0      0.0      0.0      0.0      0.0      0.0      3.0      0.0      2.0      0.0      5.0      0.0      2.0      13.0     1.0      1.0      0.0      0.0      0.0      0.0      0.0      12.0     0.0      0.0      4.0      0.0      0.0      0.0      0.0      0.0      0.0      0.0      9.0      0.0      0.0      0.0      0.0      0.0      0.0      0.0      0.0      0.0      0.0      0.0      0.0      0.0      0.0      1.0      0.0      0.0      23.0     0.0      0.0      0.0      0.0      7.0      5.0      3.0      0.0     
0.0      0.0      0.0      0.0      0.0      0.0      0.0      0.0      0.0      0.0      0.0      0.0      0.0      0.0      0.0      0.0      0.0      0.0      0.0      0.0      0.0      0.0      0.0      0.0      0.0      0.0      0.0      0.0      0.0      0.0      0.0      0.0      0.0      0.0      0.0      0.0      0.0      0.0      0.0      0.0      0.0      0.0      0.0      0.0      0.0      0.0      0.0      0.0      0.0      0.0      0.0      0.0      0.0      0.0      0.0      0.0      0.0      0.0      0.0      0.0      0.0      0.0      0.0      0.0      0.0      0.0      0.0      0.0      0.0      0.0      0.0      0.0      0.0      0.0      0.0      0.0      0.0      0.0      0.0      0.0      0.0      0.0      0.0      0.0      0.0      0.0      0.0      0.0      0.0      0.0      0.0      0.0      0.0      0.0      0.0      0.0      0.0      0.0      0.0      0.0      0.0      0.0      0.0      0.0      0.0      0.0      0.0      0.0      0.0      0.0      0.0      0.0      0.0      0.0      0.0      0.0      0.0      0.0      0.0      0.0      0.0      0.0      0.0      0.0      0.0      0.0      0.0      0.0      0.0      0.0      0.0      0.0      0.0      0.0      0.0      0.0      0.0      0.0      0.0      0.0      0.0      0.0      0.0      0.0      0.0      0.0      0.0      0.0      0.0      0.0     
79.0     46.0     0.0      5.0      30.0     6.0      7.0      5.0      0.0      32.0     80.0     5.0      8.0      8.0      44.0     106.0    102.0    1.0      40.0     116.0    3.0      107.0    14.0     33.0     0.0      0.0      1.0      1.0      6.0      0.0      33.0     94.0     0.0      100.0    31.0     0.0      9.0      17.0     11.0     1.0      0.0      0.0      956.0    33.0     345.0    1.0      0.0      0.0      213.0    5.0      4.0      361.0    12.0     13.0     3.0      0.0      0.0      63.0     1.0      12.0     4.0      35.0     0.0      4.0      0.0      23.0     42.0     0.0      0.0      2.0      4.0      0.0      8.0      48.0     0.0      0.0      0.0      0.0      0.0      0.0      9.0      0.0      0.0      0.0      2.0      22.0     0.0      0.0      0.0      0.0      2.0      0.0      0.0      0.0      154.0    0.0      9.0      1.0      1.0      0.0      0.0      0.0      0.0      0.0      0.0      2.0      6.0      0.0      0.0      0.0      0.0      2.0      4.0      0.0      0.0      0.0      0.0      59.0     0.0      24.0     0.0      0.0      0.0      0.0      0.0      0.0      1.0      0.0      0.0      0.0      0.0      0.0      0.0      28.0     0.0      1.0      1.0      0.0      2.0      0.0      12.0     28.0     0.0      0.0      0.0      2.0      0.0      4.0      0.0      0.0     
84.0     61.0     0.0      0.0      10.0     21.0     3.0      1.0      0.0      22.0     7.0      0.0      1.0      1.0      32.0     13.0     34.0     91.0     45.0     8.0      42.0     34.0     231.0    127.0    1.0      0.0      2.0      0.0      0.0      16.0     42.0     141.0    0.0      80.0     241.0    1.0      86.0     30.0     1.0      1.0      1.0      0.0      33.0     832.0    50.0     0.0      0.0      39.0     31.0     0.0      187.0    46.0     0.0      5.0      0.0      0.0      0.0      9.0      23.0     12.0     107.0    126.0    3.0      39.0     12.0     20.0     9.0      0.0      0.0      0.0      27.0     2.0      58.0     9.0      0.0      0.0      0.0      0.0      1.0      0.0      9.0      1.0      0.0      0.0      0.0      0.0      0.0      0.0      0.0      0.0      3.0      0.0      1.0      0.0      1.0      0.0      1.0      4.0      3.0      1.0      0.0      0.0      0.0      0.0      0.0      6.0      6.0      0.0      0.0      1.0      0.0      1.0      1.0      0.0      0.0      0.0      0.0      2.0      0.0      4.0      0.0      0.0      0.0      0.0      0.0      1.0      1.0      0.0      0.0      0.0      0.0      0.0      0.0      0.0      0.0      1.0      2.0      0.0      8.0      1.0      0.0      4.0      0.0      0.0      0.0      1.0      0.0      2.0      1.0      0.0     
111.0    23.0     0.0      2.0      26.0     9.0      6.0      0.0      1.0      188.0    430.0    2.0      12.0     3.0      28.0     47.0     33.0     1.0      8.0      191.0    0.0      282.0    78.0     62.0     3.0      0.0      4.0      0.0      2.0      33.0     54.0     113.0    0.0      12.0     8.0      1.0      1.0      1.0      11.0     0.0      1.0      0.0      345.0    50.0     1084.0   0.0      1.0      0.0      58.0     2.0      5.0      37.0     5.0      10.0     0.0      0.0      3.0      5.0      11.0     0.0      0.0      116.0    1.0      6.0      3.0      205.0    210.0    0.0      0.0      1.0      8.0      1.0      1.0      3.0      0.0      1.0      0.0      1.0      0.0      0.0      14.0     0.0      0.0      0.0      13.0     54.0     0.0      0.0      0.0      2.0      6.0      0.0      0.0      4.0      119.0    0.0      23.0     2.0      1.0      0.0      0.0      0.0      0.0      0.0      0.0      3.0      12.0     0.0      0.0      0.0      0.0      1.0      2.0      0.0      0.0      0.0      0.0      121.0    0.0      92.0     0.0      1.0      0.0      0.0      0.0      0.0      6.0      0.0      0.0      1.0      0.0      0.0      1.0      16.0     0.0      0.0      6.0      0.0      4.0      0.0      20.0     167.0    0.0      0.0      0.0      2.0      0.0      1.0      0.0      0.0     
2.0      0.0      66.0     13.0     2.0      1.0      0.0      0.0      0.0      0.0      0.0      4.0      0.0      1.0      40.0     123.0    75.0     2.0      2.0      0.0      1.0      1.0      0.0      1.0      101.0    67.0     33.0     688.0    579.0    1.0      1.0      4.0      0.0      18.0     14.0     0.0      0.0      15.0     0.0      0.0      0.0      0.0      1.0      0.0      0.0      983.0    0.0      0.0      39.0     2.0      0.0      1.0      2.0      3.0      16.0     23.0     39.0     0.0      0.0      3.0      0.0      2.0      0.0      0.0      0.0      1.0      0.0      211.0    29.0     24.0     0.0      0.0      3.0      40.0     0.0      1.0      0.0      3.0      0.0      0.0      0.0      0.0      0.0      0.0      0.0      0.0      0.0      0.0      0.0      4.0      2.0      0.0      0.0      0.0      0.0      0.0      0.0      0.0      0.0      1.0      0.0      3.0      2.0      6.0      3.0      0.0      0.0      0.0      0.0      0.0      0.0      0.0      0.0      0.0      0.0      0.0      0.0      0.0      0.0      0.0      1.0      6.0      0.0      0.0      0.0      0.0      0.0      0.0      0.0      1.0      0.0      1.0      0.0      0.0      0.0      0.0      0.0      0.0      0.0      0.0      0.0      1.0      1.0      4.0      0.0      0.0      1.0      0.0      0.0      0.0     
9.0      0.0      167.0    5.0      2.0      9.0      30.0     81.0     8.0      1.0      1.0      1.0      0.0      0.0      3.0      116.0    30.0     10.0     2.0      1.0      0.0      0.0      1.0      3.0      2.0      12.0     160.0    8.0      1.0      395.0    6.0      15.0     2.0      9.0      1.0      0.0      4.0      28.0     0.0      0.0      5.0      0.0      0.0      0.0      1.0      0.0      577.0    0.0      31.0     1.0      0.0      0.0      1.0      0.0      0.0      0.0      3.0      0.0      0.0      0.0      0.0      0.0      0.0      1.0      0.0      2.0      18.0     6.0      0.0      1.0      2.0      30.0     15.0     14.0     2.0      0.0      0.0      2.0      0.0      0.0      1.0      0.0      0.0      0.0      2.0      0.0      0.0      0.0      0.0      0.0      11.0     3.0      1.0      0.0      0.0      0.0      0.0      2.0      1.0      0.0      0.0      32.0     5.0      12.0     17.0     2.0      1.0      0.0      0.0      1.0      0.0      0.0      0.0      0.0      0.0      1.0      0.0      0.0      1.0      0.0      5.0      0.0      0.0      1.0      1.0      0.0      0.0      0.0      0.0      1.0      0.0      6.0      0.0      0.0      0.0      0.0      0.0      0.0      2.0      0.0      1.0      10.0     3.0      0.0      0.0      0.0      7.0      0.0      0.0      0.0     
28.0     0.0      0.0      0.0      6.0      2.0      1.0      0.0      1.0      0.0      1.0      0.0      15.0     0.0      4.0      1.0      33.0     78.0     0.0      0.0      0.0      1.0      24.0     84.0     0.0      0.0      1.0      0.0      0.0      1.0      6.0      29.0     0.0      8.0      46.0     0.0      0.0      0.0      2.0      0.0      0.0      0.0      0.0      39.0     0.0      0.0      0.0      113.0    48.0     13.0     0.0      0.0      0.0      2.0      0.0      0.0      0.0      0.0      0.0      0.0      0.0      0.0      11.0     3.0      31.0     1.0      1.0      1.0      0.0      0.0      3.0      0.0      0.0      0.0      0.0      0.0      0.0      0.0      0.0      0.0      1.0      0.0      0.0      0.0      0.0      0.0      0.0      0.0      0.0      0.0      0.0      0.0      1.0      0.0      0.0      0.0      0.0      0.0      2.0      0.0      0.0      0.0      0.0      0.0      0.0      2.0      0.0      0.0      0.0      1.0      0.0      0.0      0.0      0.0      0.0      0.0      0.0      0.0      0.0      0.0      0.0      0.0      0.0      0.0      0.0      0.0      0.0      0.0      0.0      0.0      0.0      0.0      0.0      0.0      0.0      0.0      0.0      0.0      2.0      0.0      0.0      0.0      0.0      0.0      0.0      1.0      0.0      0.0      0.0      0.0     
19.0     80.0     3.0      25.0     16.0     14.0     17.0     10.0     6.0      16.0     23.0     6.0      5.0      30.0     181.0    712.0    1508.0   294.0    153.0    35.0     10.0     346.0    29.0     43.0     243.0    23.0     166.0    86.0     28.0     257.0    2.0      27.0     64.0     901.0    404.0    9.0      17.0     91.0     4.0      4.0      57.0     0.0      213.0    31.0     58.0     39.0     31.0     48.0     2484.0   88.0     12.0     192.0    48.0     54.0     16.0     2.0      69.0     21.0     188.0    12.0     38.0     153.0    18.0     0.0      14.0     129.0    67.0     129.0    1.0      15.0     0.0      25.0     34.0     315.0    3.0      0.0      0.0      0.0      0.0      0.0      4.0      2.0      0.0      1.0      2.0      0.0      4.0      0.0      3.0      2.0      15.0     3.0      1.0      1.0      0.0      0.0      0.0      3.0      1.0      1.0      1.0      16.0     2.0      22.0     10.0     1.0      0.0      0.0      1.0      1.0      1.0      0.0      9.0      0.0      1.0      7.0      0.0      0.0      0.0      2.0      5.0      1.0      0.0      11.0     1.0      0.0      0.0      2.0      0.0      0.0      0.0      14.0     0.0      0.0      0.0      0.0      0.0      0.0      1.0      0.0      1.0      44.0     1.0      4.0      3.0      1.0      8.0      4.0      12.0     0.0     
2.0      1.0      0.0      74.0     3.0      4.0      5.0      6.0      2.0      3.0      1.0      275.0    13.0     84.0     73.0     255.0    163.0    116.0    3.0      2.0      0.0      4.0      1.0      3.0      37.0     27.0     47.0     8.0      2.0      14.0     1.0      2.0      0.0      13.0     8.0      4.0      2.0      15.0     9.0      40.0     27.0     0.0      5.0      0.0      2.0      2.0      1.0      13.0     88.0     606.0    0.0      4.0      29.0     15.0     26.0     0.0      25.0     0.0      4.0      0.0      0.0      0.0      15.0     1.0      0.0      5.0      0.0      28.0     1.0      0.0      0.0      1.0      6.0      24.0     0.0      0.0      0.0      0.0      2.0      0.0      5.0      5.0      1.0      0.0      0.0      0.0      8.0      2.0      6.0      3.0      16.0     0.0      0.0      0.0      0.0      0.0      0.0      0.0      2.0      2.0      5.0      0.0      0.0      3.0      0.0      0.0      0.0      0.0      0.0      0.0      4.0      0.0      0.0      0.0      0.0      3.0      0.0      0.0      0.0      0.0      0.0      0.0      0.0      0.0      6.0      0.0      0.0      0.0      1.0      0.0      0.0      1.0      0.0      0.0      0.0      0.0      0.0      7.0      0.0      0.0      0.0      0.0      0.0      0.0      0.0      0.0      0.0      0.0      2.0      0.0     
12.0     37.0     0.0      0.0      2.0      3.0      0.0      0.0      0.0      0.0      0.0      0.0      0.0      0.0      0.0      0.0      0.0      0.0      28.0     1.0      38.0     3.0      21.0     14.0     0.0      0.0      0.0      0.0      0.0      0.0      7.0      13.0     0.0      18.0     30.0     0.0      68.0     4.0      0.0      0.0      0.0      0.0      4.0      187.0    5.0      0.0      0.0      0.0      12.0     0.0      268.0    5.0      0.0      0.0      0.0      0.0      0.0      6.0      7.0      11.0     126.0    56.0     1.0      2.0      3.0      1.0      0.0      0.0      0.0      0.0      2.0      0.0      22.0     0.0      0.0      0.0      0.0      0.0      0.0      0.0      1.0      0.0      0.0      0.0      0.0      0.0      0.0      0.0      0.0      0.0      0.0      0.0      0.0      0.0      0.0      0.0      0.0      2.0      0.0      0.0      0.0      0.0      0.0      0.0      0.0      2.0      2.0      0.0      0.0      1.0      0.0      0.0      0.0      0.0      0.0      0.0      0.0      0.0      1.0      0.0      0.0      0.0      0.0      0.0      0.0      0.0      0.0      0.0      0.0      0.0      0.0      0.0      0.0      0.0      0.0      0.0      0.0      0.0      2.0      0.0      0.0      0.0      0.0      0.0      0.0      0.0      0.0      0.0      0.0      0.0     
46.0     163.0    0.0      5.0      30.0     7.0      6.0      4.0      0.0      4.0      0.0      3.0      3.0      5.0      34.0     85.0     81.0     3.0      21.0     0.0      14.0     67.0     5.0      14.0     0.0      0.0      0.0      1.0      2.0      0.0      16.0     62.0     0.0      114.0    44.0     0.0      14.0     23.0     5.0      1.0      0.0      0.0      361.0    46.0     37.0     1.0      0.0      0.0      192.0    4.0      5.0      578.0    10.0     9.0      4.0      0.0      0.0      12.0     3.0      13.0     6.0      72.0     0.0      3.0      3.0      0.0      10.0     0.0      0.0      1.0      3.0      0.0      12.0     57.0     0.0      0.0      0.0      0.0      0.0      0.0      7.0      0.0      0.0      0.0      0.0      2.0      0.0      0.0      0.0      0.0      0.0      0.0      0.0      0.0      3.0      0.0      2.0      0.0      2.0      0.0      0.0      0.0      0.0      0.0      0.0      2.0      1.0      0.0      0.0      0.0      0.0      0.0      0.0      0.0      0.0      0.0      0.0      4.0      0.0      3.0      0.0      0.0      0.0      0.0      0.0      0.0      0.0      0.0      0.0      0.0      0.0      0.0      0.0      1.0      0.0      0.0      0.0      0.0      2.0      0.0      2.0      4.0      0.0      0.0      0.0      0.0      0.0      0.0      0.0      0.0     
7.0      1.0      0.0      4.0      12.0     9.0      1.0      0.0      0.0      3.0      0.0      118.0    0.0      63.0     338.0    149.0    41.0     20.0     3.0      1.0      0.0      17.0     0.0      30.0     3.0      0.0      2.0      1.0      43.0     8.0      0.0      0.0      0.0      30.0     4.0      0.0      0.0      4.0      0.0      6.0      0.0      0.0      12.0     0.0      5.0      2.0      1.0      0.0      48.0     29.0     0.0      10.0     656.0    11.0     32.0     0.0      0.0      1.0      7.0      0.0      0.0      10.0     53.0     0.0      0.0      5.0      4.0      1.0      43.0     0.0      0.0      0.0      0.0      8.0      0.0      9.0      0.0      0.0      0.0      12.0     30.0     3.0      0.0      0.0      0.0      0.0      34.0     0.0      17.0     45.0     45.0     1.0      0.0      0.0      0.0      0.0      0.0      0.0      20.0     1.0      2.0      0.0      0.0      0.0      1.0      0.0      0.0      0.0      0.0      0.0      1.0      0.0      0.0      1.0      4.0      2.0      0.0      0.0      0.0      0.0      0.0      0.0      0.0      0.0      11.0     0.0      0.0      14.0     16.0     2.0      0.0      0.0      0.0      0.0      0.0      0.0      0.0      20.0     0.0      0.0      0.0      41.0     0.0      1.0      0.0      0.0      0.0      0.0      1.0      0.0     
9.0      4.0      2.0      2.0      36.0     17.0     1.0      0.0      0.0      1.0      4.0      8.0      6.0      31.0     332.0    87.0     51.0     25.0     6.0      2.0      0.0      27.0     1.0      1.0      11.0     0.0      14.0     4.0      0.0      13.0     0.0      0.0      0.0      21.0     11.0     0.0      0.0      4.0      2.0      13.0     1.0      0.0      13.0     5.0      10.0     3.0      0.0      2.0      54.0     15.0     0.0      9.0      11.0     380.0    34.0     0.0      2.0      1.0      11.0     1.0      1.0      14.0     3.0      0.0      0.0      8.0      4.0      10.0     0.0      0.0      0.0      1.0      2.0      8.0      0.0      1.0      0.0      0.0      0.0      12.0     9.0      0.0      0.0      0.0      0.0      0.0      3.0      4.0      15.0     13.0     14.0     0.0      0.0      0.0      0.0      0.0      0.0      0.0      6.0      0.0      0.0      0.0      0.0      0.0      0.0      0.0      0.0      0.0      0.0      0.0      0.0      0.0      0.0      5.0      3.0      0.0      0.0      0.0      0.0      0.0      0.0      0.0      0.0      0.0      1.0      0.0      0.0      10.0     7.0      3.0      0.0      0.0      0.0      0.0      0.0      0.0      0.0      9.0      0.0      0.0      0.0      37.0     0.0      0.0      0.0      0.0      0.0      0.0      0.0      0.0     
7.0      1.0      1.0      5.0      3.0      10.0     8.0      1.0      2.0      1.0      0.0      172.0    0.0      10.0     353.0    573.0    19.0     5.0      2.0      0.0      0.0      2.0      0.0      13.0     16.0     11.0     9.0      7.0      70.0     4.0      0.0      0.0      0.0      6.0      0.0      0.0      0.0      1.0      0.0      22.0     0.0      0.0      3.0      0.0      0.0      16.0     0.0      0.0      16.0     26.0     0.0      4.0      32.0     34.0     738.0    2.0      8.0      0.0      2.0      1.0      0.0      0.0      5.0      0.0      0.0      0.0      5.0      15.0     48.0     25.0     0.0      1.0      0.0      12.0     0.0      0.0      0.0      0.0      0.0      0.0      0.0      0.0      0.0      0.0      0.0      0.0      5.0      0.0      1.0      5.0      1.0      0.0      0.0      0.0      0.0      0.0      0.0      0.0      0.0      0.0      0.0      0.0      0.0      0.0      0.0      0.0      0.0      0.0      0.0      0.0      0.0      0.0      0.0      0.0      1.0      0.0      0.0      0.0      0.0      0.0      0.0      0.0      0.0      0.0      2.0      0.0      0.0      5.0      2.0      0.0      0.0      0.0      0.0      0.0      0.0      0.0      0.0      0.0      0.0      0.0      0.0      9.0      0.0      2.0      0.0      0.0      0.0      0.0      0.0      0.0     
0.0      0.0      1.0      6.0      0.0      0.0      0.0      0.0      0.0      0.0      2.0      2.0      0.0      0.0      4.0      10.0     2.0      0.0      6.0      3.0      0.0      0.0      0.0      0.0      64.0     137.0    3.0      21.0     64.0     1.0      0.0      0.0      0.0      0.0      0.0      3.0      5.0      34.0     0.0      0.0      2.0      0.0      0.0      0.0      0.0      23.0     0.0      0.0      2.0      0.0      0.0      0.0      0.0      0.0      2.0      178.0    4.0      0.0      2.0      0.0      0.0      0.0      0.0      0.0      0.0      3.0      0.0      5.0      3.0      0.0      0.0      0.0      10.0     56.0     0.0      0.0      0.0      0.0      0.0      0.0      0.0      0.0      1.0      0.0      0.0      0.0      0.0      0.0      0.0      0.0      2.0      0.0      0.0      0.0      0.0      0.0      0.0      0.0      0.0      0.0      0.0      0.0      0.0      2.0      0.0      0.0      0.0      0.0      0.0      0.0      0.0      0.0      0.0      0.0      0.0      0.0      0.0      0.0      0.0      0.0      0.0      0.0      0.0      0.0      0.0      0.0      0.0      0.0      0.0      0.0      0.0      0.0      0.0      0.0      0.0      0.0      0.0      0.0      0.0      0.0      0.0      0.0      0.0      1.0      0.0      0.0      0.0      0.0      0.0      0.0     
5.0      0.0      4.0      21.0     1.0      0.0      0.0      0.0      0.0      1.0      2.0      42.0     0.0      0.0      20.0     36.0     80.0     1.0      32.0     8.0      0.0      0.0      0.0      3.0      508.0    43.0     447.0    59.0     159.0    76.0     5.0      10.0     1.0      14.0     0.0      2.0      10.0     25.0     0.0      0.0      15.0     0.0      0.0      0.0      3.0      39.0     3.0      0.0      69.0     25.0     0.0      0.0      0.0      2.0      8.0      4.0      790.0    0.0      28.0     0.0      0.0      0.0      1.0      1.0      0.0      38.0     16.0     99.0     26.0     6.0      0.0      2.0      17.0     56.0     2.0      0.0      0.0      0.0      0.0      0.0      0.0      0.0      0.0      0.0      0.0      1.0      0.0      0.0      0.0      0.0      0.0      0.0      0.0      0.0      1.0      0.0      0.0      0.0      0.0      0.0      0.0      10.0     0.0      1.0      9.0      0.0      0.0      0.0      0.0      0.0      0.0      0.0      0.0      0.0      0.0      0.0      0.0      0.0      0.0      0.0      0.0      0.0      0.0      0.0      0.0      0.0      0.0      0.0      0.0      0.0      0.0      1.0      0.0      0.0      0.0      0.0      0.0      0.0      0.0      0.0      0.0      12.0     0.0      0.0      0.0      0.0      2.0      0.0      0.0      0.0     
6.0      21.0     0.0      0.0      10.0     1.0      1.0      0.0      0.0      0.0      1.0      0.0      0.0      0.0      4.0      7.0      7.0      1.0      158.0    8.0      13.0     1.0      0.0      2.0      1.0      1.0      2.0      1.0      1.0      2.0      2.0      7.0      0.0      19.0     8.0      0.0      22.0     7.0      0.0      0.0      0.0      0.0      63.0     9.0      5.0      0.0      0.0      0.0      21.0     0.0      6.0      12.0     1.0      1.0      0.0      0.0      0.0      236.0    21.0     18.0     20.0     3.0      0.0      1.0      0.0      1.0      0.0      2.0      1.0      0.0      0.0      0.0      19.0     14.0     1.0      0.0      0.0      0.0      0.0      0.0      0.0      0.0      0.0      0.0      0.0      0.0      0.0      0.0      0.0      0.0      0.0      0.0      0.0      0.0      26.0     0.0      1.0      1.0      0.0      0.0      0.0      0.0      0.0      0.0      0.0      0.0      0.0      0.0      0.0      0.0      0.0      1.0      0.0      0.0      0.0      0.0      0.0      17.0     0.0      0.0      0.0      0.0      0.0      0.0      0.0      1.0      1.0      0.0      0.0      0.0      0.0      0.0      0.0      10.0     0.0      1.0      0.0      0.0      0.0      0.0      3.0      0.0      0.0      0.0      0.0      0.0      0.0      1.0      0.0      0.0     
23.0     42.0     0.0      0.0      25.0     3.0      6.0      0.0      0.0      5.0      5.0      0.0      3.0      7.0      28.0     89.0     53.0     5.0      385.0    86.0     6.0      9.0      5.0      7.0      50.0     2.0      19.0     0.0      0.0      9.0      4.0      46.0     4.0      142.0    26.0     0.0      93.0     82.0     6.0      2.0      0.0      0.0      1.0      23.0     11.0     0.0      0.0      0.0      188.0    4.0      7.0      3.0      7.0      11.0     2.0      2.0      28.0     21.0     877.0    14.0     54.0     2.0      2.0      1.0      1.0      16.0     28.0     0.0      0.0      0.0      1.0      0.0      84.0     70.0     0.0      1.0      0.0      0.0      0.0      0.0      0.0      0.0      0.0      0.0      0.0      1.0      0.0      0.0      0.0      0.0      1.0      0.0      0.0      18.0     75.0     0.0      0.0      9.0      0.0      0.0      0.0      0.0      0.0      1.0      1.0      1.0      3.0      0.0      4.0      6.0      0.0      10.0     10.0     0.0      0.0      0.0      0.0      10.0     3.0      0.0      0.0      0.0      0.0      4.0      0.0      0.0      0.0      0.0      0.0      0.0      0.0      0.0      6.0      21.0     0.0      6.0      0.0      0.0      1.0      0.0      9.0      16.0     0.0      0.0      0.0      0.0      0.0      32.0     1.0      0.0     
9.0      17.0     1.0      1.0      4.0      0.0      0.0      0.0      0.0      0.0      0.0      0.0      0.0      1.0      2.0      3.0      2.0      0.0      109.0    4.0      9.0      0.0      0.0      3.0      3.0      1.0      1.0      9.0      0.0      0.0      0.0      3.0      0.0      12.0     8.0      0.0      12.0     19.0     1.0      0.0      0.0      0.0      12.0     12.0     0.0      3.0      0.0      0.0      12.0     0.0      11.0     13.0     0.0      1.0      1.0      0.0      0.0      18.0     14.0     136.0    31.0     3.0      0.0      0.0      0.0      2.0      0.0      7.0      0.0      0.0      0.0      0.0      43.0     14.0     1.0      0.0      0.0      0.0      0.0      0.0      0.0      0.0      0.0      0.0      0.0      0.0      0.0      0.0      0.0      0.0      0.0      0.0      0.0      0.0      0.0      0.0      0.0      1.0      0.0      0.0      0.0      0.0      0.0      0.0      0.0      0.0      1.0      0.0      0.0      0.0      0.0      0.0      0.0      0.0      0.0      0.0      0.0      0.0      0.0      0.0      0.0      0.0      0.0      0.0      0.0      0.0      0.0      0.0      0.0      0.0      0.0      0.0      0.0      0.0      0.0      0.0      0.0      0.0      1.0      0.0      0.0      0.0      0.0      0.0      0.0      0.0      0.0      0.0      0.0      0.0     
12.0     51.0     0.0      0.0      3.0      1.0      0.0      0.0      0.0      0.0      0.0      0.0      0.0      0.0      3.0      0.0      0.0      0.0      125.0    6.0      51.0     2.0      4.0      10.0     0.0      0.0      0.0      0.0      0.0      0.0      3.0      7.0      0.0      63.0     43.0     0.0      113.0    30.0     0.0      0.0      0.0      0.0      4.0      107.0    0.0      0.0      0.0      0.0      38.0     0.0      126.0    6.0      0.0      1.0      0.0      0.0      0.0      20.0     54.0     31.0     378.0    24.0     1.0      0.0      2.0      3.0      0.0      0.0      0.0      0.0      1.0      0.0      87.0     18.0     0.0      0.0      0.0      0.0      0.0      0.0      1.0      0.0      0.0      0.0      0.0      0.0      0.0      0.0      0.0      0.0      0.0      0.0      0.0      0.0      0.0      0.0      0.0      1.0      0.0      0.0      0.0      0.0      0.0      0.0      0.0      1.0      1.0      0.0      0.0      1.0      0.0      0.0      0.0      0.0      0.0      0.0      0.0      0.0      1.0      0.0      0.0      0.0      0.0      0.0      0.0      0.0      0.0      0.0      0.0      0.0      0.0      0.0      0.0      0.0      0.0      0.0      0.0      0.0      1.0      0.0      0.0      0.0      0.0      0.0      0.0      0.0      0.0      0.0      0.0      0.0     
75.0     74.0     1.0      2.0      14.0     3.0      3.0      1.0      0.0      10.0     85.0     0.0      3.0      2.0      45.0     69.0     51.0     0.0      2.0      30.0     87.0     371.0    57.0     27.0     0.0      1.0      0.0      1.0      3.0      0.0      18.0     12.0     0.0      103.0    80.0     0.0      4.0      3.0      4.0      0.0      0.0      0.0      35.0     126.0    116.0    2.0      0.0      0.0      153.0    0.0      56.0     72.0     10.0     14.0     0.0      0.0      0.0      3.0      2.0      3.0      24.0     675.0    0.0      2.0      4.0      21.0     13.0     0.0      0.0      2.0      1.0      0.0      5.0      11.0     0.0      0.0      0.0      0.0      0.0      0.0      0.0      0.0      0.0      0.0      2.0      0.0      0.0      0.0      0.0      0.0      0.0      0.0      0.0      0.0      0.0      0.0      2.0      0.0      0.0      0.0      0.0      0.0      0.0      0.0      0.0      0.0      1.0      0.0      0.0      0.0      0.0      0.0      0.0      0.0      0.0      0.0      0.0      1.0      0.0      7.0      0.0      0.0      0.0      0.0      0.0      0.0      1.0      0.0      0.0      0.0      0.0      0.0      0.0      0.0      0.0      0.0      2.0      0.0      0.0      0.0      0.0      4.0      0.0      0.0      0.0      0.0      0.0      0.0      0.0      0.0     
10.0     0.0      0.0      0.0      17.0     9.0      0.0      0.0      0.0      0.0      1.0      2.0      33.0     16.0     44.0     38.0     25.0     30.0     2.0      1.0      0.0      0.0      0.0      70.0     2.0      0.0      5.0      0.0      0.0      3.0      0.0      1.0      0.0      3.0      7.0      0.0      0.0      1.0      0.0      1.0      0.0      0.0      0.0      3.0      1.0      0.0      0.0      11.0     18.0     15.0     1.0      0.0      53.0     3.0      5.0      0.0      1.0      0.0      2.0      0.0      1.0      0.0      175.0    0.0      4.0      2.0      0.0      1.0      0.0      0.0      0.0      0.0      0.0      2.0      0.0      7.0      0.0      0.0      0.0      21.0     7.0      0.0      0.0      0.0      0.0      0.0      0.0      0.0      1.0      12.0     14.0     0.0      0.0      0.0      0.0      0.0      0.0      0.0      3.0      0.0      0.0      0.0      0.0      0.0      0.0      0.0      0.0      0.0      0.0      0.0      0.0      0.0      0.0      0.0      0.0      0.0      0.0      0.0      0.0      0.0      0.0      0.0      0.0      0.0      0.0      0.0      0.0      2.0      6.0      0.0      0.0      0.0      0.0      0.0      0.0      0.0      0.0      0.0      0.0      0.0      0.0      5.0      0.0      0.0      0.0      0.0      0.0      0.0      0.0      0.0     
13.0     0.0      0.0      1.0      9.0      80.0     7.0      4.0      5.0      3.0      1.0      1.0      0.0      0.0      0.0      19.0     11.0     25.0     2.0      0.0      0.0      1.0      12.0     142.0    5.0      1.0      2.0      4.0      1.0      7.0      139.0    133.0    0.0      1.0      18.0     0.0      0.0      0.0      0.0      0.0      1.0      0.0      4.0      39.0     6.0      0.0      1.0      3.0      0.0      1.0      2.0      3.0      0.0      0.0      0.0      0.0      1.0      1.0      1.0      0.0      0.0      2.0      0.0      238.0    14.0     1.0      18.0     5.0      0.0      1.0      100.0    1.0      0.0      1.0      0.0      2.0      0.0      0.0      0.0      0.0      26.0     0.0      0.0      0.0      0.0      0.0      0.0      0.0      0.0      0.0      2.0      1.0      0.0      0.0      0.0      0.0      0.0      2.0      15.0     0.0      0.0      0.0      0.0      0.0      0.0      14.0     5.0      0.0      0.0      1.0      0.0      0.0      0.0      0.0      0.0      0.0      0.0      0.0      2.0      0.0      0.0      0.0      0.0      0.0      0.0      0.0      0.0      0.0      0.0      0.0      0.0      0.0      0.0      0.0      0.0      0.0      0.0      0.0      20.0     2.0      0.0      1.0      0.0      0.0      0.0      1.0      0.0      0.0      0.0      0.0     
17.0     0.0      0.0      0.0      6.0      4.0      0.0      0.0      0.0      1.0      0.0      0.0      5.0      0.0      1.0      0.0      7.0      24.0     1.0      0.0      0.0      2.0      9.0      133.0    1.0      0.0      0.0      0.0      0.0      1.0      7.0      17.0     0.0      2.0      12.0     0.0      0.0      0.0      2.0      0.0      0.0      0.0      0.0      12.0     3.0      0.0      0.0      31.0     14.0     0.0      3.0      3.0      0.0      0.0      0.0      0.0      0.0      0.0      1.0      0.0      2.0      4.0      4.0      14.0     145.0    0.0      2.0      0.0      0.0      0.0      3.0      0.0      0.0      1.0      0.0      0.0      0.0      0.0      0.0      0.0      2.0      0.0      0.0      0.0      0.0      0.0      0.0      0.0      0.0      0.0      0.0      0.0      0.0      0.0      0.0      0.0      0.0      2.0      2.0      0.0      0.0      0.0      0.0      0.0      0.0      2.0      0.0      0.0      0.0      1.0      0.0      0.0      0.0      0.0      0.0      0.0      0.0      0.0      1.0      0.0      0.0      0.0      0.0      0.0      0.0      0.0      0.0      0.0      0.0      0.0      0.0      0.0      0.0      0.0      0.0      0.0      0.0      0.0      3.0      0.0      0.0      0.0      0.0      0.0      0.0      0.0      0.0      0.0      0.0      0.0     
31.0     1.0      0.0      0.0      14.0     6.0      1.0      0.0      0.0      100.0    248.0    1.0      2.0      3.0      24.0     53.0     86.0     16.0     25.0     222.0    1.0      48.0     30.0     13.0     56.0     1.0      104.0    1.0      0.0      339.0    17.0     47.0     18.0     114.0    8.0      7.0      43.0     59.0     2.0      0.0      3.0      0.0      23.0     20.0     205.0    1.0      2.0      1.0      129.0    5.0      1.0      0.0      5.0      8.0      0.0      3.0      38.0     1.0      16.0     2.0      3.0      21.0     2.0      1.0      0.0      826.0    121.0    1.0      0.0      0.0      3.0      4.0      61.0     84.0     13.0     2.0      0.0      0.0      0.0      0.0      2.0      0.0      0.0      0.0      13.0     17.0     0.0      0.0      0.0      0.0      1.0      0.0      0.0      22.0     44.0     0.0      4.0      0.0      0.0      0.0      0.0      0.0      0.0      0.0      0.0      3.0      2.0      0.0      2.0      1.0      0.0      6.0      3.0      0.0      0.0      0.0      0.0      53.0     0.0      44.0     0.0      0.0      0.0      4.0      0.0      0.0      3.0      0.0      0.0      0.0      0.0      0.0      7.0      10.0     0.0      0.0      3.0      0.0      3.0      0.0      10.0     96.0     0.0      0.0      0.0      1.0      0.0      14.0     3.0      0.0     
29.0     2.0      6.0      0.0      40.0     226.0    139.0    61.0     109.0    361.0    164.0    0.0      0.0      0.0      14.0     166.0    46.0     9.0      34.0     114.0    0.0      95.0     22.0     60.0     11.0     11.0     70.0     0.0      0.0      133.0    25.0     73.0     7.0      94.0     9.0      18.0     4.0      11.0     0.0      0.0      43.0     0.0      42.0     9.0      210.0    0.0      18.0     1.0      67.0     0.0      0.0      10.0     4.0      4.0      5.0      0.0      16.0     0.0      28.0     0.0      0.0      13.0     0.0      18.0     2.0      121.0    1237.0   10.0     0.0      0.0      49.0     28.0     5.0      34.0     3.0      3.0      0.0      2.0      0.0      4.0      44.0     1.0      1.0      3.0      34.0     112.0    6.0      0.0      9.0      39.0     48.0     15.0     2.0      31.0     184.0    0.0      24.0     25.0     37.0     5.0      0.0      98.0     5.0      21.0     83.0     47.0     15.0     0.0      6.0      16.0     0.0      13.0     68.0     0.0      0.0      12.0     0.0      143.0    16.0     154.0    3.0      1.0      0.0      22.0     1.0      1.0      11.0     16.0     12.0     10.0     0.0      34.0     1.0      15.0     0.0      4.0      25.0     0.0      66.0     3.0      46.0     618.0    2.0      1.0      3.0      6.0      28.0     54.0     29.0     0.0     
10.0     0.0      27.0     16.0     8.0      3.0      0.0      1.0      0.0      0.0      0.0      45.0     1.0      1.0      77.0     136.0    195.0    29.0     5.0      0.0      1.0      2.0      1.0      3.0      123.0    171.0    505.0    649.0    416.0    8.0      9.0      20.0     1.0      33.0     28.0     1.0      1.0      23.0     0.0      0.0      8.0      0.0      0.0      0.0      0.0      211.0    6.0      1.0      129.0    28.0     0.0      0.0      1.0      10.0     15.0     5.0      99.0     2.0      0.0      7.0      0.0      0.0      1.0      5.0      0.0      1.0      10.0     1357.0   69.0     40.0     3.0      0.0      6.0      47.0     0.0      3.0      0.0      2.0      0.0      0.0      2.0      0.0      0.0      0.0      1.0      0.0      1.0      0.0      0.0      2.0      2.0      1.0      0.0      0.0      0.0      0.0      0.0      1.0      0.0      1.0      0.0      24.0     1.0      2.0      23.0     1.0      1.0      0.0      0.0      0.0      0.0      0.0      0.0      0.0      0.0      0.0      0.0      0.0      1.0      0.0      0.0      7.0      0.0      0.0      0.0      0.0      0.0      0.0      0.0      1.0      0.0      3.0      0.0      0.0      0.0      0.0      0.0      0.0      1.0      0.0      1.0      4.0      2.0      0.0      0.0      0.0      3.0      0.0      0.0      0.0     
0.0      0.0      1.0      3.0      0.0      0.0      1.0      5.0      0.0      0.0      0.0      307.0    0.0      0.0      194.0    243.0    1.0      0.0      1.0      0.0      0.0      0.0      0.0      0.0      54.0     65.0     41.0     56.0     477.0    0.0      0.0      0.0      0.0      5.0      0.0      7.0      0.0      54.0     0.0      0.0      7.0      0.0      0.0      0.0      0.0      29.0     0.0      0.0      1.0      1.0      0.0      0.0      43.0     0.0      48.0     3.0      26.0     1.0      0.0      0.0      0.0      0.0      0.0      0.0      0.0      0.0      0.0      69.0     816.0    13.0     0.0      0.0      7.0      39.0     0.0      0.0      0.0      0.0      0.0      0.0      0.0      5.0      1.0      0.0      0.0      0.0      3.0      0.0      0.0      7.0      8.0      1.0      0.0      0.0      0.0      0.0      0.0      0.0      0.0      1.0      0.0      0.0      0.0      12.0     0.0      0.0      0.0      0.0      0.0      0.0      0.0      0.0      0.0      0.0      0.0      0.0      0.0      0.0      0.0      0.0      0.0      0.0      0.0      1.0      0.0      0.0      0.0      1.0      0.0      0.0      0.0      1.0      0.0      0.0      0.0      0.0      0.0      0.0      0.0      0.0      0.0      2.0      0.0      7.0      0.0      0.0      0.0      0.0      0.0      0.0     
0.0      0.0      1.0      0.0      1.0      0.0      0.0      2.0      0.0      0.0      0.0      21.0     0.0      0.0      58.0     112.0    14.0     0.0      0.0      0.0      0.0      4.0      0.0      0.0      2.0      1.0      24.0     42.0     260.0    2.0      0.0      1.0      0.0      9.0      1.0      0.0      0.0      1.0      0.0      0.0      0.0      0.0      2.0      0.0      1.0      24.0     1.0      0.0      15.0     0.0      0.0      1.0      0.0      0.0      25.0     0.0      6.0      0.0      0.0      0.0      0.0      2.0      0.0      1.0      0.0      0.0      0.0      40.0     13.0     315.0    1.0      0.0      0.0      4.0      0.0      0.0      0.0      0.0      0.0      0.0      1.0      0.0      0.0      0.0      0.0      0.0      0.0      0.0      0.0      1.0      1.0      0.0      0.0      0.0      0.0      0.0      0.0      0.0      0.0      0.0      0.0      0.0      0.0      1.0      0.0      0.0      0.0      0.0      0.0      0.0      0.0      0.0      0.0      0.0      0.0      0.0      0.0      0.0      0.0      0.0      0.0      0.0      0.0      0.0      0.0      0.0      0.0      0.0      0.0      0.0      0.0      0.0      0.0      0.0      0.0      0.0      0.0      0.0      0.0      0.0      0.0      0.0      0.0      0.0      0.0      0.0      0.0      0.0      0.0      0.0     
29.0     1.0      0.0      0.0      32.0     175.0    12.0     4.0      5.0      5.0      1.0      0.0      0.0      0.0      0.0      76.0     8.0      18.0     1.0      0.0      0.0      1.0      10.0     63.0     1.0      1.0      4.0      2.0      1.0      20.0     79.0     124.0    0.0      2.0      11.0     0.0      0.0      1.0      0.0      0.0      0.0      0.0      4.0      27.0     8.0      0.0      2.0      3.0      0.0      0.0      2.0      3.0      0.0      0.0      0.0      0.0      0.0      0.0      1.0      0.0      1.0      1.0      0.0      100.0    3.0      3.0      49.0     3.0      0.0      1.0      250.0    5.0      0.0      0.0      0.0      14.0     0.0      0.0      0.0      5.0      49.0     0.0      0.0      0.0      0.0      0.0      0.0      0.0      0.0      0.0      10.0     0.0      0.0      0.0      0.0      0.0      0.0      2.0      41.0     0.0      0.0      0.0      0.0      0.0      0.0      63.0     4.0      0.0      0.0      0.0      0.0      0.0      0.0      0.0      0.0      0.0      0.0      0.0      0.0      0.0      0.0      0.0      0.0      0.0      0.0      0.0      0.0      0.0      0.0      0.0      0.0      0.0      0.0      0.0      0.0      0.0      0.0      0.0      63.0     2.0      0.0      0.0      0.0      0.0      0.0      18.0     0.0      0.0      0.0      0.0     
2.0      0.0      0.0      0.0      5.0      36.0     103.0    82.0     52.0     3.0      0.0      0.0      0.0      0.0      2.0      48.0     17.0     1.0      0.0      0.0      0.0      0.0      1.0      0.0      3.0      0.0      0.0      0.0      0.0      378.0    3.0      16.0     2.0      31.0     1.0      4.0      4.0      19.0     0.0      0.0      4.0      0.0      0.0      2.0      1.0      0.0      30.0     0.0      25.0     1.0      0.0      0.0      0.0      1.0      1.0      0.0      2.0      0.0      0.0      0.0      0.0      0.0      0.0      1.0      0.0      4.0      28.0     0.0      0.0      0.0      5.0      382.0    13.0     25.0     2.0      0.0      0.0      0.0      0.0      0.0      0.0      0.0      0.0      0.0      0.0      0.0      0.0      0.0      0.0      1.0      3.0      1.0      0.0      0.0      0.0      0.0      0.0      0.0      0.0      0.0      0.0      13.0     0.0      0.0      9.0      2.0      0.0      0.0      0.0      0.0      0.0      0.0      0.0      0.0      0.0      1.0      0.0      0.0      0.0      0.0      0.0      0.0      0.0      1.0      0.0      0.0      0.0      0.0      0.0      0.0      0.0      8.0      0.0      0.0      0.0      0.0      0.0      0.0      2.0      0.0      0.0      15.0     0.0      0.0      0.0      0.0      1.0      0.0      0.0      0.0     
9.0      25.0     7.0      9.0      2.0      0.0      2.0      2.0      0.0      3.0      13.0     9.0      0.0      1.0      5.0      5.0      10.0     0.0      173.0    20.0     9.0      5.0      1.0      4.0      46.0     77.0     16.0     7.0      7.0      94.0     1.0      4.0      10.0     83.0     18.0     28.0     321.0    524.0    1.0      0.0      24.0     0.0      8.0      58.0     1.0      3.0      15.0     0.0      34.0     6.0      22.0     12.0     0.0      2.0      0.0      10.0     17.0     19.0     84.0     43.0     87.0     5.0      0.0      0.0      0.0      61.0     5.0      6.0      7.0      0.0      0.0      13.0     775.0    226.0    7.0      0.0      0.0      0.0      0.0      0.0      0.0      0.0      0.0      0.0      0.0      0.0      0.0      0.0      0.0      0.0      1.0      0.0      0.0      0.0      0.0      0.0      0.0      0.0      0.0      0.0      0.0      0.0      0.0      0.0      0.0      0.0      0.0      0.0      0.0      0.0      0.0      0.0      15.0     0.0      0.0      0.0      0.0      0.0      0.0      0.0      0.0      0.0      0.0      1.0      0.0      0.0      0.0      0.0      0.0      0.0      0.0      0.0      0.0      0.0      0.0      0.0      0.0      0.0      0.0      0.0      0.0      8.0      0.0      0.0      0.0      0.0      0.0      16.0     0.0      0.0     
7.0      35.0     9.0      29.0     3.0      1.0      1.0      1.0      9.0      19.0     7.0      46.0     1.0      5.0      39.0     78.0     188.0    19.0     111.0    29.0     14.0     46.0     1.0      3.0      367.0    177.0    83.0     67.0     108.0    182.0    8.0      19.0     20.0     568.0    11.0     63.0     81.0     490.0    2.0      1.0      56.0     0.0      48.0     9.0      3.0      40.0     14.0     0.0      315.0    24.0     0.0      57.0     8.0      8.0      12.0     56.0     56.0     14.0     70.0     14.0     18.0     11.0     2.0      1.0      1.0      84.0     34.0     47.0     39.0     4.0      0.0      25.0     226.0    1580.0   13.0     1.0      0.0      0.0      0.0      1.0      2.0      1.0      0.0      0.0      0.0      0.0      1.0      0.0      1.0      0.0      4.0      1.0      1.0      0.0      0.0      0.0      0.0      0.0      0.0      0.0      0.0      2.0      0.0      3.0      2.0      1.0      2.0      0.0      4.0      0.0      0.0      0.0      19.0     0.0      0.0      1.0      0.0      0.0      0.0      0.0      1.0      0.0      0.0      5.0      1.0      0.0      0.0      1.0      0.0      0.0      0.0      0.0      0.0      0.0      0.0      0.0      0.0      0.0      1.0      0.0      0.0      15.0     0.0      0.0      0.0      0.0      1.0      9.0      11.0     0.0     
0.0      0.0      0.0      0.0      0.0      0.0      0.0      0.0      1.0      0.0      5.0      0.0      0.0      0.0      0.0      0.0      1.0      0.0      3.0      1.0      0.0      0.0      0.0      0.0      3.0      4.0      3.0      0.0      0.0      40.0     0.0      0.0      14.0     94.0     0.0      31.0     1.0      17.0     0.0      0.0      15.0     0.0      0.0      0.0      0.0      0.0      2.0      0.0      3.0      0.0      0.0      0.0      0.0      0.0      0.0      0.0      2.0      1.0      0.0      1.0      0.0      0.0      0.0      0.0      0.0      13.0     3.0      0.0      0.0      0.0      0.0      2.0      7.0      13.0     104.0    0.0      0.0      0.0      0.0      0.0      0.0      0.0      0.0      0.0      0.0      0.0      0.0      0.0      0.0      0.0      0.0      0.0      0.0      0.0      0.0      0.0      0.0      0.0      0.0      0.0      0.0      1.0      0.0      0.0      1.0      0.0      0.0      0.0      0.0      0.0      0.0      0.0      1.0      0.0      0.0      0.0      0.0      0.0      0.0      0.0      0.0      0.0      0.0      0.0      0.0      0.0      0.0      0.0      0.0      0.0      0.0      0.0      0.0      0.0      0.0      0.0      0.0      0.0      0.0      0.0      0.0      1.0      0.0      0.0      0.0      0.0      0.0      0.0      1.0      0.0     
45.0     0.0      0.0      0.0      70.0     35.0     1.0      0.0      0.0      1.0      1.0      0.0      0.0      0.0      11.0     51.0     0.0      0.0      0.0      0.0      0.0      0.0      0.0      27.0     1.0      0.0      1.0      2.0      1.0      4.0      23.0     23.0     0.0      0.0      0.0      0.0      0.0      0.0      0.0      0.0      0.0      0.0      0.0      0.0      1.0      1.0      0.0      0.0      0.0      0.0      0.0      0.0      9.0      1.0      0.0      0.0      0.0      0.0      1.0      0.0      0.0      0.0      7.0      2.0      0.0      2.0      3.0      3.0      0.0      0.0      14.0     0.0      0.0      1.0      0.0      1089.0   2.0      0.0      0.0      291.0    10.0     0.0      0.0      0.0      2.0      20.0     0.0      8.0      0.0      44.0     28.0     33.0     25.0     36.0     48.0     0.0      63.0     230.0    233.0    1.0      0.0      5.0      1.0      2.0      6.0      24.0     18.0     0.0      9.0      95.0     0.0      24.0     19.0     3.0      0.0      0.0      0.0      176.0    160.0    26.0     0.0      1.0      59.0     38.0     0.0      13.0     53.0     0.0      6.0      1.0      0.0      3.0      14.0     35.0     0.0      8.0      156.0    1.0      9.0      68.0     15.0     4.0      2.0      0.0      2.0      47.0     0.0      15.0     32.0     0.0     
0.0      0.0      0.0      0.0      0.0      0.0      0.0      0.0      0.0      0.0      0.0      0.0      0.0      0.0      0.0      0.0      0.0      0.0      0.0      0.0      0.0      0.0      0.0      0.0      0.0      0.0      0.0      0.0      0.0      0.0      0.0      0.0      0.0      0.0      0.0      0.0      0.0      0.0      0.0      0.0      0.0      0.0      0.0      0.0      0.0      0.0      0.0      0.0      0.0      0.0      0.0      0.0      0.0      0.0      0.0      0.0      0.0      0.0      0.0      0.0      0.0      0.0      0.0      0.0      0.0      0.0      0.0      0.0      0.0      0.0      0.0      0.0      0.0      0.0      0.0      2.0      163.0    0.0      0.0      1.0      0.0      0.0      0.0      0.0      0.0      0.0      0.0      0.0      0.0      0.0      0.0      0.0      0.0      71.0     26.0     30.0     1.0      2.0      0.0      1.0      0.0      0.0      0.0      0.0      0.0      0.0      0.0      0.0      0.0      44.0     0.0      5.0      1.0      0.0      0.0      0.0      0.0      19.0     53.0     0.0      0.0      0.0      0.0      2.0      0.0      22.0     25.0     0.0      0.0      0.0      0.0      0.0      23.0     15.0     0.0      31.0     28.0     0.0      0.0      0.0      0.0      0.0      0.0      0.0      0.0      0.0      0.0      1.0      1.0      0.0     
0.0      0.0      8.0      0.0      0.0      0.0      0.0      0.0      0.0      2.0      0.0      0.0      0.0      0.0      0.0      4.0      1.0      0.0      0.0      0.0      0.0      0.0      3.0      0.0      0.0      0.0      4.0      3.0      14.0     4.0      0.0      0.0      0.0      0.0      0.0      0.0      0.0      0.0      0.0      0.0      0.0      0.0      0.0      0.0      1.0      3.0      2.0      0.0      0.0      0.0      0.0      0.0      0.0      0.0      0.0      0.0      0.0      0.0      0.0      0.0      0.0      0.0      0.0      0.0      0.0      0.0      2.0      2.0      0.0      0.0      0.0      0.0      0.0      0.0      0.0      0.0      0.0      551.0    0.0      0.0      0.0      0.0      8.0      0.0      0.0      0.0      0.0      0.0      0.0      2.0      44.0     0.0      0.0      0.0      0.0      0.0      0.0      1.0      0.0      0.0      0.0      7.0      92.0     71.0     16.0     0.0      1.0      0.0      0.0      0.0      0.0      0.0      0.0      0.0      0.0      0.0      0.0      0.0      0.0      0.0      48.0     144.0    0.0      0.0      0.0      0.0      0.0      1.0      0.0      0.0      0.0      0.0      0.0      0.0      0.0      0.0      0.0      0.0      0.0      0.0      0.0      5.0      68.0     0.0      17.0     0.0      0.0      0.0      0.0      0.0     
0.0      0.0      0.0      0.0      0.0      0.0      0.0      1.0      0.0      0.0      0.0      1.0      0.0      0.0      0.0      2.0      0.0      0.0      0.0      0.0      0.0      0.0      1.0      0.0      0.0      0.0      0.0      0.0      1.0      0.0      0.0      0.0      0.0      0.0      0.0      0.0      0.0      0.0      0.0      0.0      0.0      0.0      0.0      1.0      0.0      0.0      0.0      0.0      0.0      2.0      0.0      0.0      0.0      0.0      0.0      0.0      0.0      0.0      0.0      0.0      0.0      0.0      0.0      0.0      0.0      0.0      0.0      0.0      0.0      0.0      0.0      0.0      0.0      0.0      0.0      0.0      0.0      0.0      338.0    0.0      0.0      3.0      0.0      0.0      0.0      0.0      144.0    0.0      0.0      11.0     37.0     4.0      1.0      1.0      2.0      0.0      0.0      1.0      0.0      65.0     119.0    32.0     22.0     48.0     2.0      0.0      0.0      0.0      8.0      0.0      18.0     0.0      8.0      0.0      0.0      48.0     0.0      0.0      0.0      0.0      9.0      0.0      0.0      4.0      48.0     0.0      0.0      5.0      2.0      17.0     4.0      68.0     0.0      2.0      0.0      0.0      0.0      0.0      0.0      0.0      0.0      0.0      21.0     21.0     1.0      0.0      0.0      3.0      36.0     0.0     
51.0     0.0      1.0      0.0      223.0    126.0    2.0      0.0      0.0      0.0      0.0      0.0      1.0      0.0      84.0     262.0    0.0      0.0      0.0      0.0      0.0      0.0      0.0      29.0     1.0      0.0      0.0      0.0      0.0      0.0      12.0     7.0      0.0      0.0      0.0      0.0      0.0      0.0      0.0      0.0      0.0      0.0      0.0      0.0      0.0      0.0      0.0      0.0      0.0      0.0      0.0      0.0      12.0     12.0     0.0      0.0      0.0      0.0      0.0      0.0      0.0      0.0      21.0     0.0      0.0      0.0      4.0      0.0      0.0      0.0      5.0      0.0      0.0      1.0      0.0      291.0    1.0      0.0      0.0      1665.0   160.0    0.0      0.0      1.0      1.0      13.0     1.0      63.0     16.0     1.0      455.0    13.0     11.0     46.0     89.0     0.0      55.0     356.0    51.0     29.0     6.0      49.0     6.0      3.0      50.0     9.0      2.0      0.0      10.0     8.0      3.0      13.0     37.0     35.0     1.0      2.0      0.0      168.0    13.0     7.0      3.0      0.0      16.0     21.0     2.0      3.0      47.0     0.0      175.0    80.0     3.0      36.0     14.0     58.0     2.0      5.0      112.0    9.0      0.0      7.0      36.0     155.0    4.0      0.0      2.0      22.0     2.0      26.0     52.0     0.0     
32.0     3.0      0.0      0.0      151.0    208.0    0.0      0.0      0.0      2.0      1.0      9.0      2.0      12.0     73.0     185.0    6.0      6.0      2.0      0.0      0.0      0.0      3.0      62.0     0.0      2.0      0.0      2.0      1.0      11.0     27.0     78.0     0.0      6.0      2.0      0.0      0.0      1.0      0.0      8.0      1.0      0.0      9.0      9.0      14.0     0.0      1.0      1.0      4.0      5.0      1.0      7.0      30.0     9.0      0.0      0.0      0.0      0.0      0.0      0.0      1.0      0.0      7.0      26.0     2.0      2.0      44.0     2.0      0.0      1.0      49.0     0.0      0.0      2.0      0.0      10.0     0.0      0.0      0.0      160.0    980.0    119.0    35.0     2.0      8.0      0.0      1.0      11.0     14.0     17.0     553.0    10.0     8.0      2.0      7.0      0.0      1.0      77.0     98.0     0.0      0.0      3.0      0.0      0.0      94.0     38.0     147.0    0.0      0.0      61.0     0.0      3.0      0.0      6.0      0.0      0.0      0.0      8.0      60.0     1.0      0.0      2.0      0.0      0.0      1.0      3.0      1.0      10.0     21.0     3.0      0.0      0.0      0.0      2.0      0.0      2.0      2.0      7.0      104.0    4.0      10.0     266.0    0.0      1.0      0.0      69.0     29.0     0.0      0.0      0.0     
2.0      0.0      0.0      0.0      0.0      4.0      0.0      2.0      0.0      2.0      0.0      13.0     0.0      0.0      3.0      15.0     4.0      2.0      0.0      0.0      0.0      0.0      0.0      3.0      0.0      0.0      0.0      0.0      6.0      3.0      3.0      7.0      0.0      2.0      2.0      0.0      0.0      0.0      0.0      0.0      0.0      0.0      0.0      1.0      0.0      0.0      0.0      0.0      2.0      5.0      0.0      0.0      3.0      0.0      0.0      0.0      0.0      0.0      0.0      0.0      0.0      0.0      0.0      0.0      0.0      0.0      1.0      0.0      5.0      0.0      0.0      0.0      0.0      1.0      0.0      0.0      0.0      0.0      3.0      0.0      119.0    441.0    97.0     11.0     7.0      0.0      5.0      0.0      2.0      6.0      235.0    0.0      0.0      4.0      1.0      0.0      0.0      3.0      1.0      1.0      0.0      0.0      0.0      0.0      159.0    2.0      38.0     0.0      0.0      1.0      0.0      1.0      0.0      0.0      0.0      0.0      0.0      1.0      1.0      1.0      0.0      10.0     0.0      1.0      4.0      1.0      0.0      0.0      3.0      1.0      0.0      1.0      2.0      1.0      0.0      1.0      0.0      1.0      1.0      0.0      10.0     117.0    0.0      1.0      0.0      1.0      83.0     1.0      1.0      0.0     
1.0      0.0      1.0      0.0      1.0      1.0      0.0      2.0      0.0      0.0      0.0      4.0      0.0      0.0      1.0      11.0     1.0      0.0      0.0      0.0      0.0      0.0      0.0      1.0      1.0      1.0      0.0      0.0      24.0     0.0      0.0      2.0      0.0      0.0      0.0      0.0      0.0      0.0      0.0      0.0      0.0      0.0      0.0      0.0      0.0      0.0      0.0      0.0      0.0      1.0      0.0      0.0      0.0      0.0      0.0      1.0      0.0      0.0      0.0      0.0      0.0      0.0      0.0      0.0      0.0      0.0      1.0      0.0      1.0      0.0      0.0      0.0      0.0      0.0      0.0      0.0      0.0      8.0      0.0      0.0      35.0     97.0     305.0    44.0     10.0     0.0      0.0      0.0      1.0      4.0      106.0    0.0      0.0      0.0      0.0      0.0      0.0      1.0      1.0      1.0      0.0      5.0      0.0      4.0      153.0    1.0      19.0     0.0      0.0      0.0      0.0      0.0      0.0      0.0      0.0      0.0      0.0      0.0      0.0      0.0      0.0      28.0     0.0      0.0      0.0      0.0      0.0      1.0      0.0      2.0      0.0      0.0      0.0      0.0      0.0      0.0      0.0      1.0      0.0      0.0      3.0      94.0     1.0      1.0      0.0      0.0      92.0     0.0      1.0      0.0     
0.0      0.0      1.0      0.0      0.0      0.0      1.0      1.0      0.0      0.0      0.0      0.0      0.0      0.0      0.0      1.0      0.0      0.0      0.0      0.0      0.0      0.0      0.0      0.0      0.0      0.0      1.0      0.0      1.0      0.0      0.0      0.0      1.0      1.0      0.0      0.0      0.0      0.0      0.0      0.0      0.0      0.0      0.0      0.0      0.0      0.0      0.0      0.0      1.0      0.0      0.0      0.0      0.0      0.0      0.0      0.0      0.0      0.0      0.0      0.0      0.0      0.0      0.0      0.0      0.0      0.0      3.0      0.0      0.0      0.0      0.0      0.0      0.0      0.0      0.0      0.0      0.0      0.0      0.0      1.0      2.0      11.0     44.0     105.0    10.0     0.0      0.0      0.0      0.0      0.0      4.0      0.0      0.0      0.0      0.0      0.0      0.0      1.0      0.0      1.0      0.0      2.0      0.0      0.0      68.0     0.0      2.0      0.0      0.0      0.0      0.0      0.0      2.0      0.0      0.0      0.0      0.0      0.0      0.0      1.0      0.0      11.0     0.0      0.0      0.0      0.0      0.0      0.0      0.0      2.0      0.0      0.0      0.0      0.0      0.0      0.0      0.0      0.0      0.0      0.0      1.0      40.0     0.0      0.0      0.0      0.0      54.0     1.0      1.0      0.0     
0.0      0.0      6.0      0.0      0.0      0.0      2.0      0.0      0.0      20.0     5.0      0.0      0.0      0.0      0.0      9.0      1.0      1.0      0.0      1.0      0.0      11.0     0.0      0.0      0.0      0.0      5.0      0.0      1.0      4.0      0.0      1.0      0.0      5.0      1.0      1.0      0.0      1.0      0.0      0.0      1.0      0.0      2.0      0.0      13.0     0.0      2.0      0.0      2.0      0.0      0.0      0.0      0.0      0.0      0.0      0.0      0.0      0.0      0.0      0.0      0.0      2.0      0.0      0.0      0.0      13.0     34.0     1.0      0.0      0.0      0.0      0.0      0.0      0.0      0.0      2.0      0.0      0.0      0.0      1.0      8.0      7.0      10.0     10.0     308.0    13.0     0.0      0.0      0.0      2.0      25.0     0.0      1.0      11.0     29.0     0.0      12.0     72.0     1.0      3.0      0.0      5.0      0.0      3.0      86.0     0.0      7.0      0.0      4.0      10.0     0.0      1.0      29.0     0.0      0.0      0.0      0.0      12.0     17.0     115.0    0.0      0.0      0.0      7.0      0.0      2.0      2.0      0.0      0.0      7.0      0.0      4.0      0.0      3.0      0.0      0.0      18.0     0.0      2.0      0.0      29.0     136.0    0.0      0.0      1.0      0.0      3.0      19.0     11.0     0.0     
0.0      0.0      0.0      0.0      0.0      0.0      0.0      0.0      0.0      44.0     65.0     0.0      0.0      0.0      0.0      0.0      0.0      0.0      0.0      39.0     0.0      15.0     0.0      0.0      0.0      0.0      1.0      0.0      0.0      0.0      0.0      0.0      0.0      0.0      0.0      0.0      0.0      0.0      0.0      0.0      0.0      0.0      22.0     0.0      54.0     0.0      0.0      0.0      0.0      0.0      0.0      2.0      0.0      0.0      0.0      0.0      1.0      0.0      1.0      0.0      0.0      0.0      0.0      0.0      0.0      17.0     112.0    0.0      0.0      0.0      0.0      0.0      0.0      0.0      0.0      20.0     0.0      0.0      0.0      13.0     0.0      0.0      0.0      0.0      13.0     489.0    0.0      0.0      0.0      0.0      0.0      0.0      0.0      2.0      230.0    0.0      160.0    47.0     3.0      1.0      0.0      0.0      0.0      0.0      4.0      0.0      0.0      0.0      1.0      7.0      0.0      0.0      0.0      0.0      0.0      0.0      0.0      24.0     10.0     222.0    0.0      0.0      0.0      2.0      0.0      2.0      1.0      0.0      1.0      0.0      0.0      0.0      0.0      6.0      0.0      0.0      72.0     0.0      0.0      0.0      166.0    90.0     0.0      0.0      0.0      1.0      0.0      0.0      0.0      0.0     
0.0      0.0      0.0      1.0      0.0      4.0      2.0      1.0      0.0      0.0      0.0      22.0     0.0      7.0      35.0     22.0     5.0      2.0      0.0      0.0      0.0      0.0      0.0      0.0      0.0      0.0      1.0      0.0      1.0      0.0      0.0      0.0      0.0      3.0      0.0      0.0      0.0      0.0      0.0      5.0      0.0      0.0      0.0      0.0      0.0      0.0      0.0      0.0      4.0      8.0      0.0      0.0      34.0     3.0      5.0      0.0      0.0      0.0      0.0      0.0      0.0      0.0      0.0      0.0      0.0      0.0      6.0      1.0      3.0      0.0      0.0      0.0      0.0      1.0      0.0      0.0      0.0      0.0      144.0    1.0      1.0      5.0      0.0      0.0      0.0      0.0      1322.0   0.0      15.0     247.0    391.0    3.0      3.0      3.0      2.0      0.0      0.0      0.0      1.0      78.0     162.0    11.0     13.0     18.0     2.0      0.0      0.0      0.0      2.0      2.0      17.0     0.0      37.0     3.0      42.0     36.0     0.0      0.0      0.0      0.0      5.0      0.0      0.0      5.0      350.0    0.0      0.0      66.0     116.0    261.0    4.0      22.0     1.0      0.0      0.0      0.0      0.0      2.0      0.0      0.0      0.0      40.0     21.0     130.0    2.0      0.0      0.0      2.0      99.0     0.0     
0.0      0.0      0.0      0.0      0.0      0.0      0.0      0.0      0.0      0.0      0.0      1.0      0.0      1.0      5.0      1.0      0.0      0.0      0.0      0.0      0.0      0.0      0.0      0.0      0.0      0.0      0.0      0.0      0.0      0.0      0.0      0.0      0.0      0.0      0.0      0.0      0.0      0.0      0.0      1.0      0.0      0.0      0.0      0.0      0.0      0.0      0.0      0.0      0.0      2.0      0.0      0.0      0.0      4.0      0.0      0.0      0.0      0.0      0.0      0.0      0.0      0.0      0.0      0.0      0.0      0.0      0.0      0.0      0.0      0.0      0.0      0.0      0.0      0.0      0.0      8.0      0.0      0.0      0.0      63.0     11.0     0.0      0.0      0.0      0.0      0.0      0.0      148.0    18.0     1.0      56.0     2.0      4.0      0.0      3.0      0.0      0.0      0.0      29.0     0.0      0.0      0.0      0.0      0.0      0.0      0.0      0.0      0.0      0.0      0.0      0.0      0.0      0.0      74.0     0.0      0.0      0.0      1.0      1.0      0.0      0.0      0.0      22.0     1.0      10.0     0.0      0.0      0.0      25.0     23.0     0.0      0.0      0.0      5.0      0.0      0.0      0.0      9.0      0.0      8.0      0.0      5.0      0.0      0.0      0.0      0.0      0.0      0.0      0.0      0.0     
0.0      0.0      1.0      0.0      0.0      21.0     2.0      0.0      1.0      1.0      0.0      2.0      0.0      10.0     43.0     31.0     3.0      2.0      0.0      0.0      0.0      0.0      0.0      0.0      0.0      0.0      0.0      0.0      0.0      0.0      0.0      0.0      0.0      3.0      0.0      0.0      0.0      0.0      0.0      6.0      0.0      0.0      0.0      0.0      0.0      0.0      0.0      0.0      3.0      6.0      0.0      0.0      17.0     15.0     1.0      0.0      0.0      0.0      0.0      0.0      0.0      0.0      1.0      0.0      0.0      0.0      9.0      0.0      0.0      0.0      0.0      0.0      0.0      1.0      0.0      0.0      0.0      0.0      0.0      16.0     14.0     2.0      1.0      0.0      0.0      0.0      15.0     18.0     358.0    11.0     145.0    0.0      0.0      3.0      5.0      0.0      0.0      5.0      0.0      0.0      0.0      1.0      0.0      0.0      3.0      0.0      0.0      0.0      0.0      0.0      0.0      0.0      0.0      69.0     27.0     0.0      0.0      2.0      0.0      0.0      0.0      0.0      0.0      1.0      27.0     0.0      0.0      105.0    26.0     52.0     0.0      0.0      1.0      4.0      0.0      0.0      0.0      12.0     0.0      0.0      1.0      78.0     0.0      0.0      0.0      0.0      0.0      0.0      0.0      0.0     
0.0      0.0      1.0      0.0      2.0      16.0     14.0     2.0      2.0      6.0      0.0      19.0     0.0      4.0      72.0     183.0    1.0      0.0      0.0      0.0      0.0      0.0      0.0      7.0      0.0      0.0      0.0      1.0      14.0     5.0      1.0      1.0      0.0      2.0      1.0      0.0      0.0      0.0      0.0      3.0      0.0      0.0      0.0      0.0      2.0      4.0      0.0      0.0      2.0      3.0      0.0      0.0      45.0     13.0     5.0      0.0      0.0      0.0      0.0      0.0      0.0      0.0      12.0     0.0      0.0      0.0      39.0     2.0      7.0      1.0      0.0      1.0      0.0      0.0      0.0      44.0     0.0      2.0      11.0     1.0      17.0     6.0      4.0      0.0      2.0      0.0      247.0    1.0      11.0     2132.0   337.0    83.0     46.0     69.0     78.0     0.0      0.0      38.0     42.0     107.0    36.0     26.0     24.0     204.0    31.0     0.0      0.0      0.0      16.0     2.0      16.0     9.0      51.0     2.0      3.0      17.0     0.0      32.0     6.0      0.0      21.0     0.0      8.0      103.0    49.0     0.0      0.0      373.0    492.0    386.0    9.0      28.0     14.0     48.0     6.0      3.0      1.0      16.0     0.0      2.0      29.0     162.0    18.0     257.0    103.0    0.0      2.0      14.0     109.0    0.0     
49.0     0.0      24.0     0.0      213.0    187.0    18.0     4.0      6.0      21.0     1.0      34.0     1.0      21.0     97.0     387.0    16.0     4.0      0.0      0.0      0.0      0.0      1.0      45.0     2.0      2.0      4.0      0.0      65.0     24.0     26.0     17.0     0.0      12.0     3.0      1.0      0.0      2.0      0.0      12.0     0.0      0.0      2.0      3.0      6.0      2.0      11.0     0.0      15.0     16.0     0.0      0.0      45.0     14.0     1.0      2.0      0.0      0.0      1.0      0.0      0.0      0.0      14.0     2.0      0.0      1.0      48.0     2.0      8.0      1.0      10.0     3.0      1.0      4.0      0.0      28.0     0.0      44.0     37.0     455.0    553.0    235.0    106.0    4.0      25.0     0.0      391.0    56.0     145.0    337.0    5206.0   89.0     37.0     211.0    146.0    0.0      2.0      130.0    36.0     66.0     113.0    73.0     6.0      137.0    306.0    13.0     12.0     0.0      17.0     10.0     46.0     4.0      29.0     54.0     39.0     68.0     0.0      55.0     5.0      17.0     5.0      40.0     13.0     142.0    272.0    0.0      3.0      104.0    100.0    664.0    1.0      65.0     69.0     81.0     1.0      0.0      8.0      22.0     5.0      3.0      94.0     432.0    9.0      98.0     46.0     47.0     39.0     9.0      79.0     0.0     
0.0      0.0      0.0      0.0      0.0      4.0      0.0      1.0      0.0      1.0      0.0      4.0      0.0      5.0      2.0      2.0      2.0      0.0      0.0      0.0      0.0      0.0      0.0      4.0      0.0      4.0      5.0      0.0      1.0      3.0      3.0      0.0      1.0      2.0      0.0      4.0      0.0      2.0      0.0      7.0      6.0      0.0      0.0      0.0      0.0      0.0      3.0      0.0      3.0      0.0      0.0      0.0      1.0      0.0      0.0      0.0      0.0      0.0      0.0      0.0      0.0      0.0      0.0      1.0      0.0      0.0      15.0     1.0      1.0      0.0      0.0      1.0      0.0      1.0      0.0      33.0     0.0      0.0      4.0      13.0     10.0     0.0      0.0      0.0      0.0      0.0      3.0      2.0      0.0      83.0     89.0     653.0    187.0    36.0     14.0     1.0      0.0      7.0      82.0     80.0     32.0     75.0     7.0      2.0      59.0     14.0     1.0      0.0      18.0     58.0     8.0      14.0     57.0     0.0      0.0      90.0     0.0      0.0      79.0     0.0      3.0      0.0      55.0     334.0    83.0     2.0      0.0      14.0     26.0     38.0     0.0      57.0     2.0      4.0      4.0      6.0      0.0      8.0      24.0     17.0     38.0     6.0      8.0      4.0      0.0      4.0      5.0      11.0     89.0     0.0     
2.0      0.0      0.0      0.0      1.0      1.0      0.0      1.0      0.0      0.0      0.0      0.0      0.0      0.0      1.0      1.0      0.0      1.0      0.0      0.0      0.0      0.0      1.0      1.0      0.0      0.0      2.0      0.0      0.0      1.0      1.0      1.0      0.0      1.0      1.0      0.0      0.0      0.0      0.0      0.0      0.0      0.0      0.0      1.0      0.0      0.0      1.0      1.0      1.0      0.0      0.0      0.0      0.0      0.0      0.0      0.0      0.0      0.0      0.0      0.0      0.0      0.0      0.0      0.0      0.0      0.0      2.0      0.0      0.0      0.0      0.0      0.0      0.0      1.0      0.0      25.0     0.0      0.0      1.0      11.0     8.0      0.0      0.0      0.0      1.0      0.0      3.0      4.0      0.0      46.0     37.0     187.0    291.0    10.0     11.0     1.0      0.0      0.0      116.0    13.0     15.0     18.0     0.0      0.0      13.0     16.0     0.0      0.0      2.0      28.0     8.0      5.0      28.0     0.0      0.0      12.0     0.0      1.0      23.0     0.0      0.0      0.0      80.0     52.0     54.0     0.0      0.0      3.0      16.0     16.0     0.0      10.0     3.0      4.0      1.0      3.0      0.0      18.0     24.0     41.0     16.0     0.0      0.0      1.0      0.0      7.0      0.0      3.0      40.0     0.0     
0.0      0.0      0.0      0.0      0.0      0.0      0.0      0.0      0.0      10.0     20.0     0.0      0.0      0.0      0.0      0.0      1.0      1.0      2.0      47.0     0.0      2.0      0.0      0.0      1.0      0.0      2.0      0.0      0.0      0.0      0.0      0.0      0.0      0.0      0.0      0.0      0.0      0.0      0.0      0.0      0.0      0.0      0.0      0.0      4.0      0.0      0.0      0.0      1.0      0.0      0.0      0.0      0.0      0.0      0.0      0.0      0.0      0.0      18.0     0.0      0.0      0.0      0.0      0.0      0.0      22.0     31.0     0.0      0.0      0.0      0.0      0.0      0.0      0.0      0.0      36.0     71.0     0.0      1.0      46.0     2.0      4.0      0.0      0.0      11.0     2.0      3.0      0.0      3.0      69.0     211.0    36.0     10.0     1446.0   54.0     94.0     1.0      69.0     11.0     50.0     5.0      132.0    3.0      22.0     58.0     2.0      3.0      3.0      57.0     174.0    0.0      162.0    71.0     1.0      0.0      22.0     0.0      56.0     177.0    6.0      2.0      0.0      1.0      153.0    4.0      85.0     17.0     15.0     38.0     64.0     1.0      133.0    369.0    202.0    49.0     123.0    84.0     0.0      4.0      0.0      59.0     30.0     2.0      1.0      10.0     0.0      0.0      70.0     173.0    1.0     
0.0      0.0      0.0      0.0      0.0      0.0      0.0      0.0      0.0      55.0     112.0    0.0      0.0      0.0      0.0      0.0      0.0      0.0      34.0     205.0    0.0      20.0     2.0      0.0      2.0      0.0      1.0      0.0      0.0      0.0      0.0      0.0      0.0      0.0      1.0      0.0      0.0      0.0      0.0      0.0      0.0      0.0      154.0    1.0      119.0    0.0      0.0      0.0      0.0      0.0      0.0      3.0      0.0      0.0      0.0      0.0      1.0      26.0     75.0     0.0      0.0      0.0      0.0      0.0      0.0      44.0     184.0    0.0      0.0      0.0      0.0      0.0      0.0      0.0      0.0      48.0     26.0     0.0      2.0      89.0     7.0      1.0      0.0      0.0      29.0     230.0    2.0      3.0      5.0      78.0     146.0    14.0     11.0     54.0     1992.0   23.0     150.0    225.0    22.0     3.0      2.0      56.0     19.0     28.0     4.0      5.0      23.0     0.0      50.0     133.0    0.0      55.0     59.0     5.0      0.0      0.0      0.0      133.0    102.0    155.0    7.0      0.0      4.0      185.0    11.0     22.0     9.0      15.0     63.0     94.0     0.0      52.0     15.0     562.0    1.0      28.0     111.0    1.0      23.0     0.0      399.0    147.0    16.0     5.0      9.0      1.0      0.0      88.0     40.0     0.0     
0.0      0.0      0.0      0.0      0.0      0.0      0.0      0.0      0.0      0.0      0.0      0.0      0.0      0.0      0.0      0.0      0.0      0.0      0.0      0.0      0.0      0.0      0.0      0.0      0.0      0.0      0.0      0.0      0.0      0.0      0.0      0.0      0.0      0.0      0.0      0.0      0.0      0.0      0.0      0.0      0.0      0.0      0.0      0.0      0.0      0.0      0.0      0.0      0.0      0.0      0.0      0.0      0.0      0.0      0.0      0.0      0.0      0.0      0.0      0.0      0.0      0.0      0.0      0.0      0.0      0.0      0.0      0.0      0.0      0.0      0.0      0.0      0.0      0.0      0.0      0.0      30.0     0.0      0.0      0.0      0.0      0.0      0.0      0.0      0.0      0.0      0.0      0.0      0.0      0.0      0.0      1.0      1.0      94.0     23.0     342.0    3.0      6.0      1.0      0.0      0.0      0.0      0.0      0.0      0.0      0.0      0.0      0.0      2.0      74.0     0.0      4.0      0.0      0.0      0.0      0.0      0.0      69.0     92.0     0.0      0.0      0.0      0.0      5.0      0.0      73.0     36.0     0.0      0.0      0.0      0.0      0.0      73.0     32.0     0.0      62.0     129.0    0.0      0.0      0.0      0.0      0.0      0.0      0.0      0.0      0.0      0.0      0.0      1.0      0.0     
0.0      0.0      0.0      0.0      0.0      0.0      0.0      0.0      0.0      18.0     14.0     0.0      0.0      0.0      0.0      0.0      0.0      0.0      0.0      6.0      0.0      19.0     0.0      0.0      0.0      0.0      0.0      0.0      0.0      0.0      0.0      0.0      0.0      0.0      0.0      0.0      0.0      0.0      0.0      0.0      0.0      0.0      9.0      1.0      23.0     0.0      0.0      0.0      0.0      0.0      0.0      2.0      0.0      0.0      0.0      0.0      0.0      1.0      0.0      0.0      0.0      2.0      0.0      0.0      0.0      4.0      24.0     0.0      0.0      0.0      0.0      0.0      0.0      0.0      0.0      63.0     1.0      0.0      0.0      55.0     1.0      0.0      0.0      0.0      12.0     160.0    0.0      0.0      0.0      0.0      2.0      0.0      0.0      1.0      150.0    3.0      497.0    69.0     5.0      0.0      0.0      0.0      0.0      0.0      1.0      2.0      2.0      0.0      0.0      12.0     0.0      0.0      0.0      0.0      0.0      0.0      0.0      30.0     7.0      143.0    0.0      0.0      0.0      4.0      0.0      3.0      107.0    0.0      1.0      1.0      0.0      0.0      0.0      4.0      0.0      0.0      209.0    0.0      2.0      0.0      129.0    29.0     0.0      0.0      0.0      0.0      0.0      1.0      0.0      0.0     
4.0      0.0      2.0      0.0      3.0      22.0     0.0      1.0      0.0      4.0      1.0      0.0      0.0      0.0      0.0      6.0      2.0      1.0      4.0      0.0      0.0      2.0      2.0      24.0     0.0      0.0      1.0      1.0      0.0      4.0      3.0      20.0     0.0      3.0      3.0      1.0      0.0      0.0      0.0      0.0      3.0      0.0      1.0      4.0      2.0      0.0      2.0      0.0      3.0      0.0      2.0      0.0      0.0      0.0      0.0      0.0      0.0      1.0      9.0      1.0      1.0      0.0      0.0      2.0      2.0      0.0      25.0     1.0      0.0      0.0      2.0      0.0      0.0      0.0      0.0      230.0    2.0      1.0      1.0      356.0    77.0     3.0      1.0      1.0      72.0     47.0     0.0      0.0      5.0      38.0     130.0    7.0      0.0      69.0     225.0    6.0      69.0     1408.0   148.0    28.0     8.0      72.0     14.0     18.0     73.0     81.0     140.0    0.0      9.0      192.0    4.0      22.0     39.0     5.0      0.0      3.0      0.0      244.0    256.0    118.0    8.0      1.0      0.0      5.0      4.0      28.0     30.0     16.0     72.0     29.0     3.0      33.0     28.0     83.0     1.0      5.0      151.0    0.0      215.0    4.0      111.0    18.0     13.0     3.0      6.0      27.0     7.0      23.0     40.0     0.0     
39.0     1.0      0.0      0.0      21.0     104.0    1.0      0.0      0.0      0.0      0.0      0.0      0.0      5.0      28.0     41.0     2.0      4.0      0.0      0.0      0.0      0.0      2.0      65.0     1.0      0.0      0.0      0.0      0.0      2.0      38.0     27.0     0.0      1.0      2.0      0.0      0.0      0.0      0.0      1.0      0.0      0.0      1.0      3.0      1.0      0.0      1.0      2.0      1.0      2.0      0.0      2.0      20.0     6.0      0.0      0.0      0.0      0.0      0.0      0.0      0.0      0.0      3.0      15.0     2.0      0.0      37.0     0.0      0.0      0.0      41.0     0.0      0.0      0.0      0.0      233.0    0.0      0.0      0.0      51.0     98.0     1.0      1.0      0.0      1.0      3.0      1.0      29.0     0.0      42.0     36.0     82.0     116.0    11.0     22.0     1.0      5.0      148.0    904.0    2.0      1.0      2.0      0.0      0.0      7.0      147.0    82.0     0.0      5.0      170.0    1.0      6.0      11.0     0.0      0.0      1.0      0.0      33.0     196.0    4.0      0.0      0.0      107.0    30.0     5.0      3.0      4.0      5.0      6.0      2.0      0.0      1.0      9.0      10.0     0.0      2.0      15.0     74.0     276.0    191.0    8.0      12.0     0.0      0.0      0.0      68.0     1.0      1.0      20.0     0.0     
0.0      0.0      0.0      0.0      0.0      0.0      4.0      3.0      0.0      0.0      0.0      6.0      0.0      0.0      0.0      9.0      2.0      0.0      0.0      0.0      0.0      0.0      0.0      0.0      0.0      0.0      0.0      0.0      4.0      0.0      0.0      0.0      0.0      0.0      1.0      0.0      0.0      0.0      0.0      0.0      2.0      0.0      0.0      1.0      0.0      1.0      0.0      0.0      1.0      2.0      0.0      0.0      1.0      0.0      0.0      0.0      0.0      0.0      0.0      0.0      0.0      0.0      0.0      0.0      0.0      0.0      5.0      1.0      1.0      0.0      0.0      0.0      0.0      0.0      0.0      1.0      1.0      0.0      65.0     29.0     0.0      1.0      1.0      1.0      3.0      1.0      78.0     0.0      0.0      107.0    66.0     80.0     13.0     50.0     3.0      0.0      0.0      28.0     2.0      1515.0   131.0    104.0    115.0    346.0    45.0     0.0      1.0      3.0      27.0     3.0      15.0     28.0     140.0    0.0      0.0      41.0     0.0      0.0      1.0      3.0      75.0     0.0      1.0      80.0     13.0     2.0      0.0      40.0     44.0     93.0     27.0     459.0    10.0     0.0      3.0      12.0     0.0      0.0      0.0      0.0      10.0     6.0      33.0     99.0     24.0     0.0      5.0      100.0    562.0    1.0     
0.0      0.0      0.0      0.0      0.0      0.0      0.0      1.0      0.0      0.0      0.0      2.0      0.0      2.0      1.0      2.0      6.0      3.0      0.0      0.0      0.0      0.0      0.0      0.0      0.0      0.0      0.0      0.0      1.0      0.0      0.0      0.0      0.0      0.0      0.0      0.0      0.0      0.0      0.0      2.0      0.0      0.0      0.0      0.0      0.0      0.0      0.0      0.0      1.0      5.0      0.0      0.0      2.0      0.0      0.0      0.0      0.0      0.0      0.0      0.0      0.0      0.0      0.0      0.0      0.0      0.0      0.0      0.0      0.0      0.0      0.0      0.0      0.0      0.0      0.0      0.0      0.0      0.0      119.0    6.0      0.0      0.0      0.0      0.0      0.0      0.0      162.0    0.0      0.0      36.0     113.0    32.0     15.0     5.0      2.0      0.0      0.0      8.0      1.0      131.0    755.0    25.0     20.0     25.0     13.0     0.0      0.0      0.0      35.0     0.0      186.0    1.0      78.0     0.0      0.0      210.0    0.0      0.0      1.0      0.0      2.0      0.0      1.0      30.0     86.0     0.0      0.0      16.0     23.0     51.0     26.0     42.0     1.0      2.0      0.0      0.0      0.0      0.0      1.0      0.0      5.0      0.0      46.0     27.0     0.0      0.0      0.0      41.0     197.0    0.0     
0.0      0.0      17.0     0.0      0.0      0.0      1.0      1.0      0.0      4.0      0.0      0.0      0.0      0.0      1.0      3.0      12.0     2.0      0.0      0.0      0.0      0.0      3.0      0.0      0.0      6.0      71.0     3.0      2.0      34.0     0.0      3.0      3.0      18.0     1.0      3.0      0.0      2.0      0.0      0.0      5.0      0.0      0.0      0.0      0.0      3.0      32.0     0.0      16.0     0.0      0.0      0.0      0.0      0.0      0.0      0.0      10.0     0.0      0.0      0.0      0.0      0.0      0.0      0.0      0.0      0.0      98.0     24.0     0.0      0.0      0.0      13.0     0.0      2.0      1.0      5.0      0.0      7.0      32.0     49.0     3.0      0.0      5.0      2.0      5.0      0.0      11.0     0.0      1.0      26.0     73.0     75.0     18.0     132.0    56.0     0.0      0.0      72.0     2.0      104.0    25.0     2131.0   187.0    367.0    594.0    1.0      2.0      4.0      61.0     14.0     9.0      3.0      47.0     1.0      0.0      59.0     0.0      0.0      5.0      3.0      119.0    55.0     4.0      83.0     2.0      1.0      0.0      3.0      37.0     164.0    2.0      907.0    1.0      42.0     0.0      2.0      0.0      1.0      3.0      0.0      160.0    84.0     328.0    16.0     68.0     0.0      5.0      30.0     93.0     7.0     
0.0      0.0      9.0      0.0      0.0      0.0      0.0      2.0      0.0      0.0      0.0      1.0      0.0      0.0      0.0      2.0      1.0      0.0      0.0      0.0      0.0      0.0      1.0      0.0      0.0      0.0      3.0      0.0      3.0      0.0      0.0      0.0      0.0      2.0      1.0      0.0      0.0      0.0      0.0      0.0      0.0      0.0      0.0      0.0      0.0      2.0      5.0      0.0      2.0      0.0      0.0      0.0      0.0      0.0      0.0      0.0      0.0      0.0      0.0      0.0      0.0      0.0      0.0      0.0      0.0      0.0      5.0      1.0      0.0      0.0      0.0      0.0      0.0      0.0      0.0      1.0      0.0      92.0     22.0     6.0      0.0      0.0      0.0      0.0      0.0      0.0      13.0     0.0      0.0      24.0     6.0      7.0      0.0      3.0      19.0     0.0      0.0      14.0     0.0      115.0    20.0     187.0    1054.0   321.0    0.0      0.0      1.0      0.0      0.0      2.0      0.0      0.0      3.0      0.0      0.0      2.0      0.0      3.0      2.0      0.0      559.0    8.0      0.0      7.0      1.0      0.0      0.0      1.0      0.0      8.0      0.0      191.0    0.0      1.0      2.0      0.0      1.0      0.0      0.0      0.0      24.0     4.0      492.0    23.0     65.0     0.0      0.0      0.0      17.0     0.0     
0.0      0.0      43.0     1.0      0.0      0.0      2.0      14.0     0.0      1.0      0.0      17.0     0.0      0.0      0.0      61.0     22.0     3.0      0.0      1.0      0.0      0.0      5.0      0.0      2.0      2.0      6.0      0.0      80.0     2.0      0.0      4.0      0.0      13.0     6.0      0.0      0.0      1.0      0.0      0.0      2.0      0.0      0.0      0.0      0.0      6.0      12.0     0.0      22.0     3.0      0.0      0.0      0.0      0.0      0.0      2.0      1.0      0.0      1.0      0.0      0.0      0.0      0.0      0.0      0.0      0.0      21.0     2.0      12.0     1.0      0.0      0.0      0.0      3.0      0.0      2.0      0.0      71.0     48.0     3.0      0.0      0.0      4.0      0.0      3.0      0.0      18.0     0.0      0.0      204.0    137.0    2.0      0.0      22.0     28.0     0.0      0.0      18.0     0.0      346.0    25.0     367.0    321.0    2606.0   8.0      0.0      0.0      0.0      2.0      0.0      0.0      5.0      43.0     0.0      0.0      0.0      0.0      9.0      0.0      0.0      331.0    0.0      0.0      10.0     2.0      0.0      1.0      66.0     18.0     13.0     13.0     378.0    0.0      25.0     9.0      1.0      5.0      0.0      0.0      0.0      11.0     21.0     143.0    324.0    353.0    0.0      2.0      17.0     109.0    0.0     
0.0      0.0      29.0     0.0      1.0      7.0      7.0      3.0      0.0      14.0     0.0      0.0      0.0      0.0      4.0      33.0     10.0     1.0      0.0      0.0      0.0      3.0      2.0      4.0      0.0      11.0     73.0     3.0      8.0      49.0     0.0      12.0     1.0      12.0     1.0      6.0      0.0      5.0      0.0      0.0      13.0     0.0      0.0      0.0      0.0      3.0      17.0     0.0      10.0     0.0      0.0      0.0      1.0      0.0      0.0      0.0      9.0      0.0      1.0      0.0      0.0      0.0      0.0      0.0      0.0      0.0      83.0     23.0     0.0      0.0      0.0      9.0      0.0      2.0      1.0      6.0      0.0      16.0     2.0      50.0     94.0     159.0    153.0    68.0     86.0     4.0      2.0      0.0      3.0      31.0     306.0    59.0     13.0     58.0     4.0      0.0      1.0      73.0     7.0      45.0     13.0     594.0    0.0      8.0      2635.0   4.0      35.0     16.0     351.0    72.0     39.0     9.0      238.0    1.0      0.0      56.0     0.0      0.0      16.0     77.0     0.0      159.0    3.0      224.0    6.0      3.0      0.0      2.0      26.0     140.0    2.0      86.0     2.0      36.0     0.0      1.0      2.0      2.0      12.0     0.0      613.0    306.0    14.0     0.0      3.0      1.0      460.0    124.0    294.0    26.0    
22.0     1.0      0.0      0.0      10.0     107.0    0.0      0.0      0.0      1.0      1.0      0.0      0.0      0.0      0.0      26.0     0.0      3.0      0.0      0.0      0.0      0.0      1.0      43.0     1.0      1.0      4.0      0.0      0.0      14.0     30.0     49.0     0.0      0.0      1.0      0.0      0.0      0.0      0.0      0.0      1.0      0.0      2.0      6.0      3.0      0.0      2.0      2.0      1.0      0.0      2.0      2.0      0.0      0.0      0.0      0.0      0.0      0.0      1.0      0.0      1.0      0.0      0.0      14.0     2.0      3.0      47.0     1.0      0.0      0.0      63.0     2.0      0.0      1.0      0.0      24.0     0.0      0.0      0.0      9.0      38.0     2.0      1.0      0.0      0.0      0.0      0.0      0.0      0.0      0.0      13.0     14.0     16.0     2.0      5.0      0.0      2.0      81.0     147.0    0.0      0.0      1.0      0.0      0.0      4.0      332.0    81.0     0.0      0.0      61.0     0.0      2.0      0.0      0.0      0.0      0.0      0.0      12.0     59.0     2.0      0.0      0.0      0.0      0.0      0.0      3.0      1.0      0.0      0.0      0.0      0.0      0.0      2.0      2.0      0.0      2.0      5.0      0.0      273.0    18.0     2.0      2.0      0.0      0.0      0.0      80.0     2.0      0.0      0.0      0.0     
20.0     0.0      0.0      0.0      0.0      0.0      0.0      0.0      0.0      1.0      3.0      0.0      0.0      0.0      0.0      0.0      2.0      2.0      1.0      0.0      0.0      0.0      3.0      9.0      3.0      0.0      1.0      0.0      2.0      9.0      2.0      88.0     0.0      1.0      5.0      0.0      0.0      0.0      0.0      0.0      1.0      0.0      6.0      6.0      12.0     0.0      1.0      0.0      0.0      0.0      2.0      1.0      0.0      0.0      0.0      0.0      0.0      0.0      3.0      1.0      1.0      1.0      0.0      5.0      0.0      2.0      15.0     1.0      0.0      0.0      4.0      0.0      0.0      2.0      0.0      18.0     0.0      1.0      0.0      2.0      147.0    38.0     19.0     2.0      7.0      0.0      0.0      0.0      0.0      0.0      12.0     1.0      0.0      3.0      23.0     0.0      2.0      140.0    82.0     1.0      0.0      2.0      1.0      0.0      35.0     81.0     388.0    0.0      0.0      36.0     0.0      4.0      0.0      0.0      0.0      0.0      0.0      20.0     54.0     6.0      1.0      0.0      0.0      0.0      0.0      3.0      1.0      0.0      0.0      0.0      0.0      0.0      1.0      10.0     0.0      3.0      8.0      0.0      145.0    2.0      13.0     38.0     1.0      0.0      0.0      42.0     12.0     2.0      0.0      0.0     
0.0      0.0      0.0      0.0      0.0      0.0      0.0      0.0      0.0      0.0      0.0      0.0      0.0      0.0      0.0      0.0      0.0      0.0      0.0      0.0      0.0      0.0      0.0      0.0      0.0      0.0      0.0      0.0      0.0      0.0      0.0      0.0      0.0      0.0      0.0      0.0      0.0      0.0      0.0      0.0      0.0      0.0      0.0      0.0      0.0      0.0      0.0      0.0      0.0      0.0      0.0      0.0      0.0      0.0      0.0      0.0      0.0      0.0      0.0      0.0      0.0      0.0      0.0      0.0      0.0      0.0      0.0      0.0      0.0      0.0      0.0      0.0      0.0      0.0      0.0      0.0      0.0      0.0      0.0      0.0      0.0      0.0      0.0      0.0      0.0      0.0      0.0      0.0      0.0      0.0      0.0      0.0      0.0      3.0      0.0      0.0      0.0      0.0      0.0      3.0      0.0      4.0      0.0      0.0      16.0     0.0      0.0      43.0     40.0     31.0     1.0      0.0      12.0     0.0      0.0      15.0     0.0      0.0      0.0      0.0      0.0      0.0      0.0      33.0     0.0      0.0      0.0      0.0      0.0      0.0      0.0      2.0      0.0      0.0      0.0      0.0      0.0      0.0      0.0      0.0      11.0     0.0      0.0      0.0      0.0      0.0      3.0      6.0      9.0      6.0     
0.0      0.0      0.0      0.0      0.0      0.0      0.0      2.0      1.0      0.0      0.0      2.0      0.0      1.0      1.0      4.0      1.0      0.0      2.0      3.0      0.0      0.0      0.0      0.0      0.0      0.0      0.0      0.0      2.0      1.0      0.0      0.0      0.0      2.0      0.0      0.0      0.0      0.0      0.0      1.0      0.0      0.0      0.0      0.0      0.0      0.0      0.0      0.0      1.0      0.0      0.0      0.0      0.0      0.0      0.0      0.0      0.0      0.0      4.0      0.0      0.0      0.0      0.0      0.0      0.0      2.0      6.0      0.0      0.0      0.0      0.0      0.0      0.0      4.0      0.0      9.0      0.0      0.0      8.0      10.0     0.0      0.0      0.0      0.0      4.0      1.0      2.0      0.0      0.0      16.0     17.0     18.0     2.0      57.0     50.0     2.0      0.0      9.0      5.0      27.0     35.0     61.0     0.0      2.0      351.0    0.0      0.0      40.0     845.0    204.0    98.0     5.0      70.0     0.0      0.0      116.0    0.0      14.0     34.0     4.0      0.0      0.0      2.0      403.0    6.0      1.0      0.0      4.0      8.0      14.0     0.0      20.0     9.0      35.0     1.0      4.0      15.0     0.0      0.0      0.0      202.0    4.0      0.0      0.0      2.0      0.0      23.0     32.0     355.0    32.0    
4.0      0.0      0.0      0.0      3.0      19.0     0.0      0.0      0.0      1.0      0.0      0.0      0.0      1.0      0.0      6.0      0.0      1.0      2.0      2.0      0.0      1.0      1.0      19.0     0.0      0.0      1.0      0.0      0.0      1.0      5.0      10.0     0.0      0.0      1.0      0.0      0.0      0.0      0.0      1.0      0.0      0.0      0.0      1.0      0.0      0.0      1.0      1.0      1.0      0.0      1.0      0.0      0.0      0.0      0.0      0.0      0.0      0.0      6.0      0.0      1.0      0.0      0.0      1.0      1.0      1.0      16.0     0.0      0.0      0.0      0.0      0.0      0.0      0.0      0.0      95.0     44.0     0.0      0.0      8.0      61.0     1.0      0.0      0.0      10.0     7.0      2.0      0.0      0.0      2.0      10.0     58.0     28.0     174.0    133.0    74.0     12.0     192.0    170.0    3.0      0.0      14.0     2.0      0.0      72.0     61.0     36.0     31.0     204.0    1125.0   2.0      48.0     58.0     0.0      0.0      7.0      0.0      76.0     735.0    13.0     1.0      0.0      32.0     233.0    2.0      100.0    16.0     0.0      0.0      2.0      0.0      3.0      95.0     105.0    4.0      94.0     117.0    1.0      121.0    34.0     61.0     16.0     2.0      0.0      0.0      30.0     5.0      35.0     85.0     2.0     
0.0      0.0      0.0      0.0      0.0      0.0      0.0      0.0      0.0      0.0      0.0      1.0      0.0      2.0      1.0      0.0      5.0      3.0      0.0      0.0      0.0      0.0      0.0      0.0      0.0      0.0      0.0      0.0      0.0      0.0      0.0      0.0      0.0      0.0      0.0      0.0      0.0      0.0      0.0      2.0      0.0      0.0      0.0      0.0      0.0      0.0      0.0      0.0      1.0      4.0      0.0      0.0      1.0      0.0      0.0      0.0      0.0      0.0      0.0      0.0      0.0      0.0      0.0      0.0      0.0      0.0      0.0      0.0      0.0      0.0      0.0      0.0      0.0      0.0      0.0      0.0      0.0      0.0      18.0     3.0      0.0      0.0      0.0      0.0      0.0      0.0      17.0     0.0      0.0      16.0     46.0     8.0      8.0      0.0      0.0      0.0      0.0      4.0      1.0      15.0     186.0    9.0      0.0      0.0      39.0     0.0      0.0      1.0      98.0     2.0      280.0    0.0      19.0     0.0      0.0      146.0    0.0      0.0      1.0      0.0      0.0      0.0      1.0      7.0      36.0     0.0      0.0      7.0      15.0     37.0     1.0      2.0      0.0      0.0      0.0      0.0      0.0      0.0      1.0      0.0      18.0     0.0      0.0      1.0      0.0      0.0      1.0      11.0     68.0     23.0    
0.0      0.0      0.0      0.0      0.0      1.0      0.0      0.0      0.0      0.0      6.0      0.0      0.0      0.0      0.0      0.0      0.0      0.0      6.0      11.0     0.0      0.0      1.0      0.0      0.0      0.0      0.0      0.0      0.0      0.0      0.0      1.0      0.0      0.0      1.0      0.0      0.0      0.0      0.0      0.0      0.0      0.0      2.0      1.0      1.0      0.0      0.0      0.0      0.0      0.0      0.0      0.0      0.0      0.0      0.0      0.0      0.0      1.0      10.0     0.0      0.0      0.0      0.0      0.0      0.0      6.0      13.0     0.0      0.0      0.0      0.0      0.0      0.0      0.0      0.0      24.0     5.0      0.0      0.0      13.0     3.0      1.0      0.0      0.0      1.0      0.0      0.0      0.0      0.0      9.0      4.0      14.0     5.0      162.0    55.0     4.0      0.0      22.0     6.0      28.0     1.0      3.0      0.0      5.0      9.0      2.0      4.0      0.0      5.0      48.0     0.0      549.0    2.0      0.0      0.0      3.0      0.0      8.0      74.0     1.0      0.0      0.0      1.0      20.0     0.0      87.0     2.0      1.0      5.0      11.0     0.0      1.0      47.0     38.0     17.0     225.0    2.0      0.0      5.0      1.0      7.0      8.0      0.0      4.0      0.0      1.0      0.0      181.0    52.0     0.0     
0.0      0.0      0.0      0.0      0.0      0.0      0.0      0.0      0.0      3.0      1.0      0.0      0.0      0.0      0.0      1.0      8.0      3.0      11.0     11.0     0.0      0.0      1.0      0.0      3.0      0.0      0.0      0.0      0.0      1.0      0.0      0.0      0.0      31.0     0.0      2.0      8.0      11.0     0.0      0.0      12.0     0.0      4.0      1.0      2.0      0.0      0.0      0.0      9.0      0.0      0.0      0.0      0.0      0.0      0.0      0.0      0.0      0.0      10.0     0.0      0.0      0.0      0.0      0.0      0.0      3.0      68.0     0.0      0.0      0.0      0.0      0.0      15.0     19.0     1.0      19.0     1.0      0.0      8.0      37.0     0.0      0.0      0.0      2.0      29.0     0.0      37.0     0.0      0.0      51.0     29.0     57.0     28.0     71.0     59.0     0.0      0.0      39.0     11.0     140.0    78.0     47.0     3.0      43.0     238.0    0.0      0.0      12.0     70.0     58.0     19.0     2.0      1241.0   0.0      0.0      35.0     0.0      15.0     37.0     17.0     2.0      0.0      6.0      103.0    21.0     1.0      0.0      8.0      33.0     51.0     4.0      7.0      8.0      27.0     40.0     0.0      6.0      0.0      0.0      0.0      149.0    41.0     0.0      19.0     1.0      0.0      32.0     455.0    597.0    4.0     
0.0      0.0      0.0      0.0      0.0      0.0      0.0      0.0      0.0      0.0      0.0      0.0      0.0      1.0      9.0      5.0      0.0      0.0      0.0      0.0      0.0      0.0      0.0      0.0      0.0      0.0      0.0      0.0      0.0      0.0      0.0      0.0      0.0      0.0      0.0      0.0      0.0      0.0      0.0      1.0      0.0      0.0      0.0      0.0      0.0      0.0      0.0      0.0      0.0      0.0      0.0      0.0      1.0      5.0      0.0      0.0      0.0      0.0      0.0      0.0      0.0      0.0      0.0      0.0      0.0      0.0      0.0      0.0      0.0      0.0      0.0      0.0      0.0      0.0      0.0      3.0      0.0      0.0      0.0      35.0     6.0      0.0      0.0      0.0      0.0      0.0      3.0      74.0     69.0     2.0      54.0     0.0      0.0      1.0      5.0      0.0      0.0      5.0      0.0      0.0      0.0      1.0      0.0      0.0      1.0      0.0      0.0      0.0      0.0      0.0      0.0      0.0      0.0      137.0    12.0     0.0      0.0      2.0      0.0      0.0      0.0      0.0      2.0      0.0      34.0     0.0      0.0      0.0      21.0     21.0     0.0      0.0      0.0      3.0      0.0      0.0      0.0      0.0      0.0      0.0      0.0      8.0      0.0      0.0      0.0      0.0      0.0      0.0      0.0      0.0     
0.0      0.0      0.0      0.0      0.0      0.0      0.0      0.0      0.0      0.0      0.0      0.0      0.0      1.0      7.0      1.0      1.0      1.0      0.0      0.0      0.0      0.0      0.0      0.0      0.0      0.0      0.0      0.0      0.0      0.0      0.0      0.0      0.0      0.0      1.0      0.0      0.0      0.0      0.0      0.0      0.0      0.0      0.0      0.0      0.0      0.0      0.0      0.0      1.0      0.0      0.0      0.0      4.0      3.0      1.0      0.0      0.0      0.0      0.0      0.0      0.0      0.0      0.0      0.0      0.0      0.0      0.0      0.0      0.0      0.0      0.0      0.0      0.0      0.0      0.0      0.0      0.0      0.0      0.0      1.0      0.0      0.0      0.0      0.0      0.0      0.0      42.0     0.0      27.0     3.0      39.0     0.0      0.0      0.0      0.0      0.0      0.0      0.0      0.0      0.0      0.0      0.0      0.0      0.0      0.0      0.0      0.0      0.0      0.0      0.0      0.0      0.0      0.0      12.0     74.0     0.0      0.0      0.0      0.0      0.0      0.0      0.0      0.0      0.0      21.0     0.0      0.0      3.0      13.0     22.0     0.0      0.0      0.0      0.0      0.0      0.0      0.0      0.0      0.0      0.0      0.0      10.0     0.0      0.0      0.0      0.0      0.0      0.0      0.0      0.0     
0.0      0.0      0.0      0.0      0.0      0.0      0.0      0.0      0.0      0.0      0.0      2.0      0.0      2.0      0.0      1.0      10.0     3.0      0.0      0.0      0.0      0.0      0.0      0.0      0.0      1.0      1.0      0.0      0.0      1.0      0.0      0.0      0.0      2.0      0.0      2.0      0.0      2.0      0.0      2.0      4.0      0.0      0.0      0.0      0.0      0.0      1.0      0.0      7.0      3.0      0.0      0.0      2.0      0.0      0.0      0.0      0.0      0.0      0.0      0.0      0.0      0.0      0.0      0.0      0.0      0.0      12.0     0.0      0.0      0.0      0.0      1.0      0.0      1.0      0.0      0.0      0.0      0.0      48.0     2.0      0.0      0.0      0.0      0.0      0.0      0.0      36.0     0.0      0.0      17.0     68.0     90.0     12.0     22.0     0.0      0.0      0.0      3.0      1.0      41.0     210.0    59.0     2.0      0.0      56.0     0.0      0.0      15.0     116.0    7.0      146.0    3.0      35.0     0.0      0.0      474.0    0.0      0.0      0.0      0.0      0.0      0.0      0.0      169.0    54.0     1.0      0.0      9.0      15.0     47.0     0.0      32.0     0.0      0.0      1.0      2.0      0.0      0.0      1.0      0.0      7.0      7.0      5.0      0.0      0.0      0.0      3.0      14.0     80.0     15.0    
0.0      0.0      0.0      0.0      0.0      0.0      0.0      0.0      0.0      0.0      0.0      0.0      0.0      0.0      0.0      0.0      0.0      0.0      0.0      0.0      0.0      0.0      0.0      0.0      0.0      0.0      0.0      0.0      0.0      0.0      0.0      0.0      0.0      0.0      0.0      0.0      0.0      0.0      0.0      0.0      0.0      0.0      0.0      0.0      0.0      0.0      0.0      0.0      0.0      0.0      0.0      0.0      0.0      0.0      0.0      0.0      0.0      0.0      0.0      0.0      0.0      0.0      0.0      0.0      0.0      0.0      0.0      0.0      0.0      0.0      0.0      0.0      0.0      0.0      0.0      0.0      0.0      0.0      0.0      0.0      0.0      0.0      0.0      0.0      0.0      0.0      0.0      0.0      0.0      0.0      0.0      0.0      0.0      0.0      0.0      0.0      0.0      0.0      0.0      0.0      0.0      0.0      0.0      0.0      0.0      0.0      0.0      0.0      0.0      0.0      0.0      0.0      0.0      0.0      0.0      0.0      0.0      0.0      0.0      0.0      0.0      0.0      0.0      0.0      0.0      0.0      0.0      0.0      0.0      0.0      0.0      0.0      0.0      0.0      0.0      0.0      0.0      0.0      0.0      0.0      0.0      0.0      0.0      0.0      0.0      0.0      0.0      0.0      0.0      0.0     
0.0      0.0      0.0      0.0      0.0      1.0      0.0      0.0      0.0      100.0    57.0     0.0      0.0      0.0      0.0      0.0      0.0      0.0      6.0      31.0     0.0      40.0     2.0      1.0      0.0      0.0      0.0      0.0      0.0      0.0      0.0      1.0      0.0      0.0      0.0      0.0      0.0      0.0      0.0      0.0      0.0      0.0      59.0     2.0      121.0    0.0      0.0      0.0      0.0      0.0      0.0      4.0      0.0      0.0      0.0      0.0      0.0      17.0     10.0     0.0      0.0      1.0      0.0      0.0      0.0      53.0     143.0    0.0      0.0      0.0      0.0      0.0      0.0      0.0      0.0      176.0    19.0     0.0      0.0      168.0    8.0      1.0      0.0      0.0      12.0     24.0     0.0      1.0      2.0      32.0     55.0     0.0      1.0      56.0     133.0    69.0     30.0     244.0    33.0     0.0      0.0      0.0      3.0      9.0      0.0      12.0     20.0     0.0      14.0     76.0     0.0      8.0      15.0     2.0      0.0      0.0      0.0      1062.0   54.0     154.0    3.0      0.0      1.0      41.0     2.0      5.0      49.0     9.0      29.0     11.0     0.0      0.0      27.0     148.0    0.0      7.0      184.0    0.0      27.0     6.0      5.0      126.0    0.0      2.0      7.0      5.0      0.0      10.0     10.0     0.0     
4.0      0.0      2.0      0.0      3.0      20.0     0.0      0.0      0.0      2.0      0.0      0.0      0.0      0.0      0.0      8.0      0.0      0.0      0.0      0.0      0.0      1.0      0.0      21.0     0.0      0.0      1.0      1.0      1.0      3.0      4.0      12.0     0.0      0.0      0.0      0.0      0.0      0.0      0.0      0.0      0.0      0.0      0.0      0.0      0.0      0.0      1.0      0.0      0.0      0.0      1.0      0.0      0.0      0.0      0.0      0.0      0.0      0.0      3.0      0.0      1.0      0.0      0.0      2.0      1.0      0.0      16.0     1.0      0.0      0.0      0.0      0.0      0.0      0.0      0.0      160.0    53.0     0.0      0.0      13.0     60.0     1.0      0.0      0.0      17.0     10.0     0.0      1.0      0.0      6.0      5.0      79.0     23.0     177.0    102.0    92.0     7.0      256.0    196.0    1.0      1.0      5.0      2.0      0.0      16.0     59.0     54.0     0.0      34.0     735.0    1.0      74.0     37.0     0.0      0.0      0.0      0.0      54.0     1139.0   24.0     1.0      0.0      43.0     22.0     0.0      171.0    8.0      1.0      1.0      3.0      0.0      1.0      106.0    76.0     7.0      121.0    97.0     1.0      122.0    39.0     25.0     15.0     2.0      0.0      0.0      22.0     1.0      31.0     54.0     0.0     
1.0      0.0      2.0      0.0      0.0      0.0      2.0      0.0      0.0      129.0    40.0     0.0      0.0      0.0      0.0      4.0      0.0      0.0      0.0      14.0     0.0      52.0     2.0      1.0      0.0      0.0      0.0      0.0      0.0      1.0      1.0      2.0      0.0      2.0      2.0      0.0      0.0      0.0      0.0      0.0      0.0      0.0      24.0     4.0      92.0     0.0      0.0      0.0      2.0      0.0      0.0      3.0      0.0      0.0      0.0      0.0      0.0      0.0      0.0      0.0      0.0      7.0      0.0      0.0      0.0      44.0     154.0    0.0      0.0      0.0      0.0      0.0      0.0      0.0      0.0      26.0     0.0      0.0      0.0      7.0      1.0      1.0      0.0      1.0      115.0    222.0    0.0      0.0      0.0      0.0      17.0     0.0      0.0      6.0      155.0    0.0      143.0    118.0    4.0      3.0      0.0      3.0      0.0      0.0      77.0     2.0      6.0      0.0      4.0      13.0     0.0      1.0      17.0     0.0      0.0      0.0      0.0      154.0    24.0     653.0    0.0      0.0      0.0      6.0      0.0      7.0      7.0      0.0      0.0      9.0      0.0      3.0      1.0      5.0      0.0      0.0      69.0     0.0      4.0      1.0      160.0    161.0    0.0      0.0      0.0      0.0      0.0      9.0      6.0      0.0     
0.0      0.0      7.0      0.0      0.0      0.0      0.0      2.0      0.0      0.0      0.0      0.0      0.0      0.0      0.0      2.0      4.0      1.0      0.0      0.0      0.0      0.0      0.0      0.0      0.0      0.0      1.0      0.0      4.0      0.0      0.0      0.0      0.0      3.0      2.0      0.0      0.0      0.0      0.0      0.0      0.0      0.0      0.0      0.0      0.0      1.0      5.0      0.0      5.0      0.0      0.0      0.0      0.0      0.0      0.0      0.0      0.0      0.0      0.0      0.0      0.0      0.0      0.0      0.0      0.0      0.0      3.0      0.0      0.0      0.0      0.0      0.0      0.0      1.0      0.0      0.0      0.0      48.0     9.0      3.0      0.0      0.0      0.0      0.0      0.0      0.0      5.0      0.0      0.0      21.0     5.0      3.0      0.0      2.0      7.0      0.0      0.0      8.0      0.0      75.0     2.0      119.0    559.0    331.0    0.0      0.0      1.0      0.0      0.0      1.0      0.0      0.0      2.0      0.0      0.0      0.0      0.0      3.0      1.0      0.0      707.0    0.0      0.0      2.0      0.0      0.0      0.0      1.0      1.0      1.0      0.0      107.0    0.0      1.0      2.0      0.0      0.0      0.0      0.0      0.0      10.0     3.0      176.0    19.0     47.0     0.0      0.0      0.0      9.0      0.0     
0.0      0.0      18.0     0.0      0.0      0.0      0.0      0.0      0.0      1.0      0.0      0.0      0.0      0.0      0.0      10.0     2.0      0.0      0.0      0.0      0.0      0.0      0.0      0.0      0.0      0.0      10.0     4.0      15.0     1.0      0.0      1.0      0.0      0.0      0.0      0.0      0.0      0.0      0.0      0.0      0.0      0.0      0.0      0.0      1.0      6.0      0.0      0.0      1.0      0.0      0.0      0.0      0.0      0.0      0.0      0.0      0.0      0.0      0.0      0.0      0.0      0.0      0.0      0.0      0.0      0.0      1.0      7.0      0.0      0.0      0.0      0.0      0.0      0.0      0.0      1.0      0.0      144.0    0.0      0.0      2.0      10.0     28.0     11.0     0.0      0.0      0.0      0.0      0.0      0.0      40.0     0.0      0.0      0.0      0.0      0.0      0.0      1.0      0.0      0.0      0.0      55.0     8.0      0.0      159.0    0.0      0.0      0.0      0.0      0.0      0.0      0.0      0.0      0.0      0.0      0.0      0.0      0.0      0.0      0.0      0.0      327.0    0.0      0.0      0.0      0.0      0.0      0.0      0.0      2.0      0.0      0.0      0.0      0.0      0.0      0.0      0.0      0.0      0.0      0.0      0.0      12.0     22.0     0.0      0.0      0.0      18.0     0.0      0.0      0.0     
0.0      0.0      0.0      0.0      0.0      0.0      0.0      0.0      0.0      0.0      0.0      0.0      0.0      0.0      0.0      0.0      0.0      0.0      0.0      0.0      0.0      0.0      0.0      0.0      0.0      0.0      0.0      0.0      0.0      0.0      0.0      0.0      0.0      0.0      0.0      0.0      0.0      0.0      0.0      0.0      0.0      0.0      0.0      0.0      0.0      0.0      0.0      0.0      0.0      0.0      0.0      0.0      0.0      0.0      0.0      0.0      0.0      0.0      0.0      0.0      0.0      0.0      0.0      0.0      0.0      0.0      0.0      0.0      0.0      0.0      0.0      0.0      0.0      0.0      0.0      59.0     0.0      0.0      0.0      16.0     0.0      0.0      0.0      0.0      0.0      0.0      0.0      22.0     0.0      8.0      13.0     55.0     80.0     1.0      4.0      0.0      0.0      0.0      107.0    1.0      1.0      4.0      0.0      0.0      3.0      0.0      0.0      0.0      2.0      32.0     1.0      1.0      6.0      2.0      0.0      0.0      0.0      1.0      43.0     0.0      0.0      0.0      160.0    8.0      7.0      0.0      0.0      0.0      7.0      7.0      0.0      2.0      0.0      5.0      0.0      0.0      0.0      7.0      0.0      53.0     2.0      0.0      0.0      0.0      0.0      0.0      0.0      0.0      8.0      0.0     
0.0      0.0      0.0      0.0      0.0      0.0      0.0      3.0      1.0      0.0      0.0      5.0      0.0      3.0      1.0      6.0      11.0     0.0      2.0      4.0      0.0      0.0      0.0      0.0      0.0      3.0      3.0      0.0      2.0      2.0      0.0      0.0      0.0      5.0      0.0      6.0      0.0      3.0      0.0      4.0      9.0      0.0      0.0      0.0      0.0      0.0      1.0      0.0      11.0     0.0      0.0      0.0      0.0      0.0      0.0      0.0      0.0      0.0      4.0      0.0      0.0      0.0      0.0      0.0      0.0      4.0      22.0     0.0      1.0      0.0      0.0      1.0      1.0      5.0      0.0      38.0     2.0      0.0      4.0      21.0     0.0      1.0      0.0      0.0      7.0      2.0      5.0      1.0      1.0      103.0    142.0    334.0    52.0     153.0    185.0    5.0      4.0      5.0      30.0     80.0     30.0     83.0     7.0      10.0     224.0    0.0      0.0      33.0     403.0    233.0    7.0      20.0     103.0    0.0      0.0      169.0    0.0      41.0     22.0     6.0      2.0      0.0      8.0      1202.0   46.0     3.0      4.0      16.0     47.0     60.0     0.0      49.0     33.0     101.0    3.0      14.0     20.0     4.0      0.0      0.0      178.0    12.0     9.0      4.0      6.0      0.0      22.0     36.0     249.0    6.0     
0.0      0.0      1.0      1.0      0.0      2.0      1.0      3.0      0.0      0.0      0.0      12.0     0.0      15.0     8.0      7.0      1.0      1.0      0.0      0.0      0.0      0.0      0.0      0.0      0.0      0.0      0.0      0.0      0.0      0.0      0.0      0.0      0.0      2.0      1.0      0.0      0.0      0.0      0.0      11.0     0.0      0.0      0.0      0.0      0.0      0.0      1.0      0.0      1.0      6.0      0.0      0.0      11.0     1.0      2.0      0.0      0.0      0.0      0.0      0.0      0.0      0.0      0.0      0.0      0.0      0.0      1.0      0.0      0.0      0.0      0.0      0.0      0.0      1.0      0.0      0.0      0.0      0.0      48.0     2.0      1.0      4.0      0.0      0.0      0.0      0.0      350.0    10.0     27.0     49.0     272.0    83.0     54.0     4.0      11.0     0.0      0.0      4.0      5.0      13.0     86.0     2.0      1.0      2.0      6.0      0.0      0.0      0.0      6.0      2.0      36.0     0.0      21.0     34.0     21.0     54.0     0.0      2.0      0.0      0.0      0.0      0.0      7.0      46.0     583.0    0.0      0.0      19.0     51.0     106.0    0.0      1.0      1.0      7.0      0.0      0.0      0.0      9.0      0.0      0.0      15.0     7.0      1.0      2.0      1.0      0.0      0.0      3.0      30.0     0.0     
0.0      0.0      0.0      0.0      0.0      1.0      0.0      0.0      0.0      1.0      0.0      0.0      0.0      0.0      0.0      0.0      0.0      0.0      0.0      0.0      0.0      1.0      1.0      0.0      0.0      0.0      0.0      0.0      0.0      0.0      0.0      1.0      0.0      0.0      1.0      0.0      0.0      0.0      0.0      0.0      0.0      0.0      0.0      1.0      0.0      0.0      0.0      0.0      0.0      0.0      0.0      0.0      0.0      0.0      0.0      0.0      0.0      1.0      0.0      0.0      0.0      0.0      0.0      0.0      0.0      0.0      1.0      0.0      0.0      0.0      0.0      0.0      0.0      0.0      0.0      13.0     22.0     0.0      0.0      3.0      3.0      1.0      0.0      0.0      2.0      2.0      0.0      0.0      0.0      0.0      0.0      2.0      0.0      85.0     22.0     73.0     3.0      28.0     3.0      2.0      0.0      1.0      0.0      0.0      3.0      3.0      3.0      0.0      1.0      100.0    0.0      87.0     1.0      0.0      0.0      1.0      0.0      5.0      171.0    7.0      0.0      0.0      0.0      3.0      0.0      282.0    3.0      0.0      0.0      0.0      0.0      1.0      48.0     22.0     5.0      110.0    38.0     0.0      5.0      1.0      7.0      2.0      0.0      0.0      0.0      0.0      0.0      9.0      4.0      0.0     
0.0      0.0      0.0      0.0      0.0      0.0      0.0      0.0      0.0      8.0      3.0      0.0      0.0      0.0      0.0      0.0      0.0      0.0      0.0      3.0      0.0      6.0      0.0      0.0      0.0      0.0      0.0      0.0      0.0      0.0      0.0      0.0      0.0      0.0      0.0      0.0      0.0      0.0      0.0      0.0      0.0      0.0      1.0      1.0      6.0      0.0      0.0      0.0      0.0      0.0      0.0      0.0      0.0      0.0      0.0      0.0      0.0      1.0      0.0      0.0      0.0      1.0      0.0      0.0      0.0      3.0      11.0     0.0      0.0      0.0      0.0      0.0      0.0      0.0      0.0      53.0     25.0     0.0      0.0      47.0     1.0      0.0      0.0      0.0      2.0      1.0      0.0      0.0      0.0      0.0      3.0      0.0      0.0      17.0     9.0      36.0     107.0    30.0     4.0      0.0      0.0      0.0      0.0      1.0      0.0      1.0      1.0      0.0      0.0      16.0     0.0      2.0      0.0      0.0      0.0      0.0      0.0      49.0     8.0      7.0      0.0      0.0      0.0      4.0      0.0      3.0      202.0    0.0      3.0      0.0      0.0      0.0      10.0     0.0      0.0      2.0      137.0    0.0      1.0      0.0      1.0      15.0     0.0      0.0      0.0      0.0      0.0      1.0      0.0      0.0     
0.0      0.0      0.0      0.0      1.0      37.0     5.0      0.0      1.0      1.0      0.0      2.0      0.0      1.0      27.0     55.0     2.0      0.0      0.0      0.0      0.0      0.0      0.0      2.0      0.0      0.0      0.0      0.0      2.0      0.0      0.0      0.0      0.0      2.0      0.0      0.0      0.0      0.0      0.0      0.0      0.0      0.0      0.0      0.0      0.0      0.0      0.0      0.0      2.0      0.0      0.0      0.0      14.0     10.0     5.0      0.0      0.0      0.0      0.0      0.0      0.0      0.0      2.0      0.0      0.0      0.0      16.0     0.0      1.0      0.0      0.0      0.0      0.0      1.0      0.0      0.0      0.0      1.0      5.0      0.0      10.0     0.0      1.0      0.0      0.0      0.0      66.0     0.0      105.0    373.0    104.0    14.0     3.0      15.0     15.0     0.0      0.0      16.0     5.0      40.0     16.0     3.0      1.0      66.0     2.0      0.0      0.0      0.0      4.0      0.0      7.0      1.0      8.0      0.0      3.0      9.0      0.0      9.0      1.0      0.0      1.0      0.0      0.0      16.0     19.0     0.0      0.0      566.0    30.0     30.0     1.0      9.0      3.0      7.0      1.0      1.0      1.0      14.0     0.0      2.0      3.0      85.0     1.0      89.0     22.0     0.0      1.0      4.0      32.0     0.0     
0.0      0.0      0.0      0.0      2.0      10.0     1.0      0.0      1.0      2.0      0.0      3.0      1.0      2.0      33.0     63.0     0.0      0.0      0.0      0.0      0.0      0.0      0.0      3.0      0.0      0.0      0.0      0.0      0.0      2.0      0.0      0.0      0.0      0.0      0.0      0.0      0.0      1.0      0.0      1.0      0.0      0.0      0.0      0.0      0.0      0.0      0.0      0.0      0.0      1.0      0.0      0.0      16.0     7.0      2.0      0.0      0.0      0.0      0.0      0.0      0.0      0.0      6.0      0.0      0.0      0.0      12.0     0.0      0.0      0.0      0.0      0.0      0.0      0.0      0.0      6.0      0.0      0.0      2.0      175.0    21.0     3.0      0.0      0.0      0.0      1.0      116.0    25.0     26.0     492.0    100.0    26.0     16.0     38.0     63.0     0.0      1.0      72.0     6.0      44.0     23.0     37.0     0.0      18.0     26.0     0.0      0.0      0.0      8.0      0.0      15.0     5.0      33.0     21.0     13.0     15.0     0.0      29.0     1.0      0.0      1.0      0.0      7.0      47.0     51.0     0.0      3.0      30.0     908.0    225.0    6.0      24.0     9.0      44.0     3.0      2.0      2.0      14.0     0.0      0.0      35.0     67.0     2.0      36.0     2.0      0.0      1.0      11.0     56.0     0.0     
0.0      0.0      0.0      0.0      1.0      14.0     4.0      0.0      1.0      6.0      0.0      0.0      0.0      0.0      16.0     47.0     0.0      0.0      0.0      0.0      0.0      0.0      0.0      0.0      0.0      0.0      1.0      0.0      4.0      3.0      0.0      0.0      0.0      0.0      0.0      0.0      0.0      0.0      0.0      0.0      0.0      0.0      0.0      0.0      1.0      1.0      1.0      0.0      0.0      0.0      0.0      0.0      2.0      3.0      0.0      0.0      0.0      0.0      0.0      0.0      0.0      0.0      0.0      0.0      0.0      0.0      10.0     1.0      0.0      0.0      0.0      0.0      0.0      0.0      0.0      1.0      0.0      0.0      17.0     80.0     3.0      1.0      2.0      2.0      7.0      0.0      261.0    23.0     52.0     386.0    664.0    38.0     16.0     64.0     94.0     0.0      1.0      29.0     2.0      93.0     51.0     164.0    8.0      13.0     140.0    0.0      0.0      0.0      14.0     2.0      37.0     11.0     51.0     21.0     22.0     47.0     0.0      11.0     3.0      9.0      1.0      2.0      7.0      60.0     106.0    0.0      0.0      30.0     225.0    1508.0   2.0      102.0    10.0     42.0     1.0      0.0      0.0      12.0     0.0      0.0      104.0    72.0     11.0     33.0     11.0     0.0      18.0     14.0     80.0     0.0     
0.0      0.0      0.0      0.0      0.0      0.0      0.0      0.0      0.0      0.0      0.0      0.0      0.0      0.0      0.0      0.0      0.0      0.0      0.0      0.0      0.0      0.0      0.0      0.0      0.0      0.0      0.0      0.0      0.0      0.0      0.0      0.0      0.0      0.0      0.0      0.0      0.0      0.0      0.0      0.0      0.0      0.0      0.0      0.0      0.0      0.0      0.0      0.0      0.0      0.0      0.0      0.0      0.0      0.0      0.0      0.0      0.0      0.0      0.0      0.0      0.0      0.0      0.0      0.0      0.0      0.0      0.0      0.0      0.0      0.0      0.0      0.0      0.0      0.0      0.0      0.0      0.0      0.0      4.0      3.0      0.0      0.0      0.0      0.0      0.0      0.0      4.0      0.0      0.0      9.0      1.0      0.0      0.0      1.0      0.0      0.0      0.0      3.0      0.0      27.0     26.0     2.0      0.0      13.0     2.0      0.0      0.0      0.0      0.0      0.0      1.0      0.0      4.0      0.0      0.0      0.0      0.0      0.0      0.0      0.0      0.0      0.0      0.0      0.0      0.0      0.0      0.0      1.0      6.0      2.0      49.0     11.0     0.0      0.0      0.0      0.0      0.0      0.0      0.0      0.0      0.0      0.0      0.0      11.0     0.0      0.0      0.0      0.0      14.0     0.0     
0.0      0.0      1.0      0.0      0.0      0.0      6.0      4.0      0.0      1.0      0.0      5.0      0.0      0.0      0.0      12.0     10.0     2.0      0.0      0.0      0.0      0.0      0.0      0.0      0.0      2.0      5.0      0.0      5.0      11.0     0.0      0.0      3.0      12.0     0.0      0.0      0.0      0.0      0.0      0.0      0.0      0.0      0.0      0.0      0.0      1.0      6.0      0.0      14.0     1.0      0.0      0.0      0.0      0.0      0.0      0.0      1.0      0.0      0.0      0.0      0.0      0.0      0.0      0.0      0.0      0.0      34.0     3.0      1.0      0.0      0.0      8.0      0.0      0.0      0.0      3.0      0.0      0.0      68.0     36.0     0.0      1.0      0.0      0.0      4.0      0.0      22.0     0.0      0.0      28.0     65.0     57.0     10.0     133.0    52.0     0.0      0.0      33.0     1.0      459.0    42.0     907.0    191.0    378.0    86.0     0.0      0.0      2.0      20.0     3.0      2.0      1.0      7.0      0.0      0.0      32.0     0.0      0.0      1.0      3.0      107.0    0.0      2.0      49.0     1.0      1.0      0.0      9.0      24.0     102.0    11.0     1408.0   6.0      33.0     0.0      1.0      0.0      1.0      0.0      0.0      30.0     27.0     190.0    35.0     49.0     0.0      7.0      9.0      51.0     1.0     
0.0      0.0      0.0      0.0      0.0      0.0      0.0      0.0      0.0      0.0      8.0      0.0      0.0      0.0      0.0      0.0      0.0      0.0      0.0      11.0     0.0      1.0      0.0      0.0      0.0      0.0      0.0      0.0      0.0      0.0      0.0      0.0      0.0      0.0      0.0      0.0      0.0      0.0      0.0      0.0      0.0      0.0      0.0      0.0      1.0      0.0      0.0      0.0      0.0      0.0      0.0      0.0      0.0      0.0      0.0      0.0      0.0      0.0      6.0      0.0      0.0      0.0      0.0      0.0      0.0      7.0      1.0      0.0      0.0      0.0      0.0      0.0      0.0      0.0      0.0      14.0     23.0     0.0      0.0      14.0     0.0      2.0      0.0      0.0      0.0      0.0      1.0      0.0      1.0      14.0     69.0     2.0      3.0      369.0    15.0     73.0     0.0      28.0     9.0      10.0     1.0      1.0      0.0      0.0      2.0      2.0      1.0      0.0      9.0      95.0     0.0      47.0     8.0      0.0      0.0      0.0      0.0      27.0     106.0    1.0      0.0      0.0      0.0      33.0     1.0      48.0     10.0     3.0      9.0      10.0     0.0      6.0      445.0    14.0     7.0      57.0     60.0     0.0      2.0      0.0      2.0      0.0      0.0      0.0      0.0      0.0      0.0      16.0     11.0     0.0     
0.0      0.0      0.0      0.0      0.0      0.0      0.0      0.0      0.0      6.0      19.0     0.0      0.0      0.0      0.0      0.0      0.0      0.0      10.0     41.0     0.0      1.0      0.0      0.0      0.0      0.0      0.0      0.0      0.0      0.0      0.0      0.0      0.0      0.0      0.0      0.0      0.0      0.0      0.0      0.0      0.0      0.0      28.0     0.0      16.0     0.0      0.0      0.0      0.0      0.0      0.0      1.0      0.0      0.0      0.0      0.0      0.0      10.0     21.0     0.0      0.0      0.0      0.0      0.0      0.0      10.0     15.0     0.0      0.0      0.0      0.0      0.0      0.0      0.0      0.0      35.0     15.0     0.0      2.0      58.0     2.0      1.0      0.0      0.0      3.0      6.0      0.0      5.0      4.0      48.0     81.0     4.0      4.0      202.0    562.0    32.0     4.0      83.0     10.0     0.0      2.0      42.0     1.0      25.0     36.0     2.0      10.0     0.0      35.0     105.0    0.0      38.0     27.0     3.0      0.0      0.0      0.0      148.0    76.0     5.0      1.0      0.0      5.0      101.0    7.0      22.0     0.0      7.0      44.0     42.0     0.0      33.0     14.0     875.0    1.0      19.0     72.0     0.0      5.0      0.0      57.0     14.0     1.0      1.0      13.0     0.0      0.0      48.0     13.0     0.0     
0.0      0.0      0.0      0.0      0.0      0.0      0.0      0.0      0.0      0.0      0.0      0.0      0.0      0.0      0.0      0.0      0.0      0.0      0.0      0.0      0.0      0.0      0.0      0.0      0.0      0.0      0.0      0.0      0.0      0.0      0.0      0.0      0.0      0.0      0.0      0.0      0.0      0.0      0.0      0.0      0.0      0.0      0.0      0.0      0.0      0.0      0.0      0.0      0.0      0.0      0.0      0.0      0.0      0.0      0.0      0.0      0.0      0.0      0.0      0.0      0.0      0.0      0.0      0.0      0.0      0.0      0.0      0.0      0.0      0.0      0.0      0.0      0.0      0.0      0.0      0.0      0.0      0.0      0.0      2.0      0.0      0.0      0.0      0.0      0.0      0.0      0.0      0.0      0.0      6.0      1.0      4.0      1.0      49.0     1.0      0.0      0.0      1.0      0.0      3.0      0.0      0.0      2.0      9.0      0.0      0.0      0.0      0.0      1.0      4.0      0.0      17.0     40.0     0.0      0.0      1.0      0.0      0.0      7.0      0.0      2.0      0.0      0.0      3.0      0.0      5.0      0.0      1.0      3.0      1.0      0.0      0.0      7.0      1.0      82.0     10.0     0.0      0.0      0.0      0.0      0.0      0.0      0.0      5.0      1.0      0.0      0.0      14.0     49.0     0.0     
0.0      0.0      0.0      0.0      0.0      0.0      0.0      0.0      0.0      0.0      1.0      0.0      0.0      0.0      0.0      0.0      0.0      0.0      3.0      4.0      0.0      0.0      1.0      0.0      0.0      0.0      0.0      0.0      0.0      0.0      0.0      1.0      0.0      0.0      1.0      0.0      0.0      0.0      0.0      0.0      0.0      0.0      1.0      1.0      0.0      0.0      0.0      0.0      0.0      0.0      0.0      0.0      0.0      0.0      0.0      0.0      0.0      1.0      6.0      0.0      0.0      0.0      0.0      0.0      0.0      0.0      4.0      0.0      0.0      0.0      0.0      0.0      0.0      0.0      0.0      8.0      31.0     0.0      0.0      5.0      2.0      1.0      0.0      0.0      0.0      0.0      0.0      0.0      0.0      3.0      0.0      6.0      3.0      123.0    28.0     62.0     0.0      5.0      2.0      12.0     0.0      2.0      0.0      1.0      1.0      2.0      3.0      0.0      4.0      94.0     0.0      225.0    0.0      0.0      0.0      2.0      0.0      7.0      121.0    0.0      0.0      0.0      0.0      14.0     0.0      110.0    2.0      1.0      2.0      0.0      0.0      1.0      57.0     19.0     10.0     348.0    9.0      0.0      4.0      1.0      1.0      4.0      0.0      0.0      0.0      0.0      0.0      27.0     28.0     0.0     
0.0      0.0      0.0      0.0      0.0      1.0      0.0      0.0      0.0      13.0     4.0      0.0      0.0      0.0      0.0      0.0      0.0      0.0      0.0      3.0      0.0      14.0     1.0      1.0      0.0      0.0      0.0      0.0      0.0      0.0      0.0      1.0      0.0      0.0      0.0      0.0      0.0      0.0      0.0      0.0      0.0      0.0      1.0      2.0      6.0      0.0      0.0      0.0      0.0      0.0      0.0      0.0      0.0      0.0      0.0      0.0      0.0      0.0      0.0      0.0      0.0      2.0      0.0      0.0      0.0      3.0      25.0     0.0      0.0      0.0      0.0      0.0      0.0      0.0      0.0      156.0    28.0     0.0      0.0      112.0    2.0      0.0      0.0      0.0      18.0     72.0     0.0      0.0      0.0      1.0      8.0      0.0      0.0      84.0     111.0    129.0    209.0    151.0    15.0     0.0      0.0      0.0      1.0      5.0      2.0      5.0      8.0      0.0      15.0     117.0    0.0      2.0      6.0      0.0      0.0      0.0      0.0      184.0    97.0     69.0     0.0      0.0      0.0      20.0     0.0      38.0     137.0    1.0      2.0      0.0      0.0      0.0      60.0     72.0     0.0      9.0      731.0    0.0      7.0      0.0      53.0     47.0     0.0      0.0      2.0      1.0      0.0      4.0      5.0      0.0     
0.0      0.0      0.0      0.0      1.0      6.0      0.0      0.0      0.0      0.0      0.0      2.0      0.0      14.0     20.0     13.0     1.0      1.0      0.0      0.0      0.0      0.0      0.0      0.0      0.0      0.0      0.0      0.0      0.0      0.0      0.0      0.0      0.0      0.0      0.0      0.0      0.0      0.0      0.0      6.0      0.0      0.0      0.0      0.0      0.0      0.0      0.0      0.0      0.0      7.0      0.0      0.0      20.0     9.0      0.0      0.0      0.0      0.0      0.0      0.0      0.0      0.0      0.0      0.0      0.0      0.0      0.0      0.0      0.0      0.0      0.0      0.0      0.0      0.0      0.0      1.0      0.0      0.0      0.0      9.0      7.0      1.0      1.0      0.0      0.0      0.0      2.0      9.0      12.0     16.0     22.0     8.0      18.0     0.0      1.0      0.0      0.0      0.0      74.0     0.0      0.0      1.0      0.0      0.0      2.0      0.0      0.0      0.0      0.0      1.0      0.0      0.0      0.0      0.0      0.0      0.0      0.0      0.0      1.0      0.0      0.0      0.0      7.0      4.0      9.0      0.0      0.0      14.0     14.0     12.0     0.0      1.0      0.0      0.0      0.0      0.0      0.0      134.0    0.0      0.0      1.0      14.0     0.0      0.0      0.0      0.0      0.0      0.0      2.0      0.0     
19.0     1.0      0.0      0.0      10.0     120.0    0.0      0.0      0.0      1.0      2.0      0.0      0.0      0.0      0.0      25.0     1.0      4.0      1.0      0.0      0.0      0.0      3.0      57.0     1.0      1.0      4.0      0.0      0.0      13.0     28.0     63.0     0.0      0.0      4.0      0.0      0.0      0.0      0.0      0.0      1.0      0.0      2.0      8.0      4.0      0.0      2.0      2.0      1.0      0.0      2.0      2.0      0.0      0.0      0.0      0.0      0.0      0.0      1.0      1.0      1.0      0.0      0.0      20.0     3.0      3.0      66.0     1.0      0.0      0.0      63.0     2.0      0.0      1.0      0.0      9.0      0.0      0.0      0.0      0.0      104.0    1.0      0.0      0.0      2.0      0.0      0.0      0.0      0.0      0.0      5.0      24.0     24.0     4.0      23.0     0.0      2.0      215.0    276.0    0.0      1.0      3.0      0.0      0.0      12.0     273.0    145.0    0.0      0.0      121.0    1.0      5.0      0.0      0.0      0.0      1.0      0.0      27.0     122.0    4.0      0.0      0.0      0.0      0.0      0.0      5.0      1.0      0.0      0.0      0.0      0.0      0.0      2.0      5.0      0.0      4.0      7.0      0.0      493.0    33.0     12.0     1.0      0.0      0.0      0.0      50.0     2.0      1.0      0.0      0.0     
3.0      0.0      0.0      0.0      1.0      3.0      0.0      0.0      0.0      0.0      0.0      0.0      0.0      0.0      0.0      1.0      1.0      1.0      0.0      0.0      0.0      0.0      1.0      5.0      0.0      0.0      0.0      0.0      0.0      0.0      0.0      3.0      0.0      0.0      1.0      0.0      0.0      0.0      0.0      0.0      0.0      0.0      0.0      1.0      0.0      0.0      0.0      0.0      0.0      0.0      0.0      0.0      0.0      0.0      0.0      0.0      0.0      0.0      0.0      0.0      0.0      0.0      0.0      2.0      0.0      0.0      3.0      0.0      0.0      0.0      2.0      0.0      0.0      0.0      0.0      68.0     0.0      0.0      0.0      7.0      4.0      0.0      0.0      0.0      0.0      0.0      0.0      8.0      0.0      2.0      3.0      17.0     41.0     0.0      0.0      0.0      0.0      4.0      191.0    0.0      0.0      0.0      0.0      0.0      0.0      18.0     2.0      0.0      0.0      34.0     0.0      1.0      0.0      0.0      0.0      0.0      0.0      6.0      39.0     1.0      0.0      0.0      53.0     0.0      0.0      1.0      0.0      2.0      0.0      0.0      0.0      0.0      0.0      0.0      0.0      1.0      0.0      0.0      33.0     198.0    0.0      0.0      0.0      0.0      0.0      3.0      0.0      0.0      0.0      0.0     
0.0      0.0      0.0      0.0      0.0      1.0      0.0      0.0      0.0      24.0     12.0     0.0      0.0      0.0      0.0      1.0      1.0      0.0      1.0      28.0     0.0      6.0      0.0      0.0      1.0      0.0      1.0      0.0      0.0      1.0      1.0      3.0      0.0      0.0      0.0      0.0      0.0      0.0      0.0      0.0      0.0      0.0      12.0     0.0      20.0     0.0      1.0      0.0      1.0      0.0      0.0      2.0      0.0      0.0      0.0      0.0      0.0      3.0      9.0      0.0      0.0      0.0      0.0      0.0      0.0      10.0     46.0     1.0      0.0      0.0      0.0      0.0      0.0      0.0      0.0      15.0     0.0      0.0      0.0      36.0     10.0     10.0     3.0      1.0      29.0     166.0    0.0      0.0      1.0      29.0     94.0     38.0     16.0     59.0     399.0    0.0      129.0    111.0    8.0      10.0     5.0      160.0    24.0     11.0     613.0    2.0      13.0     11.0     202.0    61.0     18.0     7.0      149.0    0.0      0.0      7.0      0.0      5.0      25.0     160.0    10.0     0.0      2.0      178.0    15.0     7.0      1.0      3.0      35.0     104.0    0.0      30.0     2.0      57.0     0.0      1.0      53.0     1.0      12.0     0.0      1360.0   77.0     21.0     0.0      2.0      0.0      25.0     111.0    167.0    12.0    
2.0      0.0      27.0     0.0      99.0     163.0    37.0     3.0      3.0      207.0    117.0    2.0      2.0      1.0      167.0    542.0    31.0     4.0      19.0     70.0     0.0      68.0     5.0      8.0      9.0      6.0      58.0     0.0      7.0      25.0     1.0      7.0      6.0      55.0     4.0      7.0      5.0      10.0     0.0      1.0      23.0     0.0      28.0     4.0      167.0    1.0      10.0     0.0      44.0     0.0      0.0      4.0      41.0     37.0     9.0      0.0      12.0     0.0      16.0     0.0      0.0      4.0      5.0      1.0      0.0      96.0     618.0    4.0      2.0      0.0      0.0      15.0     8.0      15.0     1.0      4.0      0.0      5.0      0.0      155.0    266.0    117.0    94.0     40.0     136.0    90.0     40.0     5.0      78.0     162.0    432.0    6.0      0.0      30.0     147.0    0.0      29.0     18.0     12.0     6.0      0.0      84.0     4.0      21.0     306.0    2.0      38.0     0.0      4.0      16.0     0.0      8.0      41.0     8.0      10.0     7.0      0.0      126.0    15.0     161.0    3.0      12.0     0.0      12.0     7.0      2.0      15.0     85.0     67.0     72.0     0.0      27.0     0.0      14.0     0.0      4.0      47.0     14.0     1.0      0.0      77.0     1703.0   2.0      17.0     1.0      0.0      89.0     35.0     13.0     0.0     
0.0      0.0      6.0      0.0      0.0      0.0      0.0      0.0      0.0      0.0      0.0      1.0      0.0      0.0      0.0      0.0      1.0      1.0      0.0      0.0      0.0      0.0      1.0      0.0      0.0      0.0      4.0      0.0      1.0      0.0      0.0      1.0      0.0      0.0      0.0      0.0      0.0      0.0      0.0      0.0      0.0      0.0      0.0      0.0      0.0      1.0      3.0      0.0      1.0      0.0      0.0      0.0      0.0      0.0      0.0      0.0      0.0      0.0      0.0      0.0      0.0      0.0      0.0      0.0      0.0      0.0      2.0      2.0      0.0      0.0      0.0      0.0      0.0      0.0      0.0      2.0      0.0      68.0     21.0     4.0      0.0      0.0      1.0      0.0      0.0      0.0      21.0     0.0      0.0      18.0     9.0      8.0      0.0      2.0      16.0     0.0      0.0      13.0     0.0      33.0     46.0     328.0    492.0    143.0    14.0     0.0      1.0      0.0      0.0      2.0      0.0      0.0      0.0      0.0      0.0      5.0      0.0      0.0      2.0      0.0      176.0    22.0     0.0      9.0      1.0      0.0      0.0      1.0      2.0      11.0     0.0      190.0    0.0      1.0      0.0      0.0      0.0      0.0      0.0      0.0      21.0     2.0      768.0    9.0      26.0     0.0      0.0      0.0      4.0      0.0     
0.0      0.0      0.0      1.0      0.0      0.0      4.0      3.0      0.0      0.0      0.0      13.0     0.0      0.0      1.0      42.0     4.0      0.0      0.0      0.0      0.0      0.0      0.0      0.0      1.0      1.0      0.0      0.0      11.0     0.0      0.0      0.0      0.0      2.0      1.0      0.0      0.0      0.0      0.0      0.0      0.0      0.0      0.0      0.0      0.0      4.0      0.0      0.0      4.0      0.0      0.0      0.0      1.0      0.0      2.0      1.0      0.0      0.0      0.0      0.0      0.0      0.0      0.0      0.0      0.0      0.0      1.0      0.0      7.0      0.0      0.0      0.0      0.0      0.0      0.0      0.0      0.0      0.0      21.0     0.0      1.0      1.0      1.0      0.0      0.0      0.0      130.0    0.0      0.0      257.0    98.0     4.0      1.0      1.0      5.0      0.0      0.0      3.0      0.0      99.0     27.0     16.0     23.0     324.0    0.0      0.0      0.0      0.0      0.0      0.0      1.0      4.0      19.0     0.0      0.0      0.0      0.0      2.0      0.0      0.0      19.0     0.0      0.0      4.0      2.0      0.0      0.0      89.0     36.0     33.0     11.0     35.0     0.0      1.0      5.0      0.0      0.0      0.0      0.0      0.0      0.0      17.0     9.0      668.0    20.0     0.0      0.0      10.0     49.0     0.0     
0.0      0.0      0.0      0.0      0.0      0.0      0.0      1.0      0.0      0.0      0.0      0.0      0.0      0.0      0.0      1.0      3.0      0.0      0.0      0.0      0.0      0.0      1.0      0.0      0.0      0.0      0.0      0.0      5.0      0.0      0.0      1.0      0.0      0.0      1.0      0.0      0.0      0.0      0.0      0.0      0.0      0.0      0.0      0.0      0.0      0.0      0.0      0.0      3.0      0.0      0.0      0.0      0.0      0.0      0.0      0.0      0.0      0.0      0.0      0.0      0.0      0.0      0.0      0.0      0.0      0.0      3.0      0.0      0.0      0.0      0.0      0.0      0.0      0.0      0.0      2.0      0.0      17.0     1.0      2.0      0.0      0.0      0.0      0.0      1.0      0.0      2.0      0.0      0.0      103.0    46.0     0.0      0.0      10.0     9.0      0.0      0.0      6.0      0.0      24.0     0.0      68.0     65.0     353.0    3.0      0.0      0.0      0.0      2.0      0.0      0.0      0.0      1.0      0.0      0.0      0.0      0.0      7.0      0.0      0.0      47.0     0.0      0.0      6.0      1.0      0.0      0.0      22.0     2.0      11.0     0.0      49.0     0.0      13.0     1.0      0.0      2.0      0.0      0.0      0.0      2.0      1.0      26.0     20.0     419.0    0.0      2.0      0.0      4.0      0.0     
24.0     0.0      0.0      0.0      6.0      47.0     0.0      0.0      0.0      0.0      1.0      0.0      0.0      0.0      0.0      19.0     0.0      1.0      0.0      0.0      0.0      0.0      1.0      31.0     0.0      0.0      0.0      0.0      0.0      2.0      23.0     10.0     0.0      0.0      2.0      0.0      0.0      0.0      0.0      0.0      0.0      0.0      2.0      1.0      2.0      0.0      0.0      1.0      1.0      0.0      0.0      0.0      0.0      0.0      0.0      0.0      0.0      0.0      0.0      0.0      0.0      0.0      0.0      1.0      0.0      1.0      6.0      0.0      0.0      0.0      18.0     0.0      0.0      0.0      0.0      47.0     0.0      0.0      0.0      22.0     69.0     1.0      0.0      0.0      0.0      1.0      0.0      0.0      0.0      0.0      47.0     4.0      7.0      0.0      1.0      0.0      0.0      27.0     68.0     0.0      0.0      0.0      0.0      0.0      1.0      80.0     42.0     0.0      0.0      30.0     0.0      1.0      0.0      0.0      0.0      0.0      0.0      5.0      22.0     0.0      0.0      0.0      0.0      0.0      0.0      0.0      0.0      0.0      0.0      0.0      0.0      0.0      0.0      0.0      0.0      0.0      1.0      0.0      50.0     3.0      0.0      0.0      0.0      0.0      0.0      165.0    1.0      0.0      0.0      0.0     
0.0      0.0      8.0      0.0      1.0      3.0      4.0      3.0      0.0      6.0      0.0      0.0      0.0      0.0      1.0      13.0     6.0      0.0      0.0      0.0      0.0      0.0      0.0      1.0      0.0      4.0      17.0     2.0      1.0      21.0     0.0      3.0      2.0      6.0      0.0      3.0      0.0      2.0      0.0      0.0      7.0      0.0      0.0      0.0      0.0      1.0      7.0      0.0      8.0      0.0      0.0      0.0      0.0      0.0      0.0      0.0      2.0      0.0      0.0      0.0      0.0      0.0      0.0      0.0      0.0      0.0      28.0     3.0      0.0      0.0      0.0      1.0      0.0      1.0      0.0      0.0      0.0      0.0      0.0      2.0      29.0     83.0     92.0     54.0     3.0      0.0      0.0      0.0      0.0      2.0      39.0     5.0      0.0      0.0      0.0      0.0      0.0      7.0      1.0      5.0      0.0      5.0      0.0      2.0      460.0    2.0      12.0     3.0      23.0     5.0      1.0      0.0      32.0     0.0      0.0      3.0      0.0      0.0      1.0      0.0      0.0      18.0     0.0      22.0     0.0      0.0      0.0      1.0      1.0      18.0     0.0      7.0      0.0      0.0      0.0      0.0      0.0      0.0      2.0      0.0      25.0     89.0     0.0      0.0      2.0      1.0      492.0    11.0     21.0     1.0     
0.0      0.0      0.0      0.0      0.0      0.0      0.0      0.0      0.0      2.0      9.0      0.0      0.0      0.0      0.0      0.0      3.0      1.0      21.0     23.0     0.0      0.0      2.0      0.0      5.0      0.0      2.0      0.0      0.0      1.0      0.0      1.0      0.0      15.0     1.0      1.0      13.0     13.0     0.0      0.0      5.0      0.0      4.0      2.0      1.0      0.0      0.0      0.0      4.0      0.0      0.0      0.0      0.0      0.0      0.0      0.0      0.0      1.0      32.0     0.0      0.0      0.0      0.0      0.0      0.0      14.0     54.0     0.0      0.0      0.0      0.0      0.0      16.0     9.0      0.0      15.0     1.0      0.0      3.0      26.0     0.0      1.0      0.0      1.0      19.0     0.0      2.0      0.0      0.0      14.0     9.0      11.0     3.0      70.0     88.0     0.0      1.0      23.0     1.0      100.0    41.0     30.0     0.0      17.0     124.0    0.0      2.0      6.0      32.0     35.0     11.0     181.0    455.0    0.0      0.0      14.0     0.0      10.0     31.0     9.0      0.0      0.0      0.0      36.0     3.0      9.0      1.0      4.0      11.0     14.0     0.0      9.0      16.0     48.0     14.0     27.0     4.0      0.0      1.0      0.0      111.0    35.0     0.0      10.0     0.0      0.0      11.0     845.0    203.0    1.0     
0.0      0.0      0.0      0.0      0.0      0.0      0.0      2.0      1.0      2.0      0.0      1.0      0.0      0.0      1.0      4.0      12.0     2.0      0.0      5.0      0.0      0.0      0.0      0.0      0.0      0.0      0.0      0.0      1.0      1.0      0.0      0.0      0.0      12.0     0.0      0.0      0.0      0.0      0.0      0.0      3.0      0.0      0.0      1.0      0.0      0.0      0.0      0.0      12.0     2.0      0.0      0.0      1.0      0.0      0.0      0.0      0.0      0.0      1.0      0.0      0.0      0.0      0.0      0.0      0.0      3.0      29.0     0.0      0.0      0.0      0.0      0.0      0.0      11.0     1.0      32.0     1.0      0.0      36.0     52.0     0.0      1.0      1.0      1.0      11.0     0.0      99.0     0.0      0.0      109.0    79.0     89.0     40.0     173.0    40.0     1.0      0.0      40.0     20.0     562.0    197.0    93.0     17.0     109.0    294.0    0.0      0.0      9.0      355.0    85.0     68.0     52.0     597.0    0.0      0.0      80.0     0.0      10.0     54.0     6.0      9.0      0.0      8.0      249.0    30.0     4.0      0.0      32.0     56.0     80.0     14.0     51.0     11.0     13.0     49.0     28.0     5.0      2.0      0.0      0.0      167.0    13.0     4.0      49.0     4.0      0.0      21.0     203.0    1780.0   4.0     
0.0      0.0      0.0      0.0      0.0      0.0      0.0      0.0      0.0      0.0      0.0      0.0      0.0      0.0      0.0      0.0      0.0      0.0      0.0      0.0      0.0      0.0      0.0      0.0      0.0      0.0      0.0      0.0      0.0      0.0      0.0      0.0      0.0      0.0      0.0      0.0      0.0      0.0      0.0      0.0      0.0      0.0      0.0      0.0      0.0      0.0      0.0      0.0      0.0      0.0      0.0      0.0      0.0      0.0      0.0      0.0      0.0      0.0      0.0      0.0      0.0      0.0      0.0      0.0      0.0      0.0      0.0      0.0      0.0      0.0      0.0      0.0      0.0      0.0      0.0      0.0      0.0      0.0      0.0      0.0      0.0      0.0      0.0      0.0      0.0      0.0      0.0      0.0      0.0      0.0      0.0      0.0      0.0      1.0      0.0      0.0      0.0      0.0      0.0      1.0      0.0      7.0      0.0      0.0      26.0     0.0      0.0      6.0      32.0     2.0      23.0     0.0      4.0      0.0      0.0      15.0     0.0      0.0      0.0      0.0      0.0      0.0      0.0      6.0      0.0      0.0      0.0      0.0      0.0      0.0      0.0      1.0      0.0      0.0      0.0      0.0      0.0      0.0      0.0      0.0      12.0     0.0      0.0      0.0      0.0      0.0      1.0      1.0      4.0      37.0    
