798.0    1.0      4.0      1.0      316.0    132.0    21.0     19.0     9.0      9.0      7.0      4.0      18.0     13.0     47.0     56.0     12.0     14.0     2.0      95.0     0.0      48.0     6.0      237.0    3.0      0.0      48.0     20.0     7.0      41.0     182.0    28.0     0.0      28.0     36.0     0.0      1.0      0.0      15.0     2.0      0.0      0.0      28.0     29.0     78.0     0.0      2.0      93.0     83.0     19.0     0.0      5.0      5.0      33.0     10.0     0.0      21.0     0.0      10.0     0.0      0.0      19.0     21.0     0.0      37.0     13.0     35.0     24.0     1.0      7.0      62.0     8.0      0.0      0.0      0.0      91.0     0.0      0.0      0.0      72.0     131.0    0.0      0.0      0.0      0.0      3.0      0.0      1.0      3.0      6.0      37.0     0.0      0.0      0.0      3.0      0.0      0.0      0.0      72.0     0.0      0.0      3.0      0.0      2.0      3.0      25.0     16.0     1.0      1.0      15.0     0.0      0.0      1.0      1.0      0.0      0.0      0.0      2.0      2.0      0.0      0.0      0.0      0.0      2.0      0.0      0.0      0.0      2.0      21.0     0.0      0.0      1.0      0.0      0.0      0.0      0.0      0.0      8.0      15.0     9.0      2.0      47.0     0.0      0.0      0.0      0.0      0.0      0.0      0.0      0.0     
1.0      317.0    0.0      0.0      0.0      0.0      0.0      0.0      0.0      0.0      2.0      0.0      0.0      0.0      0.0      0.0      0.0      0.0      131.0    32.0     104.0    1.0      12.0     0.0      0.0      0.0      0.0      0.0      0.0      0.0      0.0      0.0      0.0      2.0      0.0      0.0      29.0     1.0      0.0      0.0      0.0      0.0      27.0     61.0     23.0     0.0      0.0      0.0      3.0      1.0      40.0     17.0     0.0      0.0      0.0      0.0      0.0      47.0     68.0     7.0      40.0     64.0     0.0      0.0      0.0      0.0      0.0      0.0      0.0      0.0      0.0      0.0      63.0     1.0      0.0      0.0      0.0      0.0      0.0      0.0      0.0      0.0      0.0      0.0      0.0      2.0      0.0      0.0      0.0      0.0      0.0      0.0      0.0      0.0      1.0      0.0      0.0      0.0      0.0      0.0      0.0      0.0      0.0      0.0      0.0      0.0      0.0      0.0      0.0      2.0      0.0      1.0      0.0      0.0      0.0      0.0      0.0      0.0      1.0      0.0      0.0      0.0      0.0      0.0      0.0      0.0      0.0      0.0      0.0      0.0      0.0      0.0      0.0      0.0      0.0      1.0      0.0      0.0      0.0      0.0      1.0      0.0      0.0      0.0      0.0      0.0      0.0      0.0      0.0      0.0     
4.0      0.0      1267.0   0.0      4.0      3.0      6.0      29.0     0.0      0.0      0.0      2.0      0.0      0.0      0.0      88.0     2.0      0.0      0.0      0.0      1.0      0.0      2.0      5.0      0.0      0.0      28.0     109.0    306.0    37.0     3.0      7.0      0.0      1.0      2.0      0.0      0.0      0.0      0.0      0.0      0.0      0.0      0.0      3.0      0.0      165.0    139.0    0.0      1.0      3.0      0.0      0.0      0.0      1.0      1.0      0.0      2.0      0.0      0.0      0.0      0.0      0.0      0.0      3.0      0.0      0.0      9.0      53.0     0.0      0.0      1.0      0.0      0.0      0.0      0.0      1.0      0.0      59.0     0.0      1.0      2.0      0.0      2.0      0.0      0.0      0.0      0.0      0.0      0.0      0.0      1.0      1.0      0.0      0.0      0.0      0.0      0.0      0.0      1.0      0.0      0.0      3.0      0.0      14.0     8.0      1.0      2.0      0.0      0.0      2.0      0.0      0.0      0.0      0.0      0.0      0.0      0.0      0.0      0.0      0.0      0.0      19.0     0.0      0.0      0.0      0.0      0.0      0.0      0.0      0.0      0.0      0.0      0.0      0.0      0.0      0.0      0.0      0.0      0.0      0.0      0.0      25.0     0.0      0.0      0.0      0.0      3.0      0.0      0.0      0.0     
1.0      0.0      0.0      394.0    1.0      0.0      0.0      1.0      1.0      1.0      0.0      96.0     0.0      0.0      18.0     36.0     0.0      0.0      6.0      2.0      0.0      0.0      1.0      0.0      50.0     72.0     39.0     88.0     126.0    10.0     0.0      0.0      0.0      3.0      2.0      2.0      25.0     14.0     0.0      0.0      7.0      0.0      0.0      2.0      0.0      69.0     1.0      0.0      2.0      23.0     3.0      0.0      1.0      1.0      10.0     0.0      49.0     0.0      8.0      1.0      0.0      0.0      0.0      0.0      0.0      8.0      6.0      113.0    26.0     31.0     0.0      1.0      34.0     20.0     2.0      0.0      0.0      0.0      0.0      0.0      0.0      0.0      0.0      0.0      0.0      0.0      0.0      0.0      0.0      0.0      0.0      0.0      0.0      0.0      0.0      0.0      0.0      0.0      0.0      1.0      0.0      2.0      0.0      0.0      1.0      0.0      0.0      0.0      0.0      0.0      0.0      0.0      0.0      0.0      0.0      0.0      0.0      0.0      0.0      0.0      0.0      0.0      0.0      0.0      0.0      0.0      0.0      0.0      0.0      0.0      0.0      1.0      0.0      0.0      0.0      0.0      0.0      0.0      0.0      0.0      0.0      6.0      0.0      0.0      0.0      0.0      0.0      0.0      2.0      0.0     
316.0    0.0      4.0      1.0      1190.0   147.0    60.0     43.0     16.0     14.0     5.0      5.0      40.0     12.0     49.0     339.0    0.0      3.0      3.0      91.0     0.0      34.0     1.0      114.0    1.0      2.0      135.0    43.0     44.0     99.0     41.0     6.0      0.0      7.0      8.0      1.0      0.0      0.0      34.0     1.0      1.0      0.0      31.0     5.0      68.0     5.0      4.0      115.0    105.0    29.0     0.0      2.0      2.0      30.0     4.0      0.0      47.0     0.0      28.0     0.0      0.0      10.0     3.0      0.0      16.0     41.0     40.0     70.0     1.0      35.0     112.0    15.0     0.0      0.0      0.0      88.0     0.0      0.0      0.0      86.0     150.0    2.0      0.0      0.0      0.0      0.0      0.0      1.0      2.0      7.0      19.0     0.0      0.0      0.0      1.0      0.0      0.0      0.0      90.0     0.0      0.0      0.0      0.0      2.0      0.0      10.0     7.0      0.0      0.0      4.0      0.0      0.0      0.0      1.0      0.0      0.0      0.0      0.0      3.0      0.0      0.0      2.0      0.0      0.0      0.0      0.0      0.0      0.0      60.0     0.0      0.0      0.0      0.0      0.0      0.0      0.0      0.0      29.0     10.0     6.0      0.0      73.0     0.0      0.0      0.0      0.0      0.0      0.0      0.0      0.0     
132.0    0.0      3.0      0.0      147.0    1104.0   215.0    155.0    48.0     41.0     0.0      2.0      39.0     57.0     49.0     364.0    18.0     13.0     0.0      18.0     0.0      14.0     2.0      247.0    0.0      0.0      68.0     15.0     5.0      150.0    134.0    77.0     0.0      8.0      12.0     0.0      0.0      0.0      29.0     13.0     0.0      0.0      8.0      12.0     12.0     1.0      28.0     6.0      35.0     41.0     0.0      0.0      6.0      11.0     8.0      0.0      13.0     0.0      7.0      0.0      0.0      0.0      28.0     125.0    30.0     8.0      247.0    21.0     0.0      0.0      160.0    77.0     0.0      0.0      0.0      89.0     0.0      1.0      0.0      148.0    395.0    15.0     14.0     1.0      12.0     0.0      0.0      3.0      30.0     13.0     44.0     2.0      5.0      0.0      0.0      0.0      1.0      0.0      135.0    0.0      0.0      4.0      1.0      0.0      15.0     69.0     10.0     0.0      1.0      28.0     0.0      2.0      0.0      4.0      0.0      0.0      0.0      1.0      18.0     4.0      1.0      2.0      12.0     2.0      4.0      0.0      0.0      12.0     50.0     0.0      0.0      0.0      0.0      0.0      0.0      1.0      1.0      18.0     49.0     13.0     3.0      146.0    1.0      0.0      0.0      10.0     6.0      1.0      0.0      0.0     
21.0     0.0      6.0      0.0      60.0     215.0    732.0    372.0    124.0    135.0    0.0      12.0     17.0     44.0     49.0     337.0    8.0      4.0      0.0      13.0     0.0      0.0      1.0      25.0     0.0      0.0      58.0     1.0      0.0      262.0    5.0      9.0      0.0      7.0      8.0      0.0      0.0      0.0      9.0      20.0     0.0      0.0      1.0      11.0     9.0      0.0      75.0     1.0      23.0     51.0     0.0      0.0      9.0      13.0     18.0     0.0      2.0      0.0      4.0      0.0      0.0      0.0      7.0      12.0     0.0      5.0      205.0    3.0      0.0      0.0      36.0     180.0    0.0      0.0      0.0      2.0      0.0      3.0      0.0      0.0      0.0      3.0      1.0      2.0      1.0      0.0      0.0      0.0      0.0      2.0      3.0      0.0      0.0      0.0      0.0      0.0      0.0      0.0      1.0      0.0      0.0      2.0      0.0      0.0      13.0     1.0      0.0      0.0      0.0      0.0      0.0      0.0      0.0      0.0      0.0      0.0      0.0      0.0      0.0      0.0      0.0      4.0      0.0      0.0      1.0      0.0      0.0      0.0      0.0      5.0      0.0      0.0      0.0      0.0      0.0      0.0      0.0      0.0      0.0      0.0      1.0      16.0     0.0      0.0      0.0      0.0      7.0      0.0      0.0      0.0     
19.0     0.0      29.0     1.0      43.0     155.0    372.0    646.0    183.0    171.0    0.0      3.0      15.0     32.0     38.0     206.0    2.0      1.0      0.0      1.0      0.0      0.0      0.0      20.0     0.0      0.0      42.0     1.0      1.0      243.0    4.0      6.0      0.0      3.0      2.0      0.0      0.0      0.0      9.0      10.0     0.0      0.0      0.0      6.0      8.0      0.0      105.0    0.0      5.0      22.0     0.0      0.0      7.0      12.0     10.0     0.0      0.0      0.0      0.0      0.0      0.0      0.0      7.0      7.0      0.0      5.0      236.0    0.0      0.0      0.0      25.0     212.0    0.0      0.0      0.0      1.0      0.0      38.0     0.0      3.0      0.0      4.0      0.0      1.0      0.0      0.0      0.0      0.0      1.0      0.0      4.0      0.0      0.0      0.0      0.0      0.0      0.0      0.0      0.0      0.0      0.0      0.0      0.0      17.0     10.0     0.0      0.0      0.0      0.0      0.0      0.0      0.0      0.0      0.0      0.0      0.0      0.0      0.0      0.0      0.0      0.0      12.0     0.0      0.0      0.0      0.0      0.0      1.0      0.0      1.0      0.0      0.0      0.0      0.0      0.0      0.0      0.0      0.0      0.0      0.0      0.0      15.0     0.0      0.0      0.0      0.0      6.0      0.0      0.0      0.0     
9.0      0.0      0.0      1.0      16.0     48.0     124.0    183.0    246.0    121.0    0.0      0.0      7.0      15.0     11.0     3.0      0.0      0.0      0.0      0.0      0.0      0.0      0.0      10.0     0.0      0.0      8.0      0.0      1.0      123.0    5.0      3.0      0.0      2.0      1.0      0.0      0.0      0.0      3.0      1.0      0.0      0.0      0.0      0.0      3.0      0.0      26.0     0.0      3.0      4.0      0.0      0.0      2.0      4.0      0.0      0.0      1.0      0.0      0.0      0.0      0.0      0.0      5.0      2.0      0.0      4.0      103.0    0.0      0.0      0.0      1.0      158.0    0.0      1.0      0.0      0.0      0.0      5.0      0.0      0.0      0.0      3.0      0.0      0.0      0.0      0.0      0.0      0.0      0.0      0.0      2.0      1.0      1.0      0.0      0.0      0.0      0.0      0.0      0.0      0.0      0.0      5.0      0.0      0.0      5.0      0.0      0.0      0.0      0.0      0.0      0.0      0.0      0.0      0.0      0.0      0.0      0.0      0.0      0.0      0.0      0.0      1.0      0.0      0.0      0.0      0.0      0.0      0.0      0.0      1.0      0.0      1.0      0.0      0.0      0.0      0.0      0.0      0.0      0.0      0.0      0.0      8.0      0.0      0.0      0.0      0.0      2.0      0.0      0.0      0.0     
9.0      0.0      0.0      1.0      14.0     41.0     135.0    171.0    121.0    621.0    61.0     3.0      6.0      20.0     22.0     27.0     3.0      2.0      1.0      84.0     0.0      25.0     133.0    10.0     0.0      1.0      90.0     1.0      0.0      195.0    6.0      5.0      0.0      8.0      20.0     0.0      13.0     1.0      1.0      8.0      0.0      0.0      1.0      45.0     142.0    0.0      4.0      2.0      6.0      14.0     0.0      0.0      7.0      7.0      5.0      0.0      9.0      0.0      4.0      2.0      0.0      23.0     7.0      2.0      0.0      183.0    323.0    4.0      0.0      0.0      4.0      76.0     6.0      2.0      0.0      0.0      0.0      9.0      0.0      0.0      2.0      5.0      0.0      0.0      0.0      60.0     0.0      0.0      1.0      0.0      6.0      0.0      0.0      0.0      14.0     0.0      1.0      15.0     1.0      0.0      0.0      5.0      0.0      0.0      6.0      0.0      2.0      0.0      3.0      6.0      0.0      0.0      1.0      0.0      0.0      0.0      0.0      7.0      12.0     92.0     0.0      2.0      0.0      0.0      0.0      1.0      0.0      1.0      0.0      2.0      0.0      1.0      0.0      0.0      0.0      0.0      16.0     0.0      1.0      0.0      67.0     129.0    0.0      0.0      0.0      0.0      1.0      1.0      0.0      0.0     
7.0      2.0      0.0      0.0      5.0      0.0      0.0      0.0      0.0      61.0     475.0    0.0      0.0      0.0      1.0      0.0      3.0      2.0      2.0      161.0    4.0      18.0     27.0     5.0      1.0      0.0      0.0      0.0      0.0      0.0      1.0      3.0      0.0      22.0     16.0     0.0      5.0      3.0      0.0      0.0      0.0      0.0      12.0     25.0     299.0    0.0      0.0      2.0      17.0     0.0      6.0      1.0      0.0      0.0      0.0      0.0      0.0      1.0      16.0     0.0      0.0      28.0     0.0      0.0      2.0      84.0     147.0    0.0      0.0      0.0      0.0      0.0      19.0     4.0      0.0      0.0      1.0      0.0      0.0      0.0      0.0      0.0      0.0      0.0      0.0      161.0    0.0      0.0      0.0      0.0      0.0      1.0      1.0      1.0      38.0     0.0      0.0      4.0      0.0      0.0      0.0      0.0      0.0      0.0      0.0      0.0      0.0      0.0      2.0      2.0      0.0      1.0      2.0      0.0      0.0      0.0      0.0      15.0     4.0      124.0    0.0      0.0      0.0      1.0      0.0      3.0      0.0      0.0      0.0      0.0      0.0      0.0      0.0      0.0      1.0      0.0      7.0      0.0      0.0      0.0      90.0     56.0     0.0      0.0      0.0      0.0      0.0      1.0      0.0      0.0     
4.0      0.0      2.0      96.0     5.0      2.0      12.0     3.0      0.0      3.0      0.0      1100.0   1.0      95.0     200.0    393.0    1.0      1.0      7.0      2.0      0.0      0.0      0.0      0.0      28.0     49.0     51.0     72.0     55.0     14.0     0.0      1.0      0.0      18.0     6.0      10.0     61.0     30.0     0.0      112.0    26.0     0.0      0.0      1.0      0.0      38.0     0.0      0.0      6.0      302.0    9.0      0.0      94.0     6.0      126.0    0.0      33.0     0.0      8.0      0.0      4.0      0.0      1.0      0.0      0.0      8.0      14.0     87.0     160.0    92.0     0.0      2.0      63.0     58.0     9.0      0.0      0.0      0.0      0.0      0.0      1.0      2.0      0.0      0.0      0.0      0.0      4.0      0.0      5.0      3.0      10.0     0.0      0.0      0.0      0.0      0.0      0.0      0.0      0.0      0.0      0.0      1.0      0.0      0.0      1.0      0.0      0.0      0.0      0.0      0.0      0.0      0.0      0.0      0.0      4.0      0.0      0.0      0.0      0.0      0.0      0.0      0.0      0.0      0.0      1.0      0.0      0.0      3.0      1.0      6.0      0.0      0.0      0.0      0.0      0.0      0.0      0.0      0.0      0.0      0.0      0.0      31.0     0.0      0.0      0.0      0.0      0.0      0.0      2.0      0.0     
18.0     0.0      0.0      0.0      40.0     39.0     17.0     15.0     7.0      6.0      0.0      1.0      224.0    58.0     27.0     46.0     0.0      0.0      0.0      0.0      0.0      0.0      0.0      45.0     0.0      0.0      4.0      2.0      0.0      10.0     1.0      0.0      0.0      0.0      0.0      0.0      0.0      0.0      130.0    0.0      0.0      0.0      0.0      0.0      0.0      0.0      1.0      26.0     0.0      62.0     0.0      0.0      3.0      14.0     4.0      0.0      1.0      0.0      0.0      0.0      0.0      0.0      8.0      0.0      2.0      0.0      15.0     2.0      0.0      0.0      0.0      6.0      0.0      0.0      0.0      1.0      0.0      0.0      0.0      9.0      61.0     0.0      0.0      0.0      0.0      0.0      0.0      3.0      25.0     13.0     3.0      0.0      0.0      0.0      0.0      0.0      0.0      0.0      11.0     0.0      0.0      0.0      0.0      0.0      0.0      0.0      0.0      0.0      0.0      0.0      0.0      0.0      1.0      4.0      0.0      0.0      0.0      0.0      0.0      0.0      0.0      0.0      1.0      0.0      0.0      0.0      0.0      8.0      15.0     0.0      0.0      0.0      0.0      0.0      0.0      0.0      0.0      9.0      0.0      0.0      0.0      62.0     0.0      0.0      0.0      0.0      0.0      0.0      0.0      0.0     
13.0     0.0      0.0      0.0      12.0     57.0     44.0     32.0     15.0     20.0     0.0      95.0     58.0     857.0    134.0    330.0    4.0      4.0      0.0      1.0      0.0      0.0      0.0      5.0      0.0      2.0      10.0     3.0      7.0      27.0     0.0      0.0      0.0      5.0      6.0      0.0      1.0      1.0      51.0     290.0    0.0      0.0      0.0      0.0      2.0      5.0      1.0      2.0      8.0      297.0    0.0      0.0      116.0    21.0     90.0     0.0      5.0      0.0      0.0      0.0      0.0      0.0      11.0     0.0      0.0      0.0      80.0     3.0      12.0     2.0      0.0      12.0     1.0      1.0      0.0      0.0      0.0      0.0      0.0      3.0      79.0     2.0      0.0      0.0      0.0      0.0      9.0      1.0      121.0    47.0     2.0      2.0      2.0      0.0      0.0      0.0      0.0      0.0      1.0      0.0      0.0      0.0      0.0      0.0      0.0      0.0      0.0      0.0      0.0      0.0      0.0      0.0      0.0      21.0     24.0     0.0      0.0      0.0      0.0      1.0      0.0      0.0      0.0      2.0      26.0     0.0      0.0      28.0     26.0     2.0      0.0      0.0      0.0      0.0      0.0      0.0      1.0      3.0      0.0      0.0      0.0      223.0    0.0      0.0      0.0      0.0      0.0      0.0      0.0      0.0     
47.0     0.0      0.0      18.0     49.0     49.0     49.0     38.0     11.0     22.0     1.0      200.0    27.0     134.0    1166.0   262.0    33.0     45.0     5.0      40.0     0.0      35.0     1.0      50.0     11.0     0.0      45.0     69.0     175.0    19.0     1.0      1.0      0.0      20.0     30.0     0.0      11.0     6.0      25.0     69.0     7.0      0.0      31.0     13.0     39.0     44.0     3.0      17.0     141.0    169.0    0.0      2.0      148.0    110.0    241.0    0.0      15.0     1.0      19.0     0.0      0.0      5.0      62.0     1.0      0.0      7.0      40.0     48.0     127.0    58.0     1.0      10.0     8.0      2.0      0.0      0.0      0.0      1.0      0.0      10.0     25.0     0.0      0.0      0.0      0.0      0.0      0.0      1.0      23.0     13.0     2.0      0.0      1.0      0.0      0.0      0.0      0.0      0.0      6.0      0.0      0.0      1.0      0.0      0.0      1.0      0.0      0.0      0.0      0.0      0.0      0.0      0.0      0.0      2.0      0.0      0.0      0.0      0.0      0.0      0.0      0.0      1.0      0.0      0.0      1.0      0.0      0.0      9.0      15.0     0.0      0.0      0.0      0.0      0.0      0.0      0.0      0.0      10.0     0.0      0.0      0.0      64.0     1.0      0.0      0.0      0.0      0.0      0.0      0.0      0.0     
56.0     0.0      88.0     36.0     339.0    364.0    337.0    206.0    3.0      27.0     0.0      393.0    46.0     330.0    262.0    4156.0   59.0     54.0     10.0     192.0    0.0      121.0    0.0      56.0     9.0      3.0      311.0    106.0    174.0    167.0    31.0     13.0     0.0      70.0     66.0     1.0      0.0      0.0      20.0     187.0    14.0     0.0      115.0    19.0     115.0    29.0     26.0     37.0     552.0    674.0    0.0      6.0      103.0    32.0     407.0    0.0      114.0    1.0      103.0    0.0      0.0      4.0      23.0     5.0      9.0      55.0     58.0     144.0    89.0     235.0    120.0    23.0     1.0      5.0      1.0      40.0     0.0      66.0     0.0      25.0     37.0     2.0      2.0      7.0      1.0      0.0      3.0      1.0      2.0      5.0      20.0     0.0      3.0      0.0      1.0      0.0      0.0      0.0      27.0     0.0      0.0      2.0      0.0      20.0     28.0     9.0      2.0      0.0      0.0      2.0      0.0      0.0      0.0      1.0      0.0      0.0      0.0      0.0      1.0      0.0      0.0      45.0     1.0      0.0      5.0      0.0      0.0      3.0      10.0     7.0      0.0      0.0      0.0      0.0      0.0      0.0      0.0      9.0      2.0      3.0      1.0      48.0     0.0      0.0      0.0      0.0      17.0     0.0      0.0      0.0     
12.0     0.0      2.0      0.0      0.0      18.0     8.0      2.0      0.0      3.0      3.0      1.0      0.0      4.0      33.0     59.0     608.0    293.0    14.0     60.0     0.0      1.0      98.0     49.0     2.0      18.0     85.0     24.0     4.0      13.0     11.0     167.0    0.0      121.0    368.0    4.0      61.0     15.0     0.0      1.0      103.0    0.0      2.0      148.0    11.0     4.0      1.0      31.0     376.0    239.0    16.0     0.0      11.0     7.0      15.0     0.0      51.0     0.0      21.0     0.0      9.0      0.0      5.0      47.0     3.0      19.0     18.0     39.0     0.0      4.0      16.0     1.0      15.0     33.0     1.0      0.0      0.0      1.0      0.0      1.0      5.0      3.0      1.0      0.0      0.0      0.0      1.0      1.0      8.0      1.0      2.0      1.0      2.0      0.0      0.0      0.0      2.0      0.0      2.0      0.0      0.0      10.0     1.0      0.0      9.0      0.0      10.0     0.0      0.0      3.0      0.0      0.0      0.0      2.0      0.0      0.0      0.0      1.0      3.0      2.0      1.0      1.0      1.0      1.0      2.0      0.0      0.0      0.0      0.0      0.0      0.0      1.0      0.0      1.0      0.0      0.0      1.0      0.0      3.0      0.0      2.0      16.0     1.0      1.0      0.0      0.0      1.0      0.0      0.0      0.0     
14.0     0.0      0.0      0.0      3.0      13.0     4.0      1.0      0.0      2.0      2.0      1.0      0.0      4.0      45.0     54.0     293.0    396.0    6.0      13.0     0.0      12.0     21.0     37.0     2.0      13.0     62.0     7.0      2.0      4.0      10.0     57.0     0.0      90.0     184.0    1.0      47.0     7.0      0.0      1.0      56.0     0.0      4.0      73.0     9.0      1.0      1.0      43.0     278.0    219.0    11.0     2.0      17.0     4.0      8.0      0.0      34.0     0.0      8.0      0.0      7.0      6.0      8.0      37.0     1.0      5.0      6.0      17.0     0.0      5.0      9.0      1.0      10.0     18.0     0.0      0.0      0.0      0.0      0.0      0.0      4.0      1.0      0.0      0.0      0.0      0.0      1.0      2.0      9.0      0.0      1.0      0.0      2.0      0.0      0.0      0.0      0.0      0.0      2.0      0.0      0.0      1.0      0.0      0.0      1.0      0.0      3.0      0.0      0.0      0.0      0.0      0.0      0.0      4.0      0.0      0.0      0.0      0.0      0.0      1.0      0.0      0.0      2.0      0.0      2.0      0.0      0.0      0.0      0.0      0.0      0.0      0.0      0.0      1.0      0.0      0.0      0.0      0.0      0.0      0.0      0.0      9.0      0.0      1.0      0.0      0.0      0.0      0.0      0.0      0.0     
2.0      131.0    0.0      6.0      3.0      0.0      0.0      0.0      0.0      1.0      2.0      7.0      0.0      0.0      5.0      10.0     14.0     6.0      817.0    25.0     59.0     3.0      17.0     2.0      41.0     17.0     24.0     1.0      3.0      0.0      2.0      1.0      0.0      27.0     23.0     4.0      233.0    55.0     0.0      0.0      7.0      0.0      19.0     146.0    24.0     0.0      0.0      0.0      54.0     11.0     126.0    16.0     1.0      0.0      3.0      8.0      22.0     180.0    399.0    58.0     32.0     121.0    0.0      0.0      0.0      17.0     1.0      4.0      3.0      0.0      0.0      0.0      232.0    152.0    0.0      0.0      0.0      0.0      0.0      0.0      0.0      0.0      0.0      0.0      0.0      1.0      0.0      0.0      0.0      0.0      0.0      0.0      0.0      0.0      1.0      0.0      0.0      1.0      0.0      0.0      0.0      0.0      0.0      0.0      0.0      0.0      0.0      0.0      1.0      2.0      0.0      0.0      1.0      0.0      0.0      0.0      0.0      0.0      0.0      0.0      0.0      0.0      0.0      0.0      0.0      1.0      0.0      0.0      0.0      0.0      0.0      0.0      0.0      0.0      0.0      0.0      0.0      0.0      0.0      0.0      0.0      0.0      0.0      0.0      0.0      0.0      0.0      1.0      1.0      0.0     
95.0     32.0     0.0      2.0      91.0     18.0     13.0     1.0      0.0      84.0     161.0    2.0      0.0      1.0      40.0     192.0    60.0     13.0     25.0     1579.0   32.0     59.0     102.0    55.0     8.0      2.0      150.0    0.0      1.0      0.0      46.0     92.0     0.0      126.0    139.0    0.0      84.0     52.0     0.0      0.0      0.0      0.0      93.0     186.0    408.0    0.0      0.0      18.0     311.0    28.0     51.0     9.0      0.0      8.0      29.0     1.0      6.0      6.0      419.0    5.0      26.0     102.0    0.0      15.0     6.0      201.0    222.0    0.0      0.0      3.0      13.0     0.0      100.0    79.0     0.0      0.0      8.0      2.0      0.0      0.0      0.0      0.0      0.0      1.0      0.0      161.0    0.0      0.0      0.0      0.0      0.0      2.0      2.0      22.0     81.0     0.0      0.0      0.0      1.0      1.0      0.0      20.0     0.0      0.0      4.0      1.0      5.0      0.0      15.0     18.0     0.0      12.0     11.0     0.0      0.0      0.0      0.0      7.0      5.0      142.0    0.0      3.0      0.0      17.0     0.0      1.0      0.0      0.0      0.0      0.0      0.0      2.0      2.0      4.0      16.0     7.0      4.0      0.0      1.0      0.0      136.0    103.0    0.0      0.0      0.0      0.0      1.0      8.0      11.0     0.0     
0.0      104.0    1.0      0.0      0.0      0.0      0.0      0.0      0.0      0.0      4.0      0.0      0.0      0.0      0.0      0.0      0.0      0.0      59.0     32.0     231.0    13.0     19.0     0.0      0.0      0.0      0.0      0.0      0.0      0.0      0.0      0.0      0.0      0.0      0.0      0.0      33.0     0.0      0.0      0.0      0.0      0.0      7.0      45.0     12.0     0.0      0.0      0.0      0.0      0.0      49.0     15.0     0.0      0.0      0.0      0.0      0.0      19.0     58.0     2.0      61.0     114.0    0.0      0.0      0.0      0.0      0.0      0.0      0.0      0.0      0.0      0.0      24.0     0.0      0.0      0.0      0.0      0.0      0.0      0.0      0.0      0.0      0.0      0.0      0.0      1.0      0.0      0.0      0.0      0.0      0.0      0.0      0.0      0.0      0.0      0.0      0.0      0.0      0.0      0.0      0.0      0.0      0.0      0.0      0.0      0.0      0.0      0.0      0.0      0.0      0.0      0.0      0.0      0.0      0.0      0.0      0.0      0.0      0.0      1.0      0.0      0.0      0.0      0.0      0.0      0.0      0.0      0.0      0.0      0.0      0.0      0.0      0.0      0.0      0.0      0.0      0.0      0.0      0.0      0.0      0.0      0.0      0.0      0.0      0.0      0.0      0.0      0.0      0.0      0.0     
48.0     1.0      0.0      0.0      34.0     14.0     0.0      0.0      0.0      25.0     18.0     0.0      0.0      0.0      35.0     121.0    1.0      12.0     3.0      59.0     13.0     765.0    22.0     18.0     0.0      0.0      3.0      12.0     9.0      4.0      2.0      1.0      0.0      182.0    78.0     0.0      5.0      11.0     0.0      0.0      0.0      0.0      162.0    197.0    184.0    9.0      0.0      35.0     285.0    62.0     2.0      94.0     0.0      30.0     28.0     0.0      1.0      0.0      17.0     0.0      2.0      238.0    0.0      1.0      12.0     5.0      31.0     10.0     0.0      9.0      2.0      0.0      51.0     23.0     0.0      0.0      0.0      1.0      0.0      0.0      0.0      0.0      0.0      0.0      0.0      6.0      0.0      0.0      0.0      0.0      0.0      1.0      1.0      0.0      0.0      0.0      2.0      6.0      0.0      0.0      0.0      0.0      1.0      0.0      0.0      0.0      0.0      0.0      1.0      3.0      0.0      1.0      0.0      0.0      0.0      0.0      0.0      3.0      8.0      14.0     0.0      0.0      0.0      1.0      0.0      1.0      0.0      0.0      0.0      0.0      0.0      0.0      0.0      0.0      0.0      0.0      15.0     0.0      0.0      0.0      3.0      23.0     0.0      0.0      0.0      0.0      0.0      1.0      0.0      0.0     
6.0      12.0     2.0      1.0      1.0      2.0      1.0      0.0      0.0      133.0    27.0     0.0      0.0      0.0      1.0      0.0      98.0     21.0     17.0     102.0    19.0     22.0     529.0    14.0     0.0      0.0      75.0     6.0      1.0      93.0     4.0      70.0     0.0      1.0      213.0    0.0      23.0     0.0      0.0      0.0      0.0      0.0      4.0      300.0    127.0    2.0      0.0      13.0     4.0      1.0      25.0     4.0      1.0      0.0      0.0      0.0      10.0     5.0      13.0     0.0      0.0      118.0    0.0      10.0     0.0      128.0    31.0     9.0      0.0      0.0      3.0      0.0      2.0      0.0      0.0      0.0      0.0      1.0      0.0      0.0      1.0      0.0      0.0      0.0      0.0      12.0     0.0      0.0      0.0      0.0      0.0      0.0      0.0      0.0      4.0      0.0      2.0      0.0      1.0      0.0      0.0      3.0      2.0      0.0      3.0      0.0      9.0      0.0      1.0      3.0      0.0      1.0      3.0      0.0      0.0      0.0      0.0      7.0      4.0      14.0     2.0      0.0      0.0      1.0      0.0      1.0      0.0      0.0      0.0      0.0      0.0      1.0      0.0      0.0      0.0      0.0      1.0      0.0      2.0      0.0      4.0      1.0      1.0      0.0      0.0      0.0      0.0      0.0      0.0      0.0     
237.0    0.0      5.0      0.0      114.0    247.0    25.0     20.0     10.0     10.0     5.0      0.0      45.0     5.0      50.0     56.0     49.0     37.0     2.0      55.0     0.0      18.0     14.0     1016.0   0.0      0.0      22.0     34.0     8.0      22.0     195.0    157.0    0.0      8.0      30.0     0.0      1.0      0.0      33.0     0.0      1.0      0.0      9.0      46.0     48.0     4.0      7.0      121.0    17.0     20.0     0.0      5.0      4.0      15.0     3.0      0.0      8.0      0.0      4.0      0.0      0.0      20.0     92.0     213.0    129.0    6.0      202.0    31.0     0.0      0.0      69.0     13.0     1.0      1.0      1.0      40.0     0.0      2.0      0.0      36.0     249.0    26.0     21.0     1.0      16.0     4.0      0.0      5.0      12.0     24.0     33.0     5.0      11.0     1.0      2.0      0.0      0.0      1.0      157.0    0.0      0.0      12.0     1.0      1.0      22.0     63.0     20.0     1.0      2.0      42.0     0.0      1.0      1.0      4.0      0.0      2.0      0.0      5.0      28.0     8.0      2.0      2.0      23.0     6.0      0.0      0.0      0.0      3.0      20.0     0.0      0.0      1.0      0.0      1.0      0.0      0.0      2.0      31.0     54.0     19.0     10.0     72.0     2.0      0.0      0.0      15.0     10.0     0.0      0.0      0.0     
3.0      0.0      0.0      50.0     1.0      0.0      0.0      0.0      0.0      0.0      1.0      28.0     0.0      0.0      11.0     9.0      2.0      2.0      41.0     8.0      0.0      0.0      0.0      0.0      842.0    81.0     111.0    49.0     66.0     46.0     1.0      1.0      0.0      4.0      1.0      0.0      193.0    198.0    0.0      2.0      0.0      0.0      0.0      11.0     0.0      35.0     0.0      0.0      4.0      9.0      39.0     0.0      0.0      1.0      5.0      30.0     165.0    4.0      59.0     27.0     22.0     0.0      0.0      0.0      0.0      21.0     1.0      73.0     17.0     26.0     0.0      0.0      109.0    268.0    0.0      0.0      0.0      0.0      0.0      0.0      0.0      0.0      0.0      0.0      0.0      0.0      0.0      0.0      0.0      0.0      0.0      0.0      0.0      0.0      0.0      0.0      0.0      0.0      0.0      0.0      0.0      1.0      0.0      0.0      1.0      0.0      0.0      0.0      0.0      0.0      0.0      0.0      0.0      0.0      0.0      0.0      0.0      0.0      0.0      0.0      0.0      0.0      0.0      0.0      0.0      0.0      0.0      0.0      0.0      0.0      0.0      0.0      0.0      0.0      0.0      0.0      0.0      0.0      0.0      0.0      0.0      1.0      0.0      0.0      0.0      0.0      0.0      0.0      0.0      0.0     
0.0      0.0      0.0      72.0     2.0      0.0      0.0      0.0      0.0      1.0      0.0      49.0     0.0      2.0      0.0      3.0      18.0     13.0     17.0     2.0      0.0      0.0      0.0      0.0      81.0     629.0    115.0    29.0     19.0     66.0     0.0      0.0      0.0      25.0     13.0     61.0     48.0     124.0    0.0      3.0      92.0     0.0      0.0      7.0      0.0      9.0      0.0      0.0      29.0     48.0     9.0      0.0      0.0      1.0      2.0      99.0     108.0    2.0      16.0     2.0      4.0      0.0      0.0      0.0      0.0      25.0     10.0     185.0    4.0      2.0      0.0      1.0      132.0    206.0    5.0      0.0      0.0      0.0      0.0      0.0      0.0      0.0      0.0      0.0      0.0      0.0      0.0      0.0      0.0      0.0      0.0      0.0      0.0      0.0      0.0      0.0      0.0      1.0      0.0      1.0      0.0      4.0      0.0      0.0      3.0      0.0      0.0      0.0      0.0      0.0      0.0      1.0      0.0      0.0      0.0      0.0      0.0      0.0      0.0      1.0      0.0      0.0      0.0      0.0      0.0      0.0      0.0      0.0      0.0      0.0      0.0      0.0      0.0      0.0      0.0      1.0      1.0      0.0      0.0      0.0      1.0      10.0     0.0      0.0      0.0      0.0      0.0      0.0      0.0      0.0     
48.0     0.0      28.0     39.0     135.0    68.0     58.0     42.0     8.0      90.0     0.0      51.0     4.0      10.0     45.0     311.0    85.0     62.0     24.0     150.0    0.0      3.0      75.0     22.0     111.0    115.0    2440.0   55.0     53.0     756.0    29.0     71.0     23.0     190.0    106.0    25.0     276.0    64.0     6.0      13.0     124.0    0.0      0.0      65.0     46.0     35.0     77.0     4.0      363.0    193.0    85.0     0.0      7.0      26.0     28.0     10.0     833.0    8.0      79.0     16.0     22.0     10.0     0.0      15.0     0.0      460.0    120.0    289.0    13.0     4.0      29.0     6.0      140.0    299.0    43.0     6.0      0.0      6.0      0.0      1.0      3.0      1.0      0.0      1.0      0.0      6.0      0.0      0.0      1.0      0.0      2.0      0.0      0.0      3.0      3.0      0.0      0.0      0.0      10.0     0.0      0.0      14.0     0.0      0.0      16.0     5.0      11.0     0.0      11.0     10.0     0.0      2.0      8.0      0.0      0.0      0.0      0.0      0.0      3.0      11.0     0.0      2.0      0.0      7.0      0.0      0.0      0.0      1.0      0.0      0.0      0.0      0.0      0.0      2.0      0.0      0.0      0.0      0.0      3.0      0.0      12.0     42.0     0.0      0.0      0.0      0.0      4.0      4.0      13.0     0.0     
20.0     0.0      109.0    88.0     43.0     15.0     1.0      1.0      0.0      1.0      0.0      72.0     2.0      3.0      69.0     106.0    24.0     7.0      1.0      0.0      0.0      12.0     6.0      34.0     49.0     29.0     55.0     1254.0   242.0    2.0      17.0     41.0     0.0      13.0     20.0     0.0      62.0     20.0     2.0      6.0      4.0      0.0      6.0      12.0     2.0      537.0    15.0     0.0      43.0     38.0     7.0      0.0      1.0      11.0     16.0     0.0      52.0     0.0      1.0      0.0      5.0      0.0      0.0      24.0     0.0      1.0      7.0      699.0    81.0     9.0      10.0     0.0      29.0     11.0     0.0      1.0      0.0      2.0      0.0      1.0      10.0     0.0      0.0      0.0      0.0      0.0      0.0      0.0      0.0      0.0      1.0      0.0      0.0      0.0      1.0      0.0      0.0      0.0      8.0      0.0      0.0      1.0      0.0      0.0      0.0      5.0      0.0      0.0      0.0      0.0      0.0      0.0      0.0      0.0      0.0      0.0      0.0      0.0      0.0      1.0      0.0      1.0      0.0      0.0      0.0      0.0      0.0      0.0      0.0      0.0      0.0      0.0      0.0      0.0      0.0      0.0      0.0      0.0      2.0      0.0      1.0      2.0      0.0      0.0      0.0      0.0      0.0      0.0      0.0      0.0     
7.0      0.0      306.0    126.0    44.0     5.0      0.0      1.0      1.0      0.0      0.0      55.0     0.0      7.0      175.0    174.0    4.0      2.0      3.0      1.0      0.0      9.0      1.0      8.0      66.0     19.0     53.0     242.0    1725.0   10.0     7.0      10.0     0.0      4.0      3.0      2.0      46.0     33.0     0.0      14.0     0.0      0.0      6.0      3.0      8.0      422.0    1.0      3.0      20.0     17.0     0.0      0.0      3.0      5.0      68.0     0.0      43.0     0.0      3.0      0.0      0.0      0.0      0.0      5.0      0.0      4.0      7.0      158.0    232.0    198.0    1.0      1.0      42.0     16.0     0.0      0.0      0.0      1.0      0.0      2.0      9.0      1.0      0.0      0.0      0.0      0.0      0.0      0.0      0.0      0.0      2.0      0.0      0.0      0.0      0.0      0.0      0.0      0.0      3.0      1.0      0.0      2.0      0.0      0.0      2.0      1.0      1.0      0.0      0.0      0.0      0.0      0.0      0.0      0.0      0.0      0.0      0.0      0.0      0.0      0.0      0.0      0.0      0.0      0.0      0.0      0.0      0.0      0.0      0.0      0.0      0.0      0.0      0.0      0.0      0.0      0.0      0.0      0.0      1.0      0.0      0.0      4.0      0.0      0.0      0.0      0.0      1.0      0.0      0.0      0.0     
41.0     0.0      37.0     10.0     99.0     150.0    262.0    243.0    123.0    195.0    0.0      14.0     10.0     27.0     19.0     167.0    13.0     4.0      0.0      0.0      0.0      4.0      93.0     22.0     46.0     66.0     756.0    2.0      10.0     1936.0   28.0     61.0     22.0     120.0    51.0     8.0      36.0     21.0     8.0      15.0     44.0     0.0      0.0      51.0     84.0     3.0      241.0    2.0      149.0    71.0     18.0     0.0      3.0      10.0     13.0     2.0      296.0    0.0      2.0      0.0      1.0      18.0     1.0      15.0     0.0      231.0    244.0    22.0     1.0      0.0      45.0     314.0    19.0     154.0    25.0     4.0      0.0      26.0     0.0      2.0      4.0      4.0      1.0      1.0      0.0      2.0      0.0      0.0      0.0      0.0      2.0      1.0      2.0      1.0      0.0      0.0      0.0      0.0      7.0      1.0      1.0      41.0     0.0      0.0      41.0     3.0      19.0     1.0      19.0     9.0      2.0      4.0      14.0     0.0      0.0      1.0      0.0      0.0      2.0      2.0      0.0      9.0      0.0      1.0      0.0      0.0      0.0      0.0      1.0      0.0      1.0      6.0      0.0      1.0      0.0      1.0      0.0      0.0      6.0      0.0      3.0      77.0     3.0      0.0      0.0      0.0      3.0      7.0      26.0     0.0     
182.0    0.0      3.0      0.0      41.0     134.0    5.0      4.0      5.0      6.0      1.0      0.0      1.0      0.0      1.0      31.0     11.0     10.0     2.0      46.0     0.0      2.0      4.0      195.0    1.0      0.0      29.0     17.0     7.0      28.0     478.0    58.0     0.0      4.0      9.0      0.0      0.0      0.0      1.0      0.0      0.0      0.0      3.0      18.0     21.0     0.0      0.0      0.0      6.0      0.0      0.0      3.0      0.0      0.0      1.0      0.0      21.0     1.0      9.0      0.0      0.0      2.0      0.0      81.0     12.0     6.0      62.0     18.0     0.0      2.0      112.0    3.0      0.0      0.0      0.0      47.0     0.0      1.0      0.0      46.0     117.0    3.0      3.0      0.0      3.0      0.0      0.0      0.0      0.0      0.0      32.0     1.0      2.0      0.0      2.0      0.0      0.0      1.0      61.0     0.0      0.0      4.0      0.0      1.0      4.0      47.0     5.0      1.0      1.0      4.0      0.0      0.0      1.0      0.0      0.0      0.0      0.0      0.0      1.0      1.0      0.0      0.0      1.0      2.0      0.0      0.0      0.0      0.0      1.0      2.0      0.0      0.0      0.0      0.0      0.0      0.0      1.0      0.0      14.0     4.0      5.0      4.0      0.0      0.0      0.0      9.0      0.0      0.0      0.0      0.0     
28.0     0.0      7.0      0.0      6.0      77.0     9.0      6.0      3.0      5.0      3.0      1.0      0.0      0.0      1.0      13.0     167.0    57.0     1.0      92.0     0.0      1.0      70.0     157.0    1.0      0.0      71.0     41.0     10.0     61.0     58.0     741.0    0.0      2.0      94.0     0.0      1.0      0.0      0.0      0.0      1.0      0.0      3.0      152.0    14.0     10.0     3.0      5.0      6.0      0.0      0.0      0.0      0.0      0.0      1.0      0.0      20.0     0.0      15.0     0.0      0.0      2.0      0.0      174.0    2.0      63.0     79.0     34.0     0.0      0.0      77.0     6.0      1.0      1.0      1.0      3.0      0.0      13.0     0.0      2.0      53.0     15.0     9.0      3.0      3.0      12.0     0.0      0.0      1.0      0.0      10.0     6.0      7.0      2.0      7.0      0.0      7.0      0.0      69.0     2.0      2.0      57.0     21.0     16.0     48.0     11.0     143.0    1.0      3.0      74.0     4.0      4.0      0.0      0.0      0.0      1.0      0.0      8.0      28.0     16.0     19.0     9.0      11.0     5.0      0.0      0.0      0.0      1.0      0.0      3.0      0.0      7.0      0.0      2.0      0.0      0.0      10.0     0.0      68.0     3.0      20.0     23.0     11.0     0.0      0.0      0.0      9.0      0.0      1.0      0.0     
0.0      0.0      0.0      0.0      0.0      0.0      0.0      0.0      0.0      0.0      0.0      0.0      0.0      0.0      0.0      0.0      0.0      0.0      0.0      0.0      0.0      0.0      0.0      0.0      0.0      0.0      23.0     0.0      0.0      22.0     0.0      0.0      37.0     33.0     1.0      0.0      0.0      0.0      0.0      0.0      9.0      0.0      0.0      0.0      0.0      0.0      0.0      0.0      24.0     0.0      0.0      0.0      0.0      0.0      0.0      0.0      10.0     0.0      0.0      0.0      0.0      0.0      0.0      0.0      0.0      4.0      0.0      0.0      0.0      0.0      0.0      0.0      0.0      3.0      9.0      0.0      0.0      0.0      0.0      0.0      0.0      0.0      0.0      0.0      0.0      0.0      0.0      0.0      0.0      0.0      0.0      0.0      0.0      0.0      0.0      0.0      0.0      0.0      0.0      0.0      0.0      0.0      0.0      0.0      0.0      0.0      0.0      0.0      0.0      0.0      0.0      0.0      0.0      0.0      0.0      0.0      0.0      0.0      0.0      0.0      0.0      0.0      0.0      0.0      0.0      0.0      0.0      0.0      0.0      0.0      0.0      0.0      0.0      0.0      0.0      0.0      0.0      0.0      0.0      0.0      0.0      0.0      0.0      0.0      0.0      0.0      0.0      0.0      0.0      0.0     
28.0     2.0      1.0      3.0      7.0      8.0      7.0      3.0      2.0      8.0      22.0     18.0     0.0      5.0      20.0     70.0     121.0    90.0     27.0     126.0    0.0      182.0    1.0      8.0      4.0      25.0     190.0    13.0     4.0      120.0    4.0      2.0      33.0     923.0    406.0    43.0     11.0     3.0      0.0      0.0      107.0    0.0      42.0     144.0    143.0    11.0     0.0      21.0     565.0    125.0    1.0      8.0      8.0      12.0     12.0     4.0      78.0     5.0      47.0     1.0      1.0      138.0    6.0      0.0      5.0      45.0     27.0     21.0     6.0      1.0      1.0      1.0      12.0     253.0    72.0     0.0      0.0      0.0      0.0      0.0      2.0      0.0      0.0      0.0      0.0      0.0      3.0      2.0      13.0     1.0      0.0      0.0      2.0      0.0      0.0      0.0      0.0      2.0      2.0      0.0      0.0      8.0      0.0      0.0      8.0      1.0      0.0      0.0      3.0      0.0      0.0      0.0      2.0      7.0      1.0      0.0      0.0      1.0      0.0      3.0      0.0      0.0      0.0      0.0      5.0      0.0      0.0      1.0      0.0      0.0      0.0      2.0      0.0      0.0      0.0      0.0      0.0      0.0      2.0      0.0      1.0      28.0     0.0      1.0      0.0      0.0      1.0      2.0      3.0      0.0     
36.0     0.0      2.0      2.0      8.0      12.0     8.0      2.0      1.0      20.0     16.0     6.0      0.0      6.0      30.0     66.0     368.0    184.0    23.0     139.0    0.0      78.0     213.0    30.0     1.0      13.0     106.0    20.0     3.0      51.0     9.0      94.0     1.0      406.0    863.0    2.0      26.0     12.0     0.0      1.0      51.0     0.0      16.0     327.0    86.0     9.0      1.0      42.0     499.0    180.0    10.0     1.0      11.0     8.0      17.0     0.0      40.0     3.0      37.0     0.0      4.0      71.0     7.0      17.0     6.0      57.0     28.0     26.0     0.0      4.0      6.0      1.0      8.0      58.0     0.0      0.0      0.0      1.0      0.0      0.0      5.0      1.0      0.0      0.0      0.0      0.0      3.0      2.0      10.0     1.0      1.0      0.0      2.0      0.0      0.0      0.0      2.0      0.0      6.0      0.0      0.0      11.0     6.0      1.0      10.0     2.0      14.0     0.0      0.0      3.0      0.0      0.0      2.0      5.0      1.0      0.0      0.0      1.0      4.0      2.0      6.0      1.0      1.0      0.0      3.0      0.0      0.0      1.0      0.0      0.0      0.0      1.0      0.0      0.0      0.0      0.0      2.0      0.0      6.0      0.0      1.0      17.0     1.0      1.0      0.0      0.0      1.0      0.0      0.0      0.0     
0.0      0.0      0.0      2.0      1.0      0.0      0.0      0.0      0.0      0.0      0.0      10.0     0.0      0.0      0.0      1.0      4.0      1.0      4.0      0.0      0.0      0.0      0.0      0.0      0.0      61.0     25.0     0.0      2.0      8.0      0.0      0.0      0.0      43.0     2.0      101.0    2.0      14.0     0.0      0.0      65.0     0.0      0.0      0.0      0.0      0.0      0.0      0.0      9.0      5.0      0.0      0.0      0.0      1.0      0.0      5.0      13.0     0.0      4.0      0.0      0.0      0.0      0.0      0.0      0.0      4.0      2.0      4.0      2.0      0.0      0.0      0.0      10.0     63.0     18.0     0.0      0.0      0.0      0.0      0.0      0.0      0.0      0.0      0.0      0.0      0.0      0.0      0.0      0.0      0.0      0.0      0.0      0.0      0.0      0.0      0.0      0.0      0.0      0.0      0.0      0.0      1.0      0.0      0.0      0.0      0.0      0.0      0.0      0.0      0.0      0.0      0.0      0.0      0.0      0.0      0.0      0.0      0.0      0.0      0.0      0.0      0.0      0.0      0.0      0.0      0.0      0.0      0.0      0.0      0.0      0.0      0.0      0.0      0.0      0.0      0.0      0.0      0.0      0.0      0.0      0.0      1.0      0.0      0.0      0.0      0.0      0.0      0.0      0.0      0.0     
1.0      29.0     0.0      25.0     0.0      0.0      0.0      0.0      0.0      13.0     5.0      61.0     0.0      1.0      11.0     0.0      61.0     47.0     233.0    84.0     33.0     5.0      23.0     1.0      193.0    48.0     276.0    62.0     46.0     36.0     0.0      1.0      0.0      11.0     26.0     2.0      1361.0   127.0    0.0      4.0      19.0     0.0      37.0     280.0    64.0     18.0     0.0      1.0      61.0     46.0     446.0    4.0      0.0      0.0      0.0      6.0      194.0    53.0     207.0    21.0     181.0    118.0    0.0      1.0      0.0      64.0     17.0     75.0     44.0     0.0      0.0      0.0      406.0    101.0    0.0      0.0      0.0      0.0      0.0      0.0      0.0      0.0      0.0      0.0      0.0      3.0      0.0      0.0      0.0      0.0      0.0      0.0      0.0      0.0      1.0      0.0      0.0      0.0      0.0      1.0      0.0      4.0      0.0      0.0      2.0      0.0      0.0      0.0      1.0      0.0      0.0      1.0      1.0      0.0      0.0      0.0      0.0      0.0      0.0      5.0      0.0      0.0      0.0      0.0      0.0      0.0      0.0      0.0      0.0      0.0      0.0      2.0      0.0      3.0      0.0      0.0      0.0      0.0      0.0      0.0      7.0      13.0     0.0      0.0      0.0      0.0      0.0      2.0      2.0      0.0     
0.0      1.0      0.0      14.0     0.0      0.0      0.0      0.0      0.0      1.0      3.0      30.0     0.0      1.0      6.0      0.0      15.0     7.0      55.0     52.0     0.0      11.0     0.0      0.0      198.0    124.0    64.0     20.0     33.0     21.0     0.0      0.0      0.0      3.0      12.0     14.0     127.0    773.0    0.0      1.0      21.0     0.0      37.0     10.0     61.0     7.0      0.0      0.0      16.0     13.0     1.0      2.0      0.0      0.0      0.0      59.0     41.0     6.0      71.0     34.0     0.0      3.0      0.0      0.0      0.0      23.0     18.0     50.0     27.0     0.0      0.0      0.0      354.0    444.0    0.0      0.0      0.0      0.0      0.0      0.0      0.0      0.0      0.0      0.0      0.0      0.0      0.0      0.0      0.0      0.0      0.0      0.0      0.0      0.0      0.0      0.0      0.0      0.0      0.0      0.0      0.0      9.0      0.0      0.0      4.0      0.0      0.0      0.0      1.0      0.0      0.0      1.0      1.0      0.0      0.0      0.0      0.0      0.0      0.0      3.0      0.0      0.0      0.0      0.0      0.0      0.0      0.0      0.0      0.0      0.0      0.0      3.0      0.0      1.0      0.0      0.0      0.0      0.0      0.0      0.0      4.0      17.0     0.0      0.0      0.0      0.0      0.0      2.0      2.0      0.0     
15.0     0.0      0.0      0.0      34.0     29.0     9.0      9.0      3.0      1.0      0.0      0.0      130.0    51.0     25.0     20.0     0.0      0.0      0.0      0.0      0.0      0.0      0.0      33.0     0.0      0.0      6.0      2.0      0.0      8.0      1.0      0.0      0.0      0.0      0.0      0.0      0.0      0.0      166.0    3.0      0.0      0.0      0.0      0.0      0.0      0.0      2.0      12.0     0.0      60.0     0.0      0.0      0.0      14.0     1.0      0.0      1.0      0.0      0.0      0.0      0.0      0.0      1.0      0.0      0.0      0.0      7.0      3.0      0.0      0.0      0.0      5.0      0.0      0.0      0.0      0.0      0.0      0.0      0.0      5.0      44.0     0.0      0.0      0.0      0.0      0.0      0.0      3.0      18.0     11.0     1.0      0.0      0.0      0.0      0.0      0.0      0.0      0.0      8.0      0.0      0.0      0.0      0.0      0.0      0.0      0.0      0.0      0.0      0.0      0.0      0.0      0.0      1.0      5.0      0.0      0.0      0.0      0.0      0.0      0.0      0.0      0.0      0.0      0.0      1.0      0.0      0.0      6.0      12.0     0.0      0.0      0.0      0.0      0.0      0.0      0.0      0.0      9.0      0.0      0.0      0.0      49.0     0.0      0.0      0.0      0.0      0.0      0.0      0.0      0.0     
2.0      0.0      0.0      0.0      1.0      13.0     20.0     10.0     1.0      8.0      0.0      112.0    0.0      290.0    69.0     187.0    1.0      1.0      0.0      0.0      0.0      0.0      0.0      0.0      2.0      3.0      13.0     6.0      14.0     15.0     0.0      0.0      0.0      0.0      1.0      0.0      4.0      1.0      3.0      409.0    0.0      0.0      0.0      0.0      0.0      6.0      1.0      0.0      1.0      195.0    0.0      0.0      24.0     8.0      74.0     0.0      8.0      0.0      0.0      0.0      0.0      0.0      0.0      0.0      0.0      0.0      36.0     6.0      15.0     2.0      0.0      1.0      4.0      1.0      0.0      0.0      0.0      0.0      0.0      1.0      2.0      2.0      0.0      0.0      0.0      0.0      3.0      0.0      32.0     13.0     1.0      0.0      1.0      0.0      0.0      0.0      0.0      0.0      0.0      0.0      0.0      0.0      0.0      0.0      0.0      0.0      0.0      0.0      0.0      0.0      0.0      0.0      0.0      3.0      15.0     0.0      0.0      0.0      0.0      0.0      0.0      0.0      0.0      0.0      14.0     0.0      0.0      1.0      3.0      0.0      0.0      0.0      0.0      0.0      0.0      0.0      0.0      1.0      0.0      0.0      0.0      42.0     0.0      0.0      0.0      0.0      0.0      0.0      0.0      0.0     
0.0      0.0      0.0      7.0      1.0      0.0      0.0      0.0      0.0      0.0      0.0      26.0     0.0      0.0      7.0      14.0     103.0    56.0     7.0      0.0      0.0      0.0      0.0      1.0      0.0      92.0     124.0    4.0      0.0      44.0     0.0      1.0      9.0      107.0    51.0     65.0     19.0     21.0     0.0      0.0      340.0    0.0      0.0      1.0      0.0      0.0      0.0      0.0      173.0    94.0     7.0      0.0      2.0      3.0      11.0     0.0      116.0    0.0      7.0      0.0      7.0      0.0      0.0      1.0      0.0      3.0      24.0     18.0     2.0      0.0      0.0      0.0      7.0      127.0    57.0     0.0      0.0      0.0      0.0      0.0      0.0      0.0      0.0      0.0      0.0      0.0      0.0      0.0      0.0      0.0      0.0      0.0      0.0      0.0      0.0      0.0      0.0      0.0      0.0      0.0      0.0      8.0      0.0      0.0      11.0     0.0      0.0      0.0      0.0      0.0      0.0      0.0      1.0      0.0      0.0      0.0      0.0      0.0      0.0      0.0      0.0      1.0      0.0      0.0      0.0      0.0      0.0      0.0      0.0      0.0      0.0      0.0      0.0      0.0      0.0      0.0      0.0      0.0      0.0      0.0      0.0      13.0     0.0      0.0      0.0      0.0      2.0      1.0      1.0      0.0     
0.0      0.0      0.0      0.0      0.0      0.0      0.0      0.0      0.0      0.0      0.0      0.0      0.0      0.0      0.0      0.0      0.0      0.0      0.0      0.0      0.0      0.0      0.0      0.0      0.0      0.0      0.0      0.0      0.0      0.0      0.0      0.0      0.0      0.0      0.0      0.0      0.0      0.0      0.0      0.0      0.0      0.0      0.0      0.0      0.0      0.0      0.0      0.0      0.0      0.0      0.0      0.0      0.0      0.0      0.0      0.0      0.0      0.0      0.0      0.0      0.0      0.0      0.0      0.0      0.0      0.0      0.0      0.0      0.0      0.0      0.0      0.0      0.0      0.0      0.0      0.0      0.0      0.0      0.0      0.0      0.0      0.0      0.0      0.0      0.0      0.0      0.0      0.0      0.0      0.0      0.0      0.0      0.0      0.0      0.0      0.0      0.0      0.0      0.0      0.0      0.0      0.0      0.0      0.0      0.0      0.0      0.0      0.0      0.0      0.0      0.0      0.0      0.0      0.0      0.0      0.0      0.0      0.0      0.0      0.0      0.0      0.0      0.0      0.0      0.0      0.0      0.0      0.0      0.0      0.0      0.0      0.0      0.0      0.0      0.0      0.0      0.0      0.0      0.0      0.0      0.0      0.0      0.0      0.0      0.0      0.0      0.0      0.0      0.0      0.0     
28.0     27.0     0.0      0.0      31.0     8.0      1.0      0.0      0.0      1.0      12.0     0.0      0.0      0.0      31.0     115.0    2.0      4.0      19.0     93.0     7.0      162.0    4.0      9.0      0.0      0.0      0.0      6.0      6.0      0.0      3.0      3.0      0.0      42.0     16.0     0.0      37.0     37.0     0.0      0.0      0.0      0.0      617.0    154.0    348.0    4.0      0.0      12.0     216.0    44.0     40.0     62.0     0.0      16.0     18.0     0.0      0.0      4.0      7.0      0.0      5.0      19.0     1.0      2.0      2.0      1.0      4.0      5.0      0.0      6.0      0.0      0.0      127.0    37.0     0.0      0.0      4.0      0.0      0.0      0.0      0.0      0.0      0.0      0.0      0.0      33.0     0.0      0.0      0.0      0.0      0.0      0.0      0.0      3.0      14.0     0.0      0.0      0.0      3.0      0.0      0.0      3.0      0.0      0.0      0.0      1.0      5.0      0.0      5.0      16.0     0.0      7.0      4.0      0.0      0.0      0.0      0.0      7.0      4.0      16.0     0.0      0.0      0.0      4.0      0.0      6.0      0.0      0.0      0.0      0.0      0.0      0.0      0.0      0.0      4.0      5.0      1.0      0.0      3.0      0.0      23.0     0.0      0.0      0.0      0.0      0.0      0.0      5.0      4.0      0.0     
29.0     61.0     3.0      2.0      5.0      12.0     11.0     6.0      0.0      45.0     25.0     1.0      0.0      0.0      13.0     19.0     148.0    73.0     146.0    186.0    45.0     197.0    300.0    46.0     11.0     7.0      65.0     12.0     3.0      51.0     18.0     152.0    0.0      144.0    327.0    0.0      280.0    10.0     0.0      0.0      1.0      0.0      154.0    1518.0   151.0    4.0      0.0      42.0     55.0     27.0     315.0    100.0    5.0      2.0      2.0      0.0      22.0     34.0     174.0    3.0      50.0     279.0    5.0      22.0     6.0      67.0     44.0     15.0     0.0      1.0      9.0      0.0      163.0    33.0     0.0      1.0      0.0      8.0      0.0      1.0      6.0      2.0      1.0      0.0      0.0      0.0      0.0      0.0      2.0      0.0      6.0      0.0      1.0      0.0      0.0      0.0      2.0      3.0      5.0      0.0      1.0      14.0     17.0     9.0      11.0     1.0      30.0     0.0      0.0      4.0      1.0      1.0      4.0      0.0      0.0      0.0      0.0      2.0      8.0      9.0      13.0     1.0      2.0      0.0      0.0      0.0      0.0      0.0      0.0      4.0      0.0      1.0      0.0      0.0      0.0      0.0      3.0      0.0      4.0      0.0      2.0      8.0      7.0      0.0      0.0      0.0      2.0      0.0      0.0      0.0     
78.0     23.0     0.0      0.0      68.0     12.0     9.0      8.0      3.0      142.0    299.0    0.0      0.0      2.0      39.0     115.0    11.0     9.0      24.0     408.0    12.0     184.0    127.0    48.0     0.0      0.0      46.0     2.0      8.0      84.0     21.0     14.0     0.0      143.0    86.0     0.0      64.0     61.0     0.0      0.0      0.0      0.0      348.0    151.0    1404.0   2.0      0.0      24.0     314.0    45.0     68.0     17.0     0.0      18.0     14.0     0.0      5.0      14.0     37.0     0.0      13.0     176.0    1.0      9.0      11.0     142.0    86.0     1.0      0.0      9.0      3.0      3.0      143.0    66.0     0.0      0.0      7.0      0.0      0.0      0.0      0.0      0.0      0.0      0.0      0.0      153.0    0.0      0.0      0.0      0.0      0.0      2.0      2.0      6.0      56.0     0.0      1.0      5.0      4.0      0.0      0.0      4.0      0.0      0.0      1.0      1.0      6.0      0.0      8.0      21.0     0.0      13.0     9.0      0.0      0.0      0.0      0.0      27.0     11.0     99.0     0.0      0.0      0.0      5.0      0.0      11.0     0.0      0.0      0.0      0.0      0.0      0.0      0.0      0.0      7.0      7.0      11.0     0.0      3.0      0.0      85.0     33.0     0.0      0.0      0.0      0.0      0.0      10.0     5.0      0.0     
0.0      0.0      165.0    69.0     5.0      1.0      0.0      0.0      0.0      0.0      0.0      38.0     0.0      5.0      44.0     29.0     4.0      1.0      0.0      0.0      0.0      9.0      2.0      4.0      35.0     9.0      35.0     537.0    422.0    3.0      0.0      10.0     0.0      11.0     9.0      0.0      18.0     7.0      0.0      6.0      0.0      0.0      4.0      4.0      2.0      867.0    2.0      0.0      23.0     9.0      0.0      0.0      1.0      3.0      6.0      0.0      26.0     0.0      0.0      0.0      0.0      0.0      0.0      3.0      0.0      0.0      4.0      224.0    76.0     10.0     3.0      0.0      10.0     4.0      0.0      0.0      0.0      1.0      0.0      0.0      0.0      0.0      0.0      0.0      0.0      0.0      0.0      0.0      0.0      0.0      0.0      0.0      0.0      0.0      0.0      0.0      0.0      0.0      0.0      0.0      0.0      2.0      0.0      0.0      2.0      0.0      0.0      0.0      0.0      0.0      0.0      0.0      0.0      0.0      0.0      0.0      0.0      0.0      0.0      0.0      0.0      0.0      0.0      0.0      0.0      0.0      0.0      0.0      0.0      0.0      0.0      0.0      0.0      0.0      0.0      0.0      0.0      0.0      0.0      0.0      0.0      5.0      0.0      0.0      0.0      0.0      1.0      0.0      0.0      0.0     
2.0      0.0      139.0    1.0      4.0      28.0     75.0     105.0    26.0     4.0      0.0      0.0      1.0      1.0      3.0      26.0     1.0      1.0      0.0      0.0      0.0      0.0      0.0      7.0      0.0      0.0      77.0     15.0     1.0      241.0    0.0      3.0      0.0      0.0      1.0      0.0      0.0      0.0      2.0      1.0      0.0      0.0      0.0      0.0      0.0      2.0      387.0    0.0      1.0      3.0      0.0      0.0      0.0      0.0      1.0      0.0      17.0     0.0      0.0      0.0      0.0      0.0      0.0      2.0      0.0      1.0      21.0     7.0      0.0      0.0      7.0      93.0     0.0      0.0      0.0      0.0      0.0      14.0     0.0      1.0      0.0      0.0      0.0      0.0      0.0      0.0      0.0      0.0      0.0      0.0      0.0      0.0      0.0      0.0      0.0      0.0      0.0      0.0      0.0      0.0      1.0      1.0      0.0      3.0      3.0      0.0      0.0      0.0      0.0      1.0      0.0      0.0      0.0      0.0      0.0      0.0      0.0      0.0      1.0      0.0      0.0      6.0      0.0      0.0      0.0      0.0      0.0      0.0      0.0      0.0      1.0      0.0      0.0      0.0      0.0      0.0      0.0      0.0      0.0      0.0      0.0      5.0      0.0      0.0      0.0      0.0      1.0      0.0      0.0      0.0     
93.0     0.0      0.0      0.0      115.0    6.0      1.0      0.0      0.0      2.0      2.0      0.0      26.0     2.0      17.0     37.0     31.0     43.0     0.0      18.0     0.0      35.0     13.0     121.0    0.0      0.0      4.0      0.0      3.0      2.0      0.0      5.0      0.0      21.0     42.0     0.0      1.0      0.0      12.0     0.0      0.0      0.0      12.0     42.0     24.0     0.0      0.0      258.0    54.0     39.0     0.0      4.0      2.0      3.0      0.0      0.0      0.0      0.0      2.0      0.0      0.0      19.0     9.0      0.0      22.0     2.0      0.0      0.0      0.0      3.0      2.0      0.0      1.0      0.0      0.0      0.0      0.0      0.0      0.0      0.0      4.0      0.0      0.0      0.0      0.0      0.0      0.0      0.0      5.0      1.0      0.0      0.0      0.0      0.0      0.0      0.0      0.0      0.0      3.0      0.0      0.0      0.0      0.0      1.0      0.0      0.0      1.0      0.0      0.0      1.0      0.0      0.0      0.0      2.0      0.0      0.0      0.0      0.0      0.0      0.0      1.0      0.0      0.0      0.0      0.0      0.0      0.0      0.0      0.0      0.0      0.0      0.0      0.0      0.0      0.0      0.0      0.0      2.0      0.0      0.0      0.0      3.0      0.0      0.0      0.0      0.0      0.0      0.0      0.0      0.0     
83.0     3.0      1.0      2.0      105.0    35.0     23.0     5.0      3.0      6.0      17.0     6.0      0.0      8.0      141.0    552.0    376.0    278.0    54.0     311.0    0.0      285.0    4.0      17.0     4.0      29.0     363.0    43.0     20.0     149.0    6.0      6.0      24.0     565.0    499.0    9.0      61.0     16.0     0.0      1.0      173.0    0.0      216.0    55.0     314.0    23.0     1.0      54.0     1717.0   526.0    18.0     10.0     16.0     78.0     114.0    0.0      163.0    6.0      136.0    0.0      10.0     45.0     6.0      1.0      9.0      83.0     36.0     80.0     1.0      25.0     1.0      2.0      13.0     231.0    9.0      1.0      0.0      0.0      0.0      0.0      0.0      1.0      0.0      0.0      0.0      0.0      3.0      2.0      14.0     1.0      1.0      0.0      2.0      0.0      0.0      0.0      0.0      0.0      1.0      0.0      0.0      15.0     0.0      0.0      9.0      1.0      2.0      0.0      4.0      1.0      1.0      0.0      2.0      7.0      1.0      0.0      0.0      0.0      1.0      0.0      0.0      1.0      0.0      0.0      5.0      0.0      0.0      1.0      0.0      0.0      0.0      7.0      0.0      0.0      0.0      0.0      0.0      0.0      0.0      0.0      0.0      37.0     0.0      1.0      0.0      0.0      3.0      1.0      4.0      1.0     
19.0     1.0      3.0      23.0     29.0     41.0     51.0     22.0     4.0      14.0     0.0      302.0    62.0     297.0    169.0    674.0    239.0    219.0    11.0     28.0     0.0      62.0     1.0      20.0     9.0      48.0     193.0    38.0     17.0     71.0     0.0      0.0      0.0      125.0    180.0    5.0      46.0     13.0     60.0     195.0    94.0     0.0      44.0     27.0     45.0     9.0      3.0      39.0     526.0    1408.0   10.0     1.0      36.0     74.0     160.0    0.0      97.0     0.0      20.0     0.0      3.0      0.0      4.0      0.0      0.0      22.0     36.0     81.0     13.0     44.0     0.0      7.0      20.0     28.0     6.0      0.0      0.0      0.0      0.0      2.0      18.0     6.0      1.0      0.0      0.0      0.0      9.0      1.0      61.0     13.0     8.0      1.0      3.0      0.0      0.0      0.0      0.0      0.0      0.0      0.0      0.0      2.0      0.0      0.0      2.0      0.0      0.0      0.0      0.0      0.0      0.0      0.0      0.0      12.0     15.0     0.0      0.0      0.0      0.0      0.0      0.0      0.0      0.0      1.0      20.0     0.0      0.0      13.0     6.0      4.0      0.0      1.0      0.0      0.0      0.0      0.0      0.0      0.0      0.0      0.0      0.0      93.0     0.0      0.0      0.0      0.0      1.0      0.0      0.0      0.0     
0.0      40.0     0.0      3.0      0.0      0.0      0.0      0.0      0.0      0.0      6.0      9.0      0.0      0.0      0.0      0.0      16.0     11.0     126.0    51.0     49.0     2.0      25.0     0.0      39.0     9.0      85.0     7.0      0.0      18.0     0.0      0.0      0.0      1.0      10.0     0.0      446.0    1.0      0.0      0.0      7.0      0.0      40.0     315.0    68.0     0.0      0.0      0.0      18.0     10.0     556.0    1.0      0.0      0.0      0.0      0.0      52.0     22.0     125.0    3.0      125.0    138.0    0.0      0.0      0.0      20.0     0.0      9.0      0.0      0.0      0.0      0.0      71.0     4.0      0.0      0.0      0.0      0.0      0.0      0.0      0.0      0.0      0.0      0.0      0.0      0.0      0.0      0.0      0.0      0.0      0.0      0.0      0.0      0.0      0.0      0.0      0.0      0.0      0.0      0.0      0.0      0.0      0.0      0.0      0.0      0.0      0.0      0.0      0.0      0.0      0.0      0.0      0.0      0.0      0.0      0.0      0.0      0.0      0.0      0.0      0.0      0.0      0.0      0.0      0.0      0.0      0.0      0.0      0.0      0.0      0.0      0.0      0.0      0.0      0.0      0.0      0.0      0.0      0.0      0.0      0.0      0.0      0.0      0.0      0.0      0.0      0.0      0.0      0.0      0.0     
5.0      17.0     0.0      0.0      2.0      0.0      0.0      0.0      0.0      0.0      1.0      0.0      0.0      0.0      2.0      6.0      0.0      2.0      16.0     9.0      15.0     94.0     4.0      5.0      0.0      0.0      0.0      0.0      0.0      0.0      3.0      0.0      0.0      8.0      1.0      0.0      4.0      2.0      0.0      0.0      0.0      0.0      62.0     100.0    17.0     0.0      0.0      4.0      10.0     1.0      1.0      174.0    0.0      2.0      1.0      0.0      0.0      8.0      13.0     0.0      2.0      48.0     1.0      1.0      1.0      0.0      0.0      0.0      0.0      0.0      0.0      0.0      43.0     2.0      0.0      0.0      0.0      0.0      0.0      0.0      0.0      0.0      0.0      0.0      0.0      4.0      0.0      0.0      0.0      0.0      0.0      1.0      1.0      0.0      0.0      0.0      0.0      0.0      0.0      0.0      0.0      0.0      0.0      0.0      0.0      0.0      0.0      0.0      0.0      1.0      0.0      0.0      0.0      0.0      0.0      0.0      0.0      0.0      1.0      1.0      0.0      0.0      0.0      1.0      0.0      0.0      0.0      0.0      0.0      0.0      0.0      0.0      0.0      0.0      0.0      0.0      0.0      0.0      0.0      0.0      0.0      0.0      0.0      0.0      0.0      0.0      0.0      0.0      0.0      0.0     
5.0      0.0      0.0      1.0      2.0      6.0      9.0      7.0      2.0      7.0      0.0      94.0     3.0      116.0    148.0    103.0    11.0     17.0     1.0      0.0      0.0      0.0      1.0      4.0      0.0      0.0      7.0      1.0      3.0      3.0      0.0      0.0      0.0      8.0      11.0     0.0      0.0      0.0      0.0      24.0     2.0      0.0      0.0      5.0      0.0      1.0      0.0      2.0      16.0     36.0     0.0      0.0      307.0    4.0      42.0     0.0      2.0      0.0      1.0      0.0      0.0      0.0      17.0     0.0      0.0      0.0      34.0     3.0      18.0     0.0      0.0      2.0      0.0      1.0      0.0      0.0      0.0      1.0      0.0      1.0      7.0      1.0      0.0      0.0      1.0      0.0      1.0      0.0      23.0     2.0      0.0      1.0      1.0      0.0      0.0      0.0      0.0      0.0      0.0      0.0      0.0      1.0      0.0      0.0      1.0      0.0      0.0      0.0      0.0      0.0      0.0      0.0      0.0      0.0      2.0      0.0      0.0      0.0      0.0      0.0      0.0      0.0      0.0      1.0      2.0      0.0      0.0      3.0      2.0      0.0      0.0      0.0      0.0      0.0      0.0      0.0      0.0      0.0      0.0      0.0      0.0      38.0     1.0      0.0      0.0      0.0      0.0      0.0      0.0      0.0     
33.0     0.0      1.0      1.0      30.0     11.0     13.0     12.0     4.0      7.0      0.0      6.0      14.0     21.0     110.0    32.0     7.0      4.0      0.0      8.0      0.0      30.0     0.0      15.0     1.0      1.0      26.0     11.0     5.0      10.0     0.0      0.0      0.0      12.0     8.0      1.0      0.0      0.0      14.0     8.0      3.0      0.0      16.0     2.0      18.0     3.0      0.0      3.0      78.0     74.0     0.0      2.0      4.0      250.0    17.0     0.0      11.0     0.0      2.0      0.0      0.0      4.0      5.0      0.0      0.0      6.0      12.0     7.0      1.0      3.0      0.0      2.0      0.0      2.0      1.0      0.0      0.0      1.0      0.0      6.0      8.0      0.0      0.0      0.0      0.0      0.0      0.0      1.0      8.0      1.0      1.0      0.0      1.0      0.0      0.0      0.0      0.0      0.0      0.0      0.0      0.0      1.0      0.0      0.0      0.0      0.0      0.0      0.0      0.0      0.0      0.0      0.0      0.0      2.0      0.0      0.0      0.0      0.0      0.0      0.0      0.0      0.0      0.0      0.0      1.0      0.0      0.0      1.0      7.0      0.0      0.0      0.0      0.0      0.0      0.0      0.0      0.0      0.0      0.0      0.0      0.0      16.0     1.0      0.0      0.0      0.0      0.0      0.0      0.0      0.0     
10.0     0.0      1.0      10.0     4.0      8.0      18.0     10.0     0.0      5.0      0.0      126.0    4.0      90.0     241.0    407.0    15.0     8.0      3.0      29.0     0.0      28.0     0.0      3.0      5.0      2.0      28.0     16.0     68.0     13.0     1.0      1.0      0.0      12.0     17.0     0.0      0.0      0.0      1.0      74.0     11.0     0.0      18.0     2.0      14.0     6.0      1.0      0.0      114.0    160.0    0.0      1.0      42.0     17.0     603.0    0.0      20.0     0.0      14.0     0.0      0.0      1.0      4.0      1.0      0.0      1.0      9.0      12.0     49.0     22.0     0.0      3.0      0.0      1.0      1.0      0.0      0.0      0.0      0.0      1.0      0.0      0.0      0.0      0.0      0.0      0.0      1.0      0.0      2.0      1.0      3.0      0.0      0.0      0.0      0.0      0.0      0.0      0.0      0.0      0.0      0.0      0.0      0.0      0.0      1.0      0.0      0.0      0.0      0.0      0.0      0.0      0.0      0.0      0.0      0.0      0.0      0.0      0.0      0.0      0.0      0.0      1.0      0.0      0.0      1.0      0.0      0.0      0.0      0.0      1.0      0.0      0.0      0.0      0.0      0.0      0.0      0.0      0.0      0.0      0.0      0.0      8.0      0.0      0.0      0.0      0.0      0.0      0.0      0.0      0.0     
0.0      0.0      0.0      0.0      0.0      0.0      0.0      0.0      0.0      0.0      0.0      0.0      0.0      0.0      0.0      0.0      0.0      0.0      8.0      1.0      0.0      0.0      0.0      0.0      30.0     99.0     10.0     0.0      0.0      2.0      0.0      0.0      0.0      4.0      0.0      5.0      6.0      59.0     0.0      0.0      0.0      0.0      0.0      0.0      0.0      0.0      0.0      0.0      0.0      0.0      0.0      0.0      0.0      0.0      0.0      143.0    2.0      0.0      8.0      0.0      1.0      0.0      0.0      0.0      0.0      1.0      1.0      0.0      0.0      0.0      0.0      0.0      58.0     114.0    0.0      0.0      0.0      0.0      0.0      0.0      0.0      0.0      0.0      0.0      0.0      0.0      0.0      0.0      0.0      0.0      0.0      0.0      0.0      0.0      0.0      0.0      0.0      0.0      0.0      0.0      0.0      1.0      0.0      0.0      1.0      0.0      0.0      0.0      0.0      0.0      0.0      0.0      0.0      0.0      0.0      0.0      0.0      0.0      0.0      0.0      0.0      0.0      0.0      0.0      0.0      0.0      0.0      0.0      0.0      0.0      0.0      0.0      0.0      0.0      0.0      0.0      0.0      0.0      0.0      0.0      0.0      1.0      0.0      0.0      0.0      0.0      0.0      0.0      0.0      0.0     
21.0     0.0      2.0      49.0     47.0     13.0     2.0      0.0      1.0      9.0      0.0      33.0     1.0      5.0      15.0     114.0    51.0     34.0     22.0     6.0      0.0      1.0      10.0     8.0      165.0    108.0    833.0    52.0     43.0     296.0    21.0     20.0     10.0     78.0     40.0     13.0     194.0    41.0     1.0      8.0      116.0    0.0      0.0      22.0     5.0      26.0     17.0     0.0      163.0    97.0     52.0     0.0      2.0      11.0     20.0     2.0      1229.0   7.0      49.0     15.0     23.0     0.0      0.0      5.0      0.0      60.0     23.0     151.0    9.0      5.0      21.0     0.0      93.0     142.0    33.0     3.0      0.0      5.0      0.0      0.0      1.0      0.0      0.0      0.0      0.0      0.0      0.0      0.0      0.0      0.0      1.0      1.0      1.0      0.0      0.0      0.0      0.0      0.0      3.0      0.0      0.0      10.0     0.0      0.0      8.0      2.0      0.0      0.0      0.0      0.0      0.0      0.0      0.0      0.0      0.0      0.0      0.0      0.0      0.0      0.0      0.0      1.0      0.0      0.0      0.0      0.0      0.0      0.0      0.0      0.0      0.0      0.0      0.0      0.0      0.0      0.0      0.0      0.0      0.0      0.0      0.0      10.0     0.0      0.0      0.0      0.0      0.0      0.0      0.0      0.0     
0.0      47.0     0.0      0.0      0.0      0.0      0.0      0.0      0.0      0.0      1.0      0.0      0.0      0.0      1.0      1.0      0.0      0.0      180.0    6.0      19.0     0.0      5.0      0.0      4.0      2.0      8.0      0.0      0.0      0.0      1.0      0.0      0.0      5.0      3.0      0.0      53.0     6.0      0.0      0.0      0.0      0.0      4.0      34.0     14.0     0.0      0.0      0.0      6.0      0.0      22.0     8.0      0.0      0.0      0.0      0.0      7.0      197.0    22.0     29.0     12.0     35.0     0.0      0.0      0.0      2.0      1.0      0.0      0.0      0.0      0.0      0.0      69.0     34.0     0.0      0.0      0.0      0.0      0.0      0.0      0.0      0.0      0.0      0.0      0.0      0.0      0.0      0.0      0.0      0.0      0.0      0.0      0.0      0.0      0.0      0.0      0.0      1.0      0.0      0.0      0.0      0.0      0.0      0.0      0.0      0.0      0.0      0.0      0.0      1.0      0.0      0.0      1.0      0.0      0.0      0.0      0.0      0.0      0.0      0.0      0.0      0.0      0.0      0.0      0.0      0.0      0.0      0.0      0.0      0.0      0.0      0.0      0.0      0.0      0.0      0.0      0.0      0.0      0.0      0.0      0.0      0.0      0.0      0.0      0.0      0.0      0.0      1.0      0.0      0.0     
10.0     68.0     0.0      8.0      28.0     7.0      4.0      0.0      0.0      4.0      16.0     8.0      0.0      0.0      19.0     103.0    21.0     8.0      399.0    419.0    58.0     17.0     13.0     4.0      59.0     16.0     79.0     1.0      3.0      2.0      9.0      15.0     0.0      47.0     37.0     4.0      207.0    71.0     0.0      0.0      7.0      0.0      7.0      174.0    37.0     0.0      0.0      2.0      136.0    20.0     125.0    13.0     1.0      2.0      14.0     8.0      49.0     22.0     984.0    19.0     30.0     69.0     0.0      4.0      0.0      31.0     17.0     7.0      4.0      0.0      5.0      0.0      180.0    121.0    0.0      0.0      0.0      0.0      0.0      0.0      0.0      0.0      0.0      0.0      0.0      7.0      0.0      0.0      0.0      0.0      0.0      0.0      0.0      2.0      13.0     0.0      0.0      0.0      1.0      0.0      0.0      2.0      0.0      0.0      0.0      0.0      4.0      0.0      0.0      2.0      0.0      4.0      1.0      0.0      0.0      0.0      0.0      0.0      2.0      9.0      0.0      0.0      0.0      0.0      0.0      0.0      0.0      0.0      0.0      0.0      0.0      0.0      0.0      2.0      1.0      2.0      0.0      0.0      1.0      0.0      10.0     6.0      0.0      0.0      0.0      0.0      0.0      2.0      0.0      0.0     
0.0      7.0      0.0      1.0      0.0      0.0      0.0      0.0      0.0      2.0      0.0      0.0      0.0      0.0      0.0      0.0      0.0      0.0      58.0     5.0      2.0      0.0      0.0      0.0      27.0     2.0      16.0     0.0      0.0      0.0      0.0      0.0      0.0      1.0      0.0      0.0      21.0     34.0     0.0      0.0      0.0      0.0      0.0      3.0      0.0      0.0      0.0      0.0      0.0      0.0      3.0      0.0      0.0      0.0      0.0      0.0      15.0     29.0     19.0     117.0    5.0      2.0      0.0      0.0      0.0      6.0      2.0      2.0      0.0      0.0      0.0      0.0      87.0     59.0     0.0      0.0      0.0      0.0      0.0      0.0      0.0      0.0      0.0      0.0      0.0      1.0      0.0      0.0      0.0      0.0      0.0      0.0      0.0      0.0      0.0      0.0      0.0      0.0      0.0      0.0      0.0      0.0      0.0      0.0      0.0      0.0      0.0      0.0      0.0      0.0      0.0      0.0      0.0      0.0      0.0      0.0      0.0      0.0      0.0      1.0      0.0      0.0      0.0      0.0      0.0      0.0      0.0      0.0      0.0      0.0      0.0      0.0      0.0      0.0      0.0      0.0      0.0      0.0      0.0      0.0      1.0      1.0      0.0      0.0      0.0      0.0      0.0      0.0      0.0      0.0     
0.0      40.0     0.0      0.0      0.0      0.0      0.0      0.0      0.0      0.0      0.0      4.0      0.0      0.0      0.0      0.0      9.0      7.0      32.0     26.0     61.0     2.0      0.0      0.0      22.0     4.0      22.0     5.0      0.0      1.0      0.0      0.0      0.0      1.0      4.0      0.0      181.0    0.0      0.0      0.0      7.0      0.0      5.0      50.0     13.0     0.0      0.0      0.0      10.0     3.0      125.0    2.0      0.0      0.0      0.0      1.0      23.0     12.0     30.0     5.0      235.0    43.0     0.0      0.0      0.0      0.0      0.0      4.0      0.0      0.0      0.0      0.0      32.0     3.0      0.0      0.0      0.0      0.0      0.0      0.0      0.0      0.0      0.0      0.0      0.0      0.0      0.0      0.0      0.0      0.0      0.0      0.0      0.0      0.0      0.0      0.0      0.0      0.0      0.0      0.0      0.0      0.0      0.0      0.0      0.0      0.0      0.0      0.0      0.0      0.0      0.0      0.0      0.0      0.0      0.0      0.0      0.0      0.0      0.0      0.0      0.0      0.0      0.0      0.0      0.0      0.0      0.0      0.0      0.0      0.0      0.0      0.0      0.0      0.0      0.0      0.0      0.0      0.0      0.0      0.0      0.0      0.0      0.0      0.0      0.0      0.0      0.0      0.0      0.0      0.0     
19.0     64.0     0.0      0.0      10.0     0.0      0.0      0.0      0.0      23.0     28.0     0.0      0.0      0.0      5.0      4.0      0.0      6.0      121.0    102.0    114.0    238.0    118.0    20.0     0.0      0.0      10.0     0.0      0.0      18.0     2.0      2.0      0.0      138.0    71.0     0.0      118.0    3.0      0.0      0.0      0.0      0.0      19.0     279.0    176.0    0.0      0.0      19.0     45.0     0.0      138.0    48.0     0.0      4.0      1.0      0.0      0.0      35.0     69.0     2.0      43.0     631.0    0.0      2.0      8.0      36.0     12.0     0.0      0.0      0.0      1.0      0.0      6.0      4.0      0.0      0.0      0.0      0.0      0.0      0.0      0.0      0.0      0.0      0.0      0.0      5.0      0.0      0.0      0.0      0.0      0.0      1.0      1.0      0.0      0.0      0.0      0.0      3.0      0.0      0.0      0.0      0.0      0.0      0.0      0.0      0.0      0.0      0.0      0.0      0.0      0.0      0.0      1.0      0.0      0.0      0.0      0.0      1.0      1.0      7.0      0.0      0.0      0.0      1.0      0.0      0.0      0.0      0.0      0.0      0.0      0.0      0.0      0.0      0.0      0.0      0.0      4.0      0.0      0.0      0.0      3.0      9.0      0.0      0.0      0.0      0.0      0.0      0.0      1.0      0.0     
21.0     0.0      0.0      0.0      3.0      28.0     7.0      7.0      5.0      7.0      0.0      1.0      8.0      11.0     62.0     23.0     5.0      8.0      0.0      0.0      0.0      0.0      0.0      92.0     0.0      0.0      0.0      0.0      0.0      1.0      0.0      0.0      0.0      6.0      7.0      0.0      0.0      0.0      1.0      0.0      0.0      0.0      1.0      5.0      1.0      0.0      0.0      9.0      6.0      4.0      0.0      1.0      17.0     5.0      4.0      0.0      0.0      0.0      0.0      0.0      0.0      0.0      142.0    0.0      0.0      0.0      9.0      0.0      0.0      0.0      0.0      4.0      0.0      0.0      0.0      2.0      0.0      0.0      0.0      8.0      33.0     0.0      0.0      0.0      0.0      0.0      0.0      5.0      12.0     21.0     0.0      1.0      1.0      0.0      0.0      0.0      0.0      0.0      13.0     0.0      0.0      0.0      0.0      0.0      0.0      0.0      0.0      0.0      0.0      0.0      0.0      0.0      0.0      4.0      0.0      0.0      0.0      0.0      0.0      0.0      0.0      0.0      0.0      1.0      1.0      0.0      0.0      7.0      19.0     0.0      0.0      0.0      0.0      0.0      0.0      0.0      0.0      21.0     0.0      0.0      0.0      58.0     0.0      0.0      0.0      0.0      0.0      0.0      0.0      0.0     
0.0      0.0      3.0      0.0      0.0      125.0    12.0     7.0      2.0      2.0      0.0      0.0      0.0      0.0      1.0      5.0      47.0     37.0     0.0      15.0     0.0      1.0      10.0     213.0    0.0      0.0      15.0     24.0     5.0      15.0     81.0     174.0    0.0      0.0      17.0     0.0      1.0      0.0      0.0      0.0      1.0      0.0      2.0      22.0     9.0      3.0      2.0      0.0      1.0      0.0      0.0      1.0      0.0      0.0      1.0      0.0      5.0      0.0      4.0      0.0      0.0      2.0      0.0      299.0    9.0      7.0      59.0     23.0     0.0      0.0      92.0     5.0      1.0      1.0      1.0      6.0      0.0      1.0      0.0      7.0      66.0     8.0      4.0      0.0      3.0      0.0      0.0      0.0      0.0      0.0      8.0      3.0      5.0      1.0      0.0      0.0      0.0      0.0      37.0     0.0      0.0      8.0      0.0      0.0      5.0      25.0     8.0      1.0      1.0      11.0     0.0      0.0      0.0      0.0      0.0      1.0      0.0      3.0      8.0      2.0      0.0      1.0      9.0      3.0      0.0      0.0      0.0      0.0      0.0      0.0      0.0      0.0      0.0      1.0      0.0      0.0      0.0      0.0      18.0     5.0      4.0      8.0      1.0      0.0      0.0      4.0      1.0      0.0      0.0      0.0     
37.0     0.0      0.0      0.0      16.0     30.0     0.0      0.0      0.0      0.0      2.0      0.0      2.0      0.0      0.0      9.0      3.0      1.0      0.0      6.0      0.0      12.0     0.0      129.0    0.0      0.0      0.0      0.0      0.0      0.0      12.0     2.0      0.0      5.0      6.0      0.0      0.0      0.0      0.0      0.0      0.0      0.0      2.0      6.0      11.0     0.0      0.0      22.0     9.0      0.0      0.0      1.0      0.0      0.0      0.0      0.0      0.0      0.0      0.0      0.0      0.0      8.0      0.0      9.0      153.0    0.0      33.0     0.0      0.0      0.0      7.0      0.0      0.0      0.0      0.0      1.0      0.0      1.0      0.0      4.0      35.0     3.0      3.0      0.0      3.0      0.0      0.0      0.0      0.0      0.0      3.0      1.0      2.0      0.0      1.0      0.0      0.0      0.0      13.0     0.0      0.0      1.0      0.0      0.0      2.0      9.0      0.0      0.0      0.0      8.0      0.0      1.0      0.0      0.0      0.0      1.0      0.0      0.0      6.0      0.0      0.0      0.0      2.0      2.0      0.0      0.0      0.0      0.0      1.0      0.0      0.0      0.0      0.0      0.0      0.0      0.0      0.0      1.0      10.0     1.0      1.0      4.0      0.0      0.0      0.0      5.0      0.0      0.0      0.0      0.0     
13.0     0.0      0.0      8.0      41.0     8.0      5.0      5.0      4.0      183.0    84.0     8.0      0.0      0.0      7.0      55.0     19.0     5.0      17.0     201.0    0.0      5.0      128.0    6.0      21.0     25.0     460.0    1.0      4.0      231.0    6.0      63.0     4.0      45.0     57.0     4.0      64.0     23.0     0.0      0.0      3.0      0.0      1.0      67.0     142.0    0.0      1.0      2.0      83.0     22.0     20.0     0.0      0.0      6.0      1.0      1.0      60.0     2.0      31.0     6.0      0.0      36.0     0.0      7.0      0.0      885.0    107.0    14.0     2.0      0.0      1.0      12.0     33.0     68.0     0.0      1.0      0.0      6.0      0.0      1.0      1.0      4.0      1.0      1.0      0.0      40.0     0.0      0.0      0.0      0.0      3.0      0.0      0.0      4.0      16.0     0.0      0.0      4.0      5.0      1.0      0.0      6.0      0.0      0.0      6.0      3.0      11.0     0.0      10.0     12.0     0.0      5.0      7.0      0.0      0.0      0.0      0.0      4.0      4.0      62.0     0.0      2.0      0.0      9.0      0.0      1.0      0.0      0.0      0.0      0.0      0.0      1.0      1.0      3.0      0.0      2.0      4.0      0.0      2.0      0.0      43.0     74.0     0.0      0.0      0.0      0.0      3.0      4.0      10.0     0.0     
35.0     0.0      9.0      6.0      40.0     247.0    205.0    236.0    103.0    323.0    147.0    14.0     15.0     80.0     40.0     58.0     18.0     6.0      1.0      222.0    0.0      31.0     31.0     202.0    1.0      10.0     120.0    7.0      7.0      244.0    62.0     79.0     0.0      27.0     28.0     2.0      17.0     18.0     7.0      36.0     24.0     0.0      4.0      44.0     86.0     4.0      21.0     0.0      36.0     36.0     0.0      0.0      34.0     12.0     9.0      1.0      23.0     1.0      17.0     2.0      0.0      12.0     9.0      59.0     33.0     107.0    1494.0   17.0     0.0      0.0      14.0     110.0    23.0     54.0     10.0     19.0     2.0      36.0     0.0      16.0     210.0    37.0     25.0     3.0      19.0     206.0    4.0      0.0      59.0     9.0      30.0     9.0      14.0     22.0     71.0     0.0      3.0      31.0     120.0    10.0     1.0      144.0    1.0      8.0      124.0    55.0     29.0     1.0      45.0     62.0     8.0      18.0     47.0     1.0      19.0     7.0      0.0      28.0     60.0     271.0    1.0      13.0     26.0     11.0     11.0     4.0      0.0      12.0     4.0      8.0      1.0      23.0     1.0      11.0     10.0     5.0      38.0     0.0      58.0     14.0     196.0    564.0    4.0      0.0      0.0      13.0     16.0     27.0     49.0     2.0     
24.0     0.0      53.0     113.0    70.0     21.0     3.0      0.0      0.0      4.0      0.0      87.0     2.0      3.0      48.0     144.0    39.0     17.0     4.0      0.0      0.0      10.0     9.0      31.0     73.0     185.0    289.0    699.0    158.0    22.0     18.0     34.0     0.0      21.0     26.0     4.0      75.0     50.0     3.0      6.0      18.0     0.0      5.0      15.0     1.0      224.0    7.0      0.0      80.0     81.0     9.0      0.0      3.0      7.0      12.0     0.0      151.0    0.0      7.0      2.0      4.0      0.0      0.0      23.0     0.0      14.0     17.0     1198.0   41.0     12.0     12.0     1.0      77.0     50.0     3.0      2.0      0.0      0.0      0.0      0.0      6.0      0.0      0.0      0.0      1.0      0.0      0.0      0.0      1.0      0.0      0.0      0.0      0.0      0.0      2.0      0.0      0.0      2.0      6.0      1.0      0.0      5.0      0.0      0.0      3.0      5.0      0.0      0.0      0.0      0.0      0.0      1.0      0.0      0.0      0.0      0.0      0.0      0.0      0.0      5.0      0.0      2.0      0.0      0.0      0.0      0.0      0.0      1.0      0.0      0.0      0.0      1.0      0.0      1.0      0.0      1.0      1.0      0.0      1.0      0.0      4.0      12.0     0.0      0.0      0.0      0.0      2.0      0.0      0.0      0.0     
1.0      0.0      0.0      26.0     1.0      0.0      0.0      0.0      0.0      0.0      0.0      160.0    0.0      12.0     127.0    89.0     0.0      0.0      3.0      0.0      0.0      0.0      0.0      0.0      17.0     4.0      13.0     81.0     232.0    1.0      0.0      0.0      0.0      6.0      0.0      2.0      44.0     27.0     0.0      15.0     2.0      0.0      0.0      0.0      0.0      76.0     0.0      0.0      1.0      13.0     0.0      0.0      18.0     1.0      49.0     0.0      9.0      0.0      4.0      0.0      0.0      0.0      0.0      0.0      0.0      2.0      0.0      41.0     458.0    46.0     0.0      0.0      39.0     26.0     2.0      0.0      0.0      0.0      0.0      0.0      0.0      0.0      0.0      0.0      0.0      0.0      0.0      0.0      0.0      0.0      0.0      0.0      0.0      0.0      0.0      0.0      0.0      0.0      0.0      0.0      0.0      0.0      0.0      0.0      0.0      0.0      0.0      0.0      0.0      0.0      0.0      0.0      0.0      0.0      0.0      0.0      0.0      0.0      0.0      0.0      0.0      0.0      0.0      0.0      0.0      0.0      0.0      0.0      0.0      0.0      0.0      0.0      0.0      0.0      0.0      0.0      0.0      0.0      0.0      0.0      0.0      0.0      0.0      0.0      0.0      0.0      0.0      0.0      0.0      0.0     
7.0      0.0      0.0      31.0     35.0     0.0      0.0      0.0      0.0      0.0      0.0      92.0     0.0      2.0      58.0     235.0    4.0      5.0      0.0      3.0      0.0      9.0      0.0      0.0      26.0     2.0      4.0      9.0      198.0    0.0      2.0      0.0      0.0      1.0      4.0      0.0      0.0      0.0      0.0      2.0      0.0      0.0      6.0      1.0      9.0      10.0     0.0      3.0      25.0     44.0     0.0      0.0      0.0      3.0      22.0     0.0      5.0      0.0      0.0      0.0      0.0      0.0      0.0      0.0      0.0      0.0      0.0      12.0     46.0     422.0    0.0      0.0      0.0      0.0      0.0      0.0      0.0      0.0      0.0      1.0      4.0      0.0      0.0      0.0      0.0      0.0      0.0      0.0      0.0      0.0      3.0      0.0      0.0      0.0      0.0      0.0      0.0      0.0      0.0      0.0      0.0      0.0      0.0      0.0      0.0      0.0      0.0      0.0      0.0      0.0      0.0      0.0      0.0      0.0      0.0      0.0      0.0      0.0      0.0      0.0      0.0      0.0      0.0      0.0      0.0      0.0      0.0      0.0      0.0      0.0      0.0      0.0      0.0      0.0      0.0      0.0      0.0      0.0      0.0      0.0      0.0      0.0      0.0      0.0      0.0      0.0      0.0      0.0      0.0      0.0     
62.0     0.0      1.0      0.0      112.0    160.0    36.0     25.0     1.0      4.0      0.0      0.0      0.0      0.0      1.0      120.0    16.0     9.0      0.0      13.0     0.0      2.0      3.0      69.0     0.0      0.0      29.0     10.0     1.0      45.0     112.0    77.0     0.0      1.0      6.0      0.0      0.0      0.0      0.0      0.0      0.0      0.0      0.0      9.0      3.0      3.0      7.0      2.0      1.0      0.0      0.0      0.0      0.0      0.0      0.0      0.0      21.0     0.0      5.0      0.0      0.0      1.0      0.0      92.0     7.0      1.0      14.0     12.0     0.0      0.0      353.0    7.0      0.0      0.0      0.0      36.0     0.0      0.0      0.0      22.0     49.0     2.0      0.0      0.0      0.0      0.0      0.0      0.0      1.0      0.0      4.0      3.0      3.0      0.0      0.0      0.0      0.0      0.0      23.0     0.0      0.0      3.0      0.0      0.0      2.0      16.0     11.0     1.0      1.0      12.0     0.0      2.0      1.0      0.0      0.0      0.0      0.0      0.0      5.0      0.0      0.0      1.0      1.0      3.0      0.0      0.0      0.0      1.0      0.0      0.0      0.0      0.0      0.0      0.0      0.0      1.0      0.0      0.0      19.0     3.0      1.0      2.0      1.0      0.0      0.0      0.0      0.0      1.0      0.0      0.0     
8.0      0.0      0.0      1.0      15.0     77.0     180.0    212.0    158.0    76.0     0.0      2.0      6.0      12.0     10.0     23.0     1.0      1.0      0.0      0.0      0.0      0.0      0.0      13.0     0.0      1.0      6.0      0.0      1.0      314.0    3.0      6.0      0.0      1.0      1.0      0.0      0.0      0.0      5.0      1.0      0.0      0.0      0.0      0.0      3.0      0.0      93.0     0.0      2.0      7.0      0.0      0.0      2.0      2.0      3.0      0.0      0.0      0.0      0.0      0.0      0.0      0.0      4.0      5.0      0.0      12.0     110.0    1.0      0.0      0.0      7.0      397.0    0.0      5.0      0.0      1.0      0.0      12.0     0.0      0.0      1.0      4.0      1.0      0.0      0.0      0.0      0.0      0.0      0.0      0.0      2.0      0.0      1.0      0.0      0.0      0.0      0.0      0.0      0.0      0.0      1.0      17.0     0.0      0.0      11.0     0.0      1.0      0.0      2.0      1.0      0.0      0.0      2.0      0.0      0.0      0.0      0.0      0.0      0.0      0.0      0.0      2.0      0.0      0.0      0.0      0.0      0.0      0.0      0.0      0.0      1.0      3.0      0.0      0.0      0.0      0.0      0.0      0.0      0.0      0.0      0.0      21.0     2.0      0.0      0.0      0.0      1.0      2.0      2.0      0.0     
0.0      63.0     0.0      34.0     0.0      0.0      0.0      0.0      0.0      6.0      19.0     63.0     0.0      1.0      8.0      1.0      15.0     10.0     232.0    100.0    24.0     51.0     2.0      1.0      109.0    132.0    140.0    29.0     42.0     19.0     0.0      1.0      0.0      12.0     8.0      10.0     406.0    354.0    0.0      4.0      7.0      0.0      127.0    163.0    143.0    10.0     0.0      1.0      13.0     20.0     71.0     43.0     0.0      0.0      0.0      58.0     93.0     69.0     180.0    87.0     32.0     6.0      0.0      1.0      0.0      33.0     23.0     77.0     39.0     0.0      0.0      0.0      1244.0   378.0    0.0      0.0      0.0      0.0      0.0      0.0      0.0      0.0      0.0      0.0      0.0      3.0      0.0      0.0      0.0      0.0      0.0      0.0      0.0      1.0      1.0      0.0      0.0      0.0      0.0      1.0      0.0      10.0     0.0      0.0      7.0      0.0      0.0      0.0      0.0      0.0      0.0      0.0      0.0      0.0      0.0      0.0      0.0      0.0      0.0      7.0      0.0      0.0      0.0      0.0      0.0      0.0      0.0      0.0      0.0      0.0      0.0      1.0      0.0      3.0      0.0      0.0      0.0      0.0      0.0      0.0      11.0     17.0     0.0      0.0      0.0      0.0      0.0      0.0      2.0      0.0     
0.0      1.0      0.0      20.0     0.0      0.0      0.0      0.0      1.0      2.0      4.0      58.0     0.0      1.0      2.0      5.0      33.0     18.0     152.0    79.0     0.0      23.0     0.0      1.0      268.0    206.0    299.0    11.0     16.0     154.0    0.0      1.0      3.0      253.0    58.0     63.0     101.0    444.0    0.0      1.0      127.0    0.0      37.0     33.0     66.0     4.0      0.0      0.0      231.0    28.0     4.0      2.0      1.0      2.0      1.0      114.0    142.0    34.0     121.0    59.0     3.0      4.0      0.0      1.0      0.0      68.0     54.0     50.0     26.0     0.0      0.0      5.0      378.0    1385.0   24.0     0.0      0.0      0.0      0.0      0.0      0.0      0.0      0.0      0.0      0.0      0.0      0.0      0.0      0.0      0.0      0.0      0.0      0.0      0.0      0.0      0.0      0.0      0.0      0.0      0.0      0.0      24.0     0.0      0.0      20.0     0.0      0.0      0.0      7.0      0.0      1.0      0.0      4.0      0.0      0.0      0.0      0.0      0.0      0.0      1.0      0.0      0.0      0.0      0.0      0.0      0.0      0.0      0.0      0.0      0.0      0.0      9.0      0.0      0.0      0.0      0.0      0.0      0.0      0.0      0.0      1.0      47.0     0.0      0.0      0.0      0.0      2.0      3.0      5.0      1.0     
0.0      0.0      0.0      2.0      0.0      0.0      0.0      0.0      0.0      0.0      0.0      9.0      0.0      0.0      0.0      1.0      1.0      0.0      0.0      0.0      0.0      0.0      0.0      1.0      0.0      5.0      43.0     0.0      0.0      25.0     0.0      1.0      9.0      72.0     0.0      18.0     0.0      0.0      0.0      0.0      57.0     0.0      0.0      0.0      0.0      0.0      0.0      0.0      9.0      6.0      0.0      0.0      0.0      1.0      1.0      0.0      33.0     0.0      0.0      0.0      0.0      0.0      0.0      1.0      0.0      0.0      10.0     3.0      2.0      0.0      0.0      0.0      0.0      24.0     79.0     0.0      0.0      0.0      0.0      0.0      0.0      0.0      0.0      0.0      0.0      0.0      0.0      0.0      0.0      0.0      0.0      0.0      0.0      0.0      0.0      0.0      0.0      0.0      0.0      0.0      0.0      4.0      0.0      0.0      6.0      0.0      0.0      0.0      0.0      0.0      0.0      0.0      1.0      0.0      0.0      0.0      0.0      0.0      0.0      0.0      0.0      0.0      0.0      0.0      0.0      0.0      0.0      0.0      0.0      0.0      0.0      0.0      0.0      0.0      0.0      0.0      0.0      0.0      0.0      0.0      0.0      4.0      0.0      0.0      0.0      0.0      1.0      1.0      1.0      0.0     
91.0     0.0      1.0      0.0      88.0     89.0     2.0      1.0      0.0      0.0      0.0      0.0      1.0      0.0      0.0      40.0     0.0      0.0      0.0      0.0      0.0      0.0      0.0      40.0     0.0      0.0      6.0      1.0      0.0      4.0      47.0     3.0      0.0      0.0      0.0      0.0      0.0      0.0      0.0      0.0      0.0      0.0      0.0      1.0      0.0      0.0      0.0      0.0      1.0      0.0      0.0      0.0      0.0      0.0      0.0      0.0      3.0      0.0      0.0      0.0      0.0      0.0      2.0      6.0      1.0      1.0      19.0     2.0      0.0      0.0      36.0     1.0      0.0      0.0      0.0      853.0    0.0      2.0      1.0      206.0    99.0     3.0      3.0      0.0      3.0      20.0     0.0      1.0      0.0      4.0      66.0     7.0      30.0     2.0      19.0     0.0      12.0     3.0      336.0    3.0      1.0      48.0     35.0     7.0      23.0     118.0    7.0      1.0      11.0     82.0     2.0      7.0      22.0     0.0      0.0      3.0      0.0      34.0     102.0    37.0     12.0     0.0      42.0     53.0     0.0      0.0      3.0      2.0      92.0     2.0      0.0      9.0      1.0      1.0      0.0      0.0      20.0     2.0      3.0      89.0     22.0     8.0      29.0     0.0      0.0      0.0      0.0      5.0      0.0      0.0     
0.0      0.0      0.0      0.0      0.0      0.0      0.0      0.0      0.0      0.0      1.0      0.0      0.0      0.0      0.0      0.0      0.0      0.0      0.0      8.0      0.0      0.0      0.0      0.0      0.0      0.0      0.0      0.0      0.0      0.0      0.0      0.0      0.0      0.0      0.0      0.0      0.0      0.0      0.0      0.0      0.0      0.0      4.0      0.0      7.0      0.0      0.0      0.0      0.0      0.0      0.0      0.0      0.0      0.0      0.0      0.0      0.0      0.0      0.0      0.0      0.0      0.0      0.0      0.0      0.0      0.0      2.0      0.0      0.0      0.0      0.0      0.0      0.0      0.0      0.0      0.0      310.0    0.0      0.0      0.0      0.0      0.0      0.0      0.0      0.0      26.0     0.0      0.0      0.0      0.0      0.0      0.0      0.0      118.0    136.0    72.0     1.0      1.0      0.0      3.0      0.0      34.0     0.0      0.0      0.0      0.0      0.0      0.0      1.0      1.0      0.0      70.0     2.0      0.0      0.0      0.0      0.0      42.0     6.0      9.0      0.0      0.0      0.0      1.0      0.0      23.0     33.0     0.0      0.0      0.0      0.0      17.0     31.0     35.0     89.0     87.0     10.0     0.0      0.0      0.0      14.0     0.0      0.0      0.0      0.0      0.0      0.0      0.0      6.0      0.0     
0.0      0.0      59.0     0.0      0.0      1.0      3.0      38.0     5.0      9.0      0.0      0.0      0.0      0.0      1.0      66.0     1.0      0.0      0.0      2.0      0.0      1.0      1.0      2.0      0.0      0.0      6.0      2.0      1.0      26.0     1.0      13.0     0.0      0.0      1.0      0.0      0.0      0.0      0.0      0.0      0.0      0.0      0.0      8.0      0.0      1.0      14.0     0.0      0.0      0.0      0.0      0.0      1.0      1.0      0.0      0.0      5.0      0.0      0.0      0.0      0.0      0.0      0.0      1.0      1.0      6.0      36.0     0.0      0.0      0.0      0.0      12.0     0.0      0.0      0.0      2.0      0.0      1101.0   0.0      3.0      0.0      8.0      16.0     0.0      0.0      0.0      1.0      0.0      5.0      1.0      65.0     0.0      0.0      0.0      0.0      1.0      0.0      0.0      4.0      0.0      2.0      49.0     72.0     188.0    20.0     4.0      9.0      0.0      0.0      5.0      1.0      0.0      0.0      1.0      1.0      1.0      0.0      0.0      1.0      0.0      63.0     222.0    0.0      0.0      1.0      0.0      0.0      1.0      2.0      1.0      2.0      0.0      0.0      0.0      0.0      0.0      0.0      0.0      4.0      0.0      0.0      42.0     46.0     4.0      0.0      0.0      0.0      0.0      0.0      0.0     
0.0      0.0      0.0      0.0      0.0      0.0      0.0      0.0      0.0      0.0      0.0      0.0      0.0      0.0      0.0      0.0      0.0      0.0      0.0      0.0      0.0      0.0      0.0      0.0      0.0      0.0      0.0      0.0      0.0      0.0      0.0      0.0      0.0      0.0      0.0      0.0      0.0      0.0      0.0      0.0      0.0      0.0      0.0      0.0      0.0      0.0      0.0      0.0      0.0      0.0      0.0      0.0      0.0      0.0      0.0      0.0      0.0      0.0      0.0      0.0      0.0      0.0      0.0      0.0      0.0      0.0      0.0      0.0      0.0      0.0      0.0      0.0      0.0      0.0      0.0      1.0      0.0      0.0      469.0    1.0      0.0      0.0      0.0      0.0      0.0      0.0      91.0     0.0      0.0      10.0     56.0     3.0      6.0      0.0      0.0      0.0      0.0      0.0      0.0      28.0     134.0    37.0     29.0     123.0    0.0      0.0      0.0      0.0      3.0      0.0      9.0      38.0     50.0     0.0      0.0      28.0     0.0      0.0      0.0      0.0      47.0     0.0      0.0      0.0      21.0     0.0      0.0      0.0      1.0      17.0     57.0     54.0     0.0      0.0      0.0      0.0      0.0      0.0      0.0      0.0      0.0      0.0      99.0     36.0     18.0     0.0      0.0      53.0     40.0     0.0     
72.0     0.0      1.0      0.0      86.0     148.0    0.0      3.0      0.0      0.0      0.0      0.0      9.0      3.0      10.0     25.0     1.0      0.0      0.0      0.0      0.0      0.0      0.0      36.0     0.0      0.0      1.0      1.0      2.0      2.0      46.0     2.0      0.0      0.0      0.0      0.0      0.0      0.0      5.0      1.0      0.0      0.0      0.0      1.0      0.0      0.0      1.0      0.0      0.0      2.0      0.0      0.0      1.0      6.0      1.0      0.0      0.0      0.0      0.0      0.0      0.0      0.0      8.0      7.0      4.0      1.0      16.0     0.0      0.0      1.0      22.0     0.0      0.0      0.0      0.0      206.0    0.0      3.0      1.0      1332.0   305.0    41.0     15.0     6.0      25.0     38.0     0.0      5.0      15.0     10.0     230.0    5.0      9.0      5.0      45.0     0.0      56.0     0.0      49.0     3.0      12.0     136.0    122.0    51.0     82.0     6.0      1.0      1.0      9.0      9.0      16.0     5.0      6.0      1.0      1.0      15.0     0.0      102.0    2.0      125.0    61.0     3.0      19.0     46.0     3.0      0.0      5.0      5.0      401.0    4.0      2.0      24.0     2.0      0.0      1.0      0.0      9.0      25.0     5.0      3.0      51.0     120.0    92.0     0.0      3.0      2.0      4.0      4.0      3.0      0.0     
131.0    0.0      2.0      0.0      150.0    395.0    0.0      0.0      0.0      2.0      0.0      1.0      61.0     79.0     25.0     37.0     5.0      4.0      0.0      0.0      0.0      0.0      1.0      249.0    0.0      0.0      3.0      10.0     9.0      4.0      117.0    53.0     0.0      2.0      5.0      0.0      0.0      0.0      44.0     2.0      0.0      0.0      0.0      6.0      0.0      0.0      0.0      4.0      0.0      18.0     0.0      0.0      7.0      8.0      0.0      0.0      1.0      0.0      0.0      0.0      0.0      0.0      33.0     66.0     35.0     1.0      210.0    6.0      0.0      4.0      49.0     1.0      0.0      0.0      0.0      99.0     0.0      0.0      0.0      305.0    1743.0   255.0    129.0    32.0     75.0     14.0     16.0     15.0     181.0    103.0    493.0    13.0     29.0     5.0      31.0     0.0      5.0      2.0      233.0    0.0      0.0      57.0     3.0      0.0      128.0    144.0    56.0     1.0      4.0      95.0     0.0      4.0      1.0      43.0     21.0     4.0      0.0      23.0     76.0     27.0     2.0      38.0     38.0     26.0     28.0     0.0      0.0      84.0     132.0    0.0      0.0      5.0      1.0      0.0      0.0      1.0      4.0      52.0     125.0    22.0     35.0     432.0    8.0      0.0      0.0      62.0     42.0     1.0      0.0      0.0     
0.0      0.0      0.0      0.0      2.0      15.0     3.0      4.0      3.0      5.0      0.0      2.0      0.0      2.0      0.0      2.0      3.0      1.0      0.0      0.0      0.0      0.0      0.0      26.0     0.0      0.0      1.0      0.0      1.0      4.0      3.0      15.0     0.0      0.0      1.0      0.0      0.0      0.0      0.0      2.0      0.0      0.0      0.0      2.0      0.0      0.0      0.0      0.0      1.0      6.0      0.0      0.0      1.0      0.0      0.0      0.0      0.0      0.0      0.0      0.0      0.0      0.0      0.0      8.0      3.0      4.0      37.0     0.0      0.0      0.0      2.0      4.0      0.0      0.0      0.0      3.0      0.0      8.0      0.0      41.0     255.0    610.0    210.0    44.0     98.0     3.0      5.0      0.0      30.0     35.0     244.0    0.0      0.0      2.0      4.0      0.0      0.0      1.0      7.0      0.0      0.0      9.0      0.0      0.0      165.0    7.0      2.0      0.0      0.0      0.0      0.0      1.0      0.0      0.0      10.0     0.0      0.0      0.0      0.0      26.0     0.0      72.0     0.0      0.0      1.0      0.0      0.0      28.0     26.0     8.0      0.0      0.0      0.0      0.0      1.0      0.0      0.0      5.0      0.0      0.0      20.0     211.0    0.0      0.0      0.0      2.0      86.0     0.0      0.0      0.0     
0.0      0.0      2.0      0.0      0.0      14.0     1.0      0.0      0.0      0.0      0.0      0.0      0.0      0.0      0.0      2.0      1.0      0.0      0.0      0.0      0.0      0.0      0.0      21.0     0.0      0.0      0.0      0.0      0.0      1.0      3.0      9.0      0.0      0.0      0.0      0.0      0.0      0.0      0.0      0.0      0.0      0.0      0.0      1.0      0.0      0.0      0.0      0.0      0.0      1.0      0.0      0.0      0.0      0.0      0.0      0.0      0.0      0.0      0.0      0.0      0.0      0.0      0.0      4.0      3.0      1.0      25.0     0.0      0.0      0.0      0.0      1.0      0.0      0.0      0.0      3.0      0.0      16.0     0.0      15.0     129.0    210.0    464.0    93.0     85.0     3.0      0.0      0.0      8.0      14.0     177.0    0.0      0.0      0.0      1.0      0.0      0.0      1.0      4.0      0.0      0.0      1.0      0.0      0.0      165.0    5.0      1.0      0.0      0.0      0.0      0.0      0.0      0.0      0.0      0.0      0.0      0.0      0.0      1.0      22.0     0.0      106.0    0.0      0.0      0.0      0.0      0.0      9.0      9.0      0.0      0.0      0.0      0.0      0.0      0.0      0.0      0.0      0.0      0.0      0.0      24.0     163.0    0.0      0.0      0.0      1.0      116.0    0.0      0.0      0.0     
0.0      0.0      0.0      0.0      0.0      1.0      2.0      1.0      0.0      0.0      0.0      0.0      0.0      0.0      0.0      7.0      0.0      0.0      0.0      1.0      0.0      0.0      0.0      1.0      0.0      0.0      1.0      0.0      0.0      1.0      0.0      3.0      0.0      0.0      0.0      0.0      0.0      0.0      0.0      0.0      0.0      0.0      0.0      0.0      0.0      0.0      0.0      0.0      0.0      0.0      0.0      0.0      0.0      0.0      0.0      0.0      0.0      0.0      0.0      0.0      0.0      0.0      0.0      0.0      0.0      1.0      3.0      0.0      0.0      0.0      0.0      0.0      0.0      0.0      0.0      0.0      0.0      0.0      0.0      6.0      32.0     44.0     93.0     164.0    52.0     2.0      0.0      0.0      1.0      7.0      1.0      0.0      0.0      0.0      0.0      0.0      0.0      1.0      1.0      0.0      0.0      4.0      0.0      0.0      88.0     1.0      1.0      0.0      0.0      1.0      0.0      0.0      1.0      0.0      0.0      0.0      0.0      0.0      1.0      12.0     0.0      31.0     0.0      0.0      0.0      0.0      0.0      4.0      5.0      0.0      0.0      2.0      0.0      0.0      0.0      0.0      0.0      0.0      1.0      0.0      23.0     84.0     0.0      0.0      0.0      0.0      89.0     1.0      1.0      0.0     
0.0      0.0      0.0      0.0      0.0      12.0     1.0      0.0      0.0      0.0      0.0      0.0      0.0      0.0      0.0      1.0      0.0      0.0      0.0      0.0      0.0      0.0      0.0      16.0     0.0      0.0      0.0      0.0      0.0      0.0      3.0      3.0      0.0      0.0      0.0      0.0      0.0      0.0      0.0      0.0      0.0      0.0      0.0      0.0      0.0      0.0      0.0      0.0      0.0      0.0      0.0      0.0      1.0      0.0      0.0      0.0      0.0      0.0      0.0      0.0      0.0      0.0      0.0      3.0      3.0      0.0      19.0     1.0      0.0      0.0      0.0      0.0      0.0      0.0      0.0      3.0      0.0      0.0      0.0      25.0     75.0     98.0     85.0     52.0     375.0    1.0      1.0      0.0      15.0     5.0      9.0      1.0      1.0      0.0      6.0      0.0      17.0     136.0    6.0      0.0      0.0      46.0     0.0      0.0      183.0    4.0      0.0      0.0      5.0      9.0      0.0      2.0      2.0      0.0      1.0      0.0      0.0      1.0      46.0     185.0    0.0      2.0      1.0      1.0      0.0      2.0      0.0      11.0     7.0      1.0      0.0      11.0     0.0      0.0      0.0      1.0      53.0     1.0      0.0      0.0      71.0     187.0    0.0      0.0      0.0      1.0      73.0     1.0      3.0      0.0     
3.0      2.0      0.0      0.0      0.0      0.0      0.0      0.0      0.0      60.0     161.0    0.0      0.0      0.0      0.0      0.0      0.0      0.0      1.0      161.0    1.0      6.0      12.0     4.0      0.0      0.0      6.0      0.0      0.0      2.0      0.0      12.0     0.0      0.0      0.0      0.0      3.0      0.0      0.0      0.0      0.0      0.0      33.0     0.0      153.0    0.0      0.0      0.0      0.0      0.0      0.0      4.0      0.0      0.0      0.0      0.0      0.0      0.0      7.0      1.0      0.0      5.0      0.0      0.0      0.0      40.0     206.0    0.0      0.0      0.0      0.0      0.0      3.0      0.0      0.0      20.0     26.0     0.0      0.0      38.0     14.0     3.0      3.0      2.0      1.0      1150.0   0.0      2.0      2.0      21.0     40.0     5.0      12.0     13.0     280.0    99.0     35.0     12.0     40.0     0.0      0.0      6.0      1.0      0.0      8.0      10.0     46.0     0.0      40.0     108.0    0.0      147.0    60.0     2.0      0.0      0.0      0.0      84.0     76.0     373.0    0.0      0.0      11.0     79.0     3.0      127.0    9.0      6.0      24.0     13.0     0.0      0.0      4.0      0.0      3.0      51.0     105.0    6.0      19.0     3.0      275.0    80.0     1.0      0.0      0.0      0.0      4.0      43.0     49.0     0.0     
0.0      0.0      0.0      0.0      0.0      0.0      0.0      0.0      0.0      0.0      0.0      4.0      0.0      9.0      0.0      3.0      1.0      1.0      0.0      0.0      0.0      0.0      0.0      0.0      0.0      0.0      0.0      0.0      0.0      0.0      0.0      0.0      0.0      3.0      3.0      0.0      0.0      0.0      0.0      3.0      0.0      0.0      0.0      0.0      0.0      0.0      0.0      0.0      3.0      9.0      0.0      0.0      1.0      0.0      1.0      0.0      0.0      0.0      0.0      0.0      0.0      0.0      0.0      0.0      0.0      0.0      4.0      0.0      0.0      0.0      0.0      0.0      0.0      0.0      0.0      0.0      0.0      1.0      91.0     0.0      16.0     5.0      0.0      0.0      1.0      0.0      831.0    0.0      96.0     147.0    406.0    0.0      0.0      0.0      0.0      0.0      0.0      0.0      0.0      2.0      28.0     15.0     18.0     57.0     8.0      0.0      0.0      0.0      0.0      0.0      3.0      37.0     26.0     4.0      247.0    6.0      0.0      0.0      0.0      1.0      7.0      2.0      0.0      0.0      180.0    0.0      0.0      56.0     0.0      237.0    15.0     11.0     0.0      0.0      0.0      0.0      0.0      0.0      0.0      0.0      0.0      33.0     20.0     166.0    41.0     0.0      4.0      43.0     26.0     0.0     
1.0      0.0      0.0      0.0      1.0      3.0      0.0      0.0      0.0      0.0      0.0      0.0      3.0      1.0      1.0      1.0      1.0      2.0      0.0      0.0      0.0      0.0      0.0      5.0      0.0      0.0      0.0      0.0      0.0      0.0      0.0      0.0      0.0      2.0      2.0      0.0      0.0      0.0      3.0      0.0      0.0      0.0      0.0      0.0      0.0      0.0      0.0      0.0      2.0      1.0      0.0      0.0      0.0      1.0      0.0      0.0      0.0      0.0      0.0      0.0      0.0      0.0      5.0      0.0      0.0      0.0      0.0      0.0      0.0      0.0      0.0      0.0      0.0      0.0      0.0      1.0      0.0      0.0      0.0      5.0      15.0     0.0      0.0      0.0      0.0      2.0      0.0      94.0     8.0      14.0     14.0     0.0      0.0      0.0      1.0      0.0      7.0      0.0      5.0      0.0      0.0      4.0      0.0      0.0      2.0      0.0      0.0      0.0      0.0      0.0      0.0      1.0      1.0      57.0     0.0      0.0      0.0      11.0     0.0      10.0     0.0      0.0      24.0     2.0      15.0     0.0      2.0      10.0     8.0      1.0      0.0      0.0      0.0      0.0      0.0      0.0      0.0      4.0      0.0      0.0      2.0      8.0      0.0      0.0      0.0      0.0      0.0      0.0      0.0      0.0     
3.0      0.0      0.0      0.0      2.0      30.0     0.0      1.0      0.0      1.0      0.0      5.0      25.0     121.0    23.0     2.0      8.0      9.0      0.0      0.0      0.0      0.0      0.0      12.0     0.0      0.0      1.0      0.0      0.0      0.0      0.0      1.0      0.0      13.0     10.0     0.0      0.0      0.0      18.0     32.0     0.0      0.0      0.0      2.0      0.0      0.0      0.0      5.0      14.0     61.0     0.0      0.0      23.0     8.0      2.0      0.0      0.0      0.0      0.0      0.0      0.0      0.0      12.0     0.0      0.0      0.0      59.0     1.0      0.0      0.0      1.0      0.0      0.0      0.0      0.0      0.0      0.0      5.0      0.0      15.0     181.0    30.0     8.0      1.0      15.0     2.0      96.0     8.0      1008.0   85.0     323.0    14.0     45.0     5.0      16.0     0.0      1.0      0.0      1.0      1.0      1.0      69.0     1.0      5.0      48.0     0.0      0.0      0.0      2.0      2.0      1.0      8.0      1.0      147.0    165.0    27.0     0.0      4.0      0.0      4.0      0.0      6.0      1.0      24.0     119.0    0.0      0.0      304.0    25.0     101.0    1.0      7.0      4.0      0.0      1.0      0.0      0.0      19.0     0.0      0.0      12.0     268.0    5.0      9.0      4.0      0.0      12.0     10.0     1.0      0.0     
6.0      0.0      0.0      0.0      7.0      13.0     2.0      0.0      0.0      0.0      0.0      3.0      13.0     47.0     13.0     5.0      1.0      0.0      0.0      0.0      0.0      0.0      0.0      24.0     0.0      0.0      0.0      0.0      0.0      0.0      0.0      0.0      0.0      1.0      1.0      0.0      0.0      0.0      11.0     13.0     0.0      0.0      0.0      0.0      0.0      0.0      0.0      1.0      1.0      13.0     0.0      0.0      2.0      1.0      1.0      0.0      0.0      0.0      0.0      0.0      0.0      0.0      21.0     0.0      0.0      0.0      9.0      0.0      0.0      0.0      0.0      0.0      0.0      0.0      0.0      4.0      0.0      1.0      10.0     10.0     103.0    35.0     14.0     7.0      5.0      21.0     147.0    14.0     85.0     1130.0   226.0    7.0      29.0     8.0      33.0     0.0      11.0     0.0      75.0     0.0      0.0      74.0     14.0     96.0     33.0     0.0      0.0      0.0      0.0      0.0      1.0      6.0      3.0      17.0     56.0     9.0      0.0      63.0     0.0      16.0     7.0      4.0      20.0     59.0     38.0     0.0      0.0      362.0    227.0    255.0    0.0      7.0      5.0      1.0      3.0      0.0      0.0      111.0    0.0      0.0      29.0     119.0    18.0     132.0    60.0     0.0      3.0      6.0      3.0      0.0     
37.0     0.0      1.0      0.0      19.0     44.0     3.0      4.0      2.0      6.0      0.0      10.0     3.0      2.0      2.0      20.0     2.0      1.0      0.0      0.0      0.0      0.0      0.0      33.0     0.0      0.0      2.0      1.0      2.0      2.0      32.0     10.0     0.0      0.0      1.0      0.0      0.0      0.0      1.0      1.0      0.0      0.0      0.0      6.0      0.0      0.0      0.0      0.0      1.0      8.0      0.0      0.0      0.0      1.0      3.0      0.0      1.0      0.0      0.0      0.0      0.0      0.0      0.0      8.0      3.0      3.0      30.0     0.0      0.0      3.0      4.0      2.0      0.0      0.0      0.0      66.0     0.0      65.0     56.0     230.0    493.0    244.0    177.0    1.0      9.0      40.0     406.0    14.0     323.0    226.0    3381.0   24.0     18.0     33.0     87.0     0.0      14.0     2.0      20.0     0.0      0.0      155.0    3.0      217.0    71.0     10.0     3.0      0.0      2.0      4.0      3.0      0.0      0.0      54.0     190.0    22.0     0.0      89.0     4.0      41.0     0.0      27.0     5.0      62.0     174.0    0.0      0.0      235.0    115.0    513.0    0.0      8.0      13.0     0.0      7.0      0.0      1.0      19.0     6.0      2.0      63.0     60.0     5.0      143.0    91.0     2.0      21.0     0.0      1.0      0.0     
0.0      0.0      1.0      0.0      0.0      2.0      0.0      0.0      1.0      0.0      1.0      0.0      0.0      2.0      0.0      0.0      1.0      0.0      0.0      2.0      0.0      1.0      0.0      5.0      0.0      0.0      0.0      0.0      0.0      1.0      1.0      6.0      0.0      0.0      0.0      0.0      0.0      0.0      0.0      0.0      0.0      0.0      0.0      0.0      2.0      0.0      0.0      0.0      0.0      1.0      0.0      1.0      1.0      0.0      0.0      0.0      1.0      0.0      0.0      0.0      0.0      1.0      1.0      3.0      1.0      0.0      9.0      0.0      0.0      0.0      3.0      0.0      0.0      0.0      0.0      7.0      0.0      0.0      3.0      5.0      13.0     0.0      0.0      0.0      1.0      5.0      0.0      0.0      14.0     7.0      24.0     267.0    193.0    2.0      3.0      0.0      0.0      1.0      50.0     0.0      17.0     79.0     7.0      2.0      26.0     6.0      13.0     0.0      14.0     36.0     7.0      23.0     14.0     3.0      0.0      97.0     0.0      12.0     27.0     0.0      0.0      0.0      58.0     122.0    67.0     0.0      0.0      6.0      7.0      8.0      14.0     5.0      0.0      1.0      0.0      0.0      0.0      7.0      13.0     27.0     7.0      3.0      10.0     1.0      0.0      0.0      1.0      29.0     22.0     0.0     
0.0      0.0      0.0      0.0      0.0      5.0      0.0      0.0      1.0      0.0      1.0      0.0      0.0      2.0      1.0      3.0      2.0      2.0      0.0      2.0      0.0      1.0      0.0      11.0     0.0      0.0      0.0      0.0      0.0      2.0      2.0      7.0      0.0      2.0      2.0      0.0      0.0      0.0      0.0      1.0      0.0      0.0      0.0      1.0      2.0      0.0      0.0      0.0      2.0      3.0      0.0      1.0      1.0      1.0      0.0      0.0      1.0      0.0      0.0      0.0      0.0      1.0      1.0      5.0      2.0      0.0      14.0     0.0      0.0      0.0      3.0      1.0      0.0      0.0      0.0      30.0     0.0      0.0      6.0      9.0      29.0     0.0      0.0      0.0      1.0      12.0     0.0      0.0      45.0     29.0     18.0     193.0    461.0    4.0      5.0      0.0      2.0      1.0      134.0    0.0      16.0     112.0    21.0     8.0      31.0     19.0     18.0     0.0      14.0     83.0     11.0     43.0     23.0     3.0      0.0      104.0    0.0      21.0     90.0     2.0      3.0      0.0      156.0    141.0    102.0    0.0      1.0      13.0     10.0     5.0      15.0     6.0      1.0      1.0      2.0      0.0      0.0      39.0     23.0     61.0     12.0     7.0      29.0     1.0      0.0      3.0      1.0      53.0     25.0     0.0     
0.0      0.0      0.0      0.0      0.0      0.0      0.0      0.0      0.0      0.0      1.0      0.0      0.0      0.0      0.0      0.0      0.0      0.0      0.0      22.0     0.0      0.0      0.0      1.0      0.0      0.0      3.0      0.0      0.0      1.0      0.0      2.0      0.0      0.0      0.0      0.0      0.0      0.0      0.0      0.0      0.0      0.0      3.0      0.0      6.0      0.0      0.0      0.0      0.0      0.0      0.0      0.0      0.0      0.0      0.0      0.0      0.0      0.0      2.0      0.0      0.0      0.0      0.0      1.0      0.0      4.0      22.0     0.0      0.0      0.0      0.0      0.0      1.0      0.0      0.0      2.0      118.0    0.0      0.0      5.0      5.0      2.0      0.0      0.0      0.0      13.0     0.0      0.0      5.0      8.0      33.0     2.0      4.0      411.0    128.0    19.0     0.0      1.0      1.0      31.0     0.0      75.0     0.0      1.0      0.0      1.0      2.0      1.0      9.0      5.0      0.0      31.0     5.0      1.0      0.0      0.0      0.0      25.0     2.0      23.0     0.0      0.0      0.0      18.0     4.0      13.0     8.0      5.0      7.0      9.0      0.0      45.0     83.0     93.0     156.0    35.0     8.0      0.0      0.0      0.0      28.0     10.0     1.0      0.0      3.0      0.0      0.0      4.0      58.0     0.0     
3.0      1.0      0.0      0.0      1.0      0.0      0.0      0.0      0.0      14.0     38.0     0.0      0.0      0.0      0.0      1.0      0.0      0.0      1.0      81.0     0.0      0.0      4.0      2.0      0.0      0.0      3.0      1.0      0.0      0.0      2.0      7.0      0.0      0.0      0.0      0.0      1.0      0.0      0.0      0.0      0.0      0.0      14.0     0.0      56.0     0.0      0.0      0.0      0.0      0.0      0.0      0.0      0.0      0.0      0.0      0.0      0.0      0.0      13.0     0.0      0.0      0.0      0.0      0.0      1.0      16.0     71.0     2.0      0.0      0.0      0.0      0.0      1.0      0.0      0.0      19.0     136.0    0.0      0.0      45.0     31.0     4.0      1.0      0.0      6.0      280.0    0.0      1.0      16.0     33.0     87.0     3.0      5.0      128.0    1254.0   119.0    3.0      24.0     26.0     0.0      1.0      269.0    1.0      1.0      1.0      8.0      35.0     14.0     69.0     124.0    0.0      184.0    31.0     14.0     1.0      0.0      0.0      30.0     67.0     90.0     0.0      0.0      2.0      95.0     19.0     154.0    16.0     10.0     43.0     19.0     0.0      0.0      38.0     72.0     89.0     132.0    95.0     3.0      20.0     3.0      430.0    50.0     1.0      0.0      0.0      2.0      0.0      36.0     57.0     0.0     
0.0      0.0      0.0      0.0      0.0      0.0      0.0      0.0      0.0      0.0      0.0      0.0      0.0      0.0      0.0      0.0      0.0      0.0      0.0      0.0      0.0      0.0      0.0      0.0      0.0      0.0      0.0      0.0      0.0      0.0      0.0      0.0      0.0      0.0      0.0      0.0      0.0      0.0      0.0      0.0      0.0      0.0      0.0      0.0      0.0      0.0      0.0      0.0      0.0      0.0      0.0      0.0      0.0      0.0      0.0      0.0      0.0      0.0      0.0      0.0      0.0      0.0      0.0      0.0      0.0      0.0      0.0      0.0      0.0      0.0      0.0      0.0      0.0      0.0      0.0      0.0      72.0     1.0      0.0      0.0      0.0      0.0      0.0      0.0      0.0      99.0     0.0      0.0      0.0      0.0      0.0      0.0      0.0      19.0     119.0    360.0    50.0     2.0      0.0      0.0      0.0      1.0      0.0      1.0      0.0      0.0      0.0      0.0      0.0      0.0      0.0      14.0     0.0      0.0      0.0      0.0      0.0      56.0     7.0      2.0      0.0      0.0      0.0      0.0      0.0      102.0    88.0     0.0      0.0      0.0      0.0      0.0      12.0     1.0      0.0      51.0     116.0    0.0      0.0      0.0      56.0     0.0      0.0      0.0      0.0      0.0      0.0      1.0      0.0      0.0     
0.0      0.0      0.0      0.0      0.0      1.0      0.0      0.0      0.0      1.0      0.0      0.0      0.0      0.0      0.0      0.0      2.0      0.0      0.0      0.0      0.0      2.0      2.0      0.0      0.0      0.0      0.0      0.0      0.0      0.0      0.0      7.0      0.0      0.0      2.0      0.0      0.0      0.0      0.0      0.0      0.0      0.0      0.0      2.0      1.0      0.0      0.0      0.0      0.0      0.0      0.0      0.0      0.0      0.0      0.0      0.0      0.0      0.0      0.0      0.0      0.0      0.0      0.0      0.0      0.0      0.0      3.0      0.0      0.0      0.0      0.0      0.0      0.0      0.0      0.0      12.0     1.0      0.0      0.0      56.0     5.0      0.0      0.0      0.0      17.0     35.0     0.0      7.0      1.0      11.0     14.0     0.0      2.0      0.0      3.0      50.0     600.0    30.0     29.0     0.0      0.0      2.0      17.0     14.0     2.0      3.0      9.0      0.0      32.0     39.0     0.0      14.0     61.0     4.0      0.0      0.0      0.0      88.0     162.0    235.0    12.0     0.0      19.0     36.0     1.0      10.0     33.0     0.0      42.0     1.0      0.0      1.0      0.0      0.0      0.0      1.0      255.0    7.0      7.0      4.0      6.0      2.0      4.0      0.0      2.0      0.0      0.0      6.0      37.0     0.0     
0.0      0.0      0.0      0.0      0.0      0.0      0.0      0.0      0.0      15.0     4.0      0.0      0.0      0.0      0.0      0.0      0.0      0.0      1.0      0.0      0.0      6.0      0.0      1.0      0.0      1.0      0.0      0.0      0.0      0.0      1.0      0.0      0.0      2.0      0.0      0.0      0.0      0.0      0.0      0.0      0.0      0.0      0.0      3.0      5.0      0.0      0.0      0.0      0.0      0.0      0.0      0.0      0.0      0.0      0.0      0.0      0.0      1.0      0.0      0.0      0.0      3.0      0.0      0.0      0.0      4.0      31.0     2.0      0.0      0.0      0.0      0.0      0.0      0.0      0.0      3.0      1.0      0.0      0.0      0.0      2.0      1.0      1.0      1.0      136.0    12.0     0.0      0.0      0.0      0.0      2.0      1.0      1.0      1.0      24.0     2.0      30.0     298.0    5.0      0.0      0.0      49.0     1.0      0.0      74.0     4.0      2.0      0.0      3.0      49.0     0.0      1.0      2.0      0.0      0.0      0.0      0.0      4.0      85.0     162.0    0.0      0.0      1.0      1.0      0.0      3.0      0.0      0.0      0.0      0.0      0.0      8.0      0.0      0.0      0.0      1.0      68.0     0.0      3.0      0.0      84.0     32.0     0.0      0.0      0.0      1.0      13.0     0.0      1.0      0.0     
72.0     0.0      1.0      0.0      90.0     135.0    1.0      0.0      0.0      1.0      0.0      0.0      11.0     1.0      6.0      27.0     2.0      2.0      0.0      1.0      0.0      0.0      1.0      157.0    0.0      0.0      10.0     8.0      3.0      7.0      61.0     69.0     0.0      2.0      6.0      0.0      0.0      0.0      8.0      0.0      0.0      0.0      3.0      5.0      4.0      0.0      0.0      3.0      1.0      0.0      0.0      0.0      0.0      0.0      0.0      0.0      3.0      0.0      1.0      0.0      0.0      0.0      13.0     37.0     13.0     5.0      120.0    6.0      0.0      0.0      23.0     0.0      0.0      0.0      0.0      336.0    0.0      4.0      0.0      49.0     233.0    7.0      4.0      1.0      6.0      40.0     0.0      5.0      1.0      75.0     20.0     50.0     134.0    1.0      26.0     0.0      29.0     5.0      1254.0   2.0      4.0      91.0     15.0     4.0      47.0     314.0    143.0    2.0      16.0     263.0    4.0      11.0     29.0     1.0      0.0      25.0     0.0      79.0     168.0    48.0     8.0      1.0      239.0    126.0    12.0     0.0      4.0      5.0      87.0     6.0      2.0      10.0     1.0      1.0      1.0      0.0      17.0     222.0    258.0    265.0    43.0     43.0     19.0     0.0      0.0      26.0     4.0      11.0     2.0      0.0     
0.0      0.0      0.0      1.0      0.0      0.0      0.0      0.0      0.0      0.0      0.0      0.0      0.0      0.0      0.0      0.0      0.0      0.0      0.0      1.0      0.0      0.0      0.0      0.0      0.0      1.0      0.0      0.0      1.0      1.0      0.0      2.0      0.0      0.0      0.0      0.0      1.0      0.0      0.0      0.0      0.0      0.0      0.0      0.0      0.0      0.0      0.0      0.0      0.0      0.0      0.0      0.0      0.0      0.0      0.0      0.0      0.0      0.0      0.0      0.0      0.0      0.0      0.0      0.0      0.0      1.0      10.0     1.0      0.0      0.0      0.0      0.0      1.0      0.0      0.0      3.0      3.0      0.0      28.0     3.0      0.0      0.0      0.0      0.0      0.0      0.0      2.0      0.0      1.0      0.0      0.0      0.0      0.0      31.0     0.0      0.0      0.0      0.0      2.0      826.0    27.0     63.0     16.0     34.0     6.0      2.0      0.0      0.0      11.0     3.0      0.0      397.0    204.0    0.0      0.0      0.0      0.0      1.0      0.0      0.0      19.0     0.0      0.0      7.0      1.0      24.0     0.0      0.0      3.0      0.0      35.0     390.0    0.0      36.0     48.0     151.0    0.0      0.0      1.0      1.0      2.0      9.0      19.0     3.0      0.0      0.0      0.0      332.0    241.0    0.0     
0.0      0.0      0.0      0.0      0.0      0.0      0.0      0.0      0.0      0.0      0.0      0.0      0.0      0.0      0.0      0.0      0.0      0.0      0.0      0.0      0.0      0.0      0.0      0.0      0.0      0.0      0.0      0.0      0.0      1.0      0.0      2.0      0.0      0.0      0.0      0.0      0.0      0.0      0.0      0.0      0.0      0.0      0.0      1.0      0.0      0.0      1.0      0.0      0.0      0.0      0.0      0.0      0.0      0.0      0.0      0.0      0.0      0.0      0.0      0.0      0.0      0.0      0.0      0.0      0.0      0.0      1.0      0.0      0.0      0.0      0.0      1.0      0.0      0.0      0.0      1.0      0.0      2.0      134.0    12.0     0.0      0.0      0.0      0.0      0.0      0.0      28.0     0.0      1.0      0.0      0.0      17.0     16.0     0.0      1.0      0.0      0.0      0.0      4.0      27.0     586.0    119.0    37.0     2.0      28.0     0.0      0.0      0.0      12.0     2.0      74.0     99.0     67.0     0.0      0.0      56.0     0.0      1.0      0.0      0.0      13.0     3.0      3.0      3.0      24.0     0.0      0.0      1.0      5.0      0.0      266.0    97.0     0.0      0.0      0.0      2.0      0.0      1.0      2.0      1.0      0.0      0.0      150.0    2.0      0.0      0.0      0.0      133.0    45.0     0.0     
3.0      0.0      3.0      2.0      0.0      4.0      2.0      0.0      5.0      5.0      0.0      1.0      0.0      0.0      1.0      2.0      10.0     1.0      0.0      20.0     0.0      0.0      3.0      12.0     1.0      4.0      14.0     1.0      2.0      41.0     4.0      57.0     0.0      8.0      11.0     1.0      4.0      9.0      0.0      0.0      8.0      0.0      3.0      14.0     4.0      2.0      1.0      0.0      15.0     2.0      0.0      0.0      1.0      1.0      0.0      1.0      10.0     0.0      2.0      0.0      0.0      0.0      0.0      8.0      1.0      6.0      144.0    5.0      0.0      0.0      3.0      17.0     10.0     24.0     4.0      48.0     34.0     49.0     37.0     136.0    57.0     9.0      1.0      4.0      46.0     6.0      15.0     4.0      69.0     74.0     155.0    79.0     112.0    75.0     269.0    1.0      2.0      49.0     91.0     63.0     119.0    2878.0   85.0     69.0     557.0    33.0     75.0     58.0     439.0    203.0    156.0    237.0    259.0    20.0     3.0      164.0    0.0      2.0      44.0     88.0     103.0    96.0     38.0     232.0    69.0     55.0     0.0      28.0     108.0    14.0     61.0     950.0    4.0      130.0    63.0     80.0     31.0     29.0     54.0     19.0     544.0    106.0    215.0    4.0      0.0      1.0      6.0      320.0    448.0    43.0    
0.0      0.0      0.0      0.0      0.0      1.0      0.0      0.0      0.0      0.0      0.0      0.0      0.0      0.0      0.0      0.0      1.0      0.0      0.0      0.0      0.0      1.0      2.0      1.0      0.0      0.0      0.0      0.0      0.0      0.0      0.0      21.0     0.0      0.0      6.0      0.0      0.0      0.0      0.0      0.0      0.0      0.0      0.0      17.0     0.0      0.0      0.0      0.0      0.0      0.0      0.0      0.0      0.0      0.0      0.0      0.0      0.0      0.0      0.0      0.0      0.0      0.0      0.0      0.0      0.0      0.0      1.0      0.0      0.0      0.0      0.0      0.0      0.0      0.0      0.0      35.0     0.0      72.0     29.0     122.0    3.0      0.0      0.0      0.0      0.0      1.0      18.0     0.0      1.0      14.0     3.0      7.0      21.0     0.0      1.0      0.0      17.0     1.0      15.0     16.0     37.0     85.0     851.0    144.0    0.0      8.0      14.0     0.0      2.0      10.0     2.0      33.0     10.0     0.0      1.0      10.0     0.0      25.0     1.0      14.0     422.0    0.0      6.0      2.0      20.0     0.0      0.0      0.0      59.0     1.0      10.0     90.0     1.0      0.0      0.0      0.0      0.0      10.0     8.0      0.0      0.0      0.0      473.0    18.0     2.0      1.0      0.0      42.0     19.0     0.0     
2.0      0.0      14.0     0.0      2.0      0.0      0.0      17.0     0.0      0.0      0.0      0.0      0.0      0.0      0.0      20.0     0.0      0.0      0.0      0.0      0.0      0.0      0.0      1.0      0.0      0.0      0.0      0.0      0.0      0.0      1.0      16.0     0.0      0.0      1.0      0.0      0.0      0.0      0.0      0.0      0.0      0.0      0.0      9.0      0.0      0.0      3.0      1.0      0.0      0.0      0.0      0.0      0.0      0.0      0.0      0.0      0.0      0.0      0.0      0.0      0.0      0.0      0.0      0.0      0.0      0.0      8.0      0.0      0.0      0.0      0.0      0.0      0.0      0.0      0.0      7.0      0.0      188.0    123.0    51.0     0.0      0.0      0.0      0.0      0.0      0.0      57.0     0.0      5.0      96.0     217.0    2.0      8.0      1.0      1.0      1.0      14.0     0.0      4.0      34.0     2.0      69.0     144.0    1942.0   0.0      0.0      7.0      0.0      3.0      3.0      0.0      52.0     49.0     0.0      8.0      0.0      0.0      29.0     1.0      21.0     385.0    2.0      4.0      6.0      18.0     0.0      0.0      11.0     14.0     93.0     2.0      80.0     1.0      0.0      1.0      0.0      0.0      2.0      2.0      0.0      2.0      3.0      98.0     279.0    214.0    0.0      0.0      74.0     14.0     0.0     
3.0      0.0      8.0      1.0      0.0      15.0     13.0     10.0     5.0      6.0      0.0      1.0      0.0      0.0      1.0      28.0     9.0      1.0      0.0      4.0      0.0      0.0      3.0      22.0     1.0      3.0      16.0     0.0      2.0      41.0     4.0      48.0     0.0      8.0      10.0     0.0      2.0      4.0      0.0      0.0      11.0     0.0      0.0      11.0     1.0      2.0      3.0      0.0      9.0      2.0      0.0      0.0      1.0      0.0      1.0      1.0      8.0      0.0      0.0      0.0      0.0      0.0      0.0      5.0      2.0      6.0      124.0    3.0      0.0      0.0      2.0      11.0     7.0      20.0     6.0      23.0     0.0      20.0     0.0      82.0     128.0    165.0    165.0    88.0     183.0    8.0      8.0      2.0      48.0     33.0     71.0     26.0     31.0     0.0      1.0      0.0      2.0      74.0     47.0     6.0      28.0     557.0    0.0      0.0      1648.0   26.0     39.0     30.0     152.0    49.0     101.0    9.0      13.0     4.0      6.0      120.0    0.0      1.0      40.0     116.0    0.0      248.0    14.0     46.0     19.0     1.0      0.0      20.0     45.0     2.0      18.0     72.0     0.0      0.0      0.0      0.0      20.0     11.0     27.0     10.0     136.0    218.0    0.0      0.0      0.0      2.0      329.0    5.0      71.0     13.0    
25.0     0.0      1.0      0.0      10.0     69.0     1.0      0.0      0.0      0.0      0.0      0.0      0.0      0.0      0.0      9.0      0.0      0.0      0.0      1.0      0.0      0.0      0.0      63.0     0.0      0.0      5.0      5.0      1.0      3.0      47.0     11.0     0.0      1.0      2.0      0.0      0.0      0.0      0.0      0.0      0.0      0.0      1.0      1.0      1.0      0.0      0.0      0.0      1.0      0.0      0.0      0.0      0.0      0.0      0.0      0.0      2.0      0.0      0.0      0.0      0.0      0.0      0.0      25.0     9.0      3.0      55.0     5.0      0.0      0.0      16.0     0.0      0.0      0.0      0.0      118.0    0.0      4.0      0.0      6.0      144.0    7.0      5.0      1.0      4.0      10.0     0.0      0.0      0.0      0.0      10.0     6.0      19.0     1.0      8.0      0.0      3.0      4.0      314.0    2.0      0.0      33.0     8.0      0.0      26.0     439.0    82.0     2.0      3.0      114.0    1.0      0.0      3.0      0.0      0.0      2.0      0.0      6.0      65.0     18.0     3.0      0.0      28.0     9.0      0.0      0.0      0.0      0.0      0.0      0.0      0.0      5.0      0.0      0.0      1.0      0.0      7.0      1.0      184.0    39.0     16.0     8.0      13.0     0.0      0.0      61.0     3.0      0.0      1.0      0.0     
16.0     0.0      2.0      0.0      7.0      10.0     0.0      0.0      0.0      2.0      0.0      0.0      0.0      0.0      0.0      2.0      10.0     3.0      0.0      5.0      0.0      0.0      9.0      20.0     0.0      0.0      11.0     0.0      1.0      19.0     5.0      143.0    0.0      0.0      14.0     0.0      0.0      0.0      0.0      0.0      0.0      0.0      5.0      30.0     6.0      0.0      0.0      1.0      2.0      0.0      0.0      0.0      0.0      0.0      0.0      0.0      0.0      0.0      4.0      0.0      0.0      0.0      0.0      8.0      0.0      11.0     29.0     0.0      0.0      0.0      11.0     1.0      0.0      0.0      0.0      7.0      0.0      9.0      0.0      1.0      56.0     2.0      1.0      1.0      0.0      46.0     0.0      0.0      0.0      0.0      3.0      13.0     18.0     2.0      35.0     0.0      9.0      2.0      143.0    0.0      0.0      75.0     14.0     7.0      39.0     82.0     452.0    2.0      5.0      281.0    2.0      10.0     0.0      0.0      0.0      2.0      0.0      21.0     77.0     31.0     9.0      3.0      4.0      9.0      0.0      0.0      0.0      0.0      1.0      0.0      0.0      7.0      1.0      1.0      0.0      1.0      8.0      0.0      211.0    4.0      41.0     15.0     14.0     0.0      0.0      4.0      3.0      1.0      0.0      0.0     
1.0      0.0      0.0      0.0      0.0      0.0      0.0      0.0      0.0      0.0      0.0      0.0      0.0      0.0      0.0      0.0      0.0      0.0      0.0      0.0      0.0      0.0      0.0      1.0      0.0      0.0      0.0      0.0      0.0      1.0      1.0      1.0      0.0      0.0      0.0      0.0      0.0      0.0      0.0      0.0      0.0      0.0      0.0      0.0      0.0      0.0      0.0      0.0      0.0      0.0      0.0      0.0      0.0      0.0      0.0      0.0      0.0      0.0      0.0      0.0      0.0      0.0      0.0      1.0      0.0      0.0      1.0      0.0      0.0      0.0      1.0      0.0      0.0      0.0      0.0      1.0      0.0      0.0      0.0      1.0      1.0      0.0      0.0      0.0      0.0      0.0      0.0      0.0      0.0      0.0      0.0      0.0      0.0      1.0      14.0     0.0      0.0      0.0      2.0      0.0      0.0      58.0     0.0      0.0      30.0     2.0      2.0      83.0     82.0     29.0     14.0     0.0      0.0      0.0      0.0      24.0     0.0      0.0      0.0      0.0      0.0      0.0      0.0      47.0     0.0      0.0      0.0      0.0      0.0      0.0      0.0      8.0      1.0      1.0      0.0      0.0      0.0      0.0      1.0      0.0      14.0     1.0      0.0      0.0      0.0      0.0      0.0      0.0      23.0     4.0     
1.0      0.0      0.0      0.0      0.0      1.0      0.0      0.0      0.0      3.0      2.0      0.0      0.0      0.0      0.0      0.0      0.0      0.0      1.0      15.0     0.0      1.0      1.0      2.0      0.0      0.0      11.0     0.0      0.0      19.0     1.0      3.0      0.0      3.0      0.0      0.0      1.0      1.0      0.0      0.0      0.0      0.0      5.0      0.0      8.0      0.0      0.0      0.0      4.0      0.0      0.0      0.0      0.0      0.0      0.0      0.0      0.0      0.0      0.0      0.0      0.0      0.0      0.0      1.0      0.0      10.0     45.0     0.0      0.0      0.0      1.0      2.0      0.0      7.0      0.0      11.0     1.0      0.0      3.0      9.0      4.0      0.0      0.0      0.0      5.0      40.0     0.0      0.0      2.0      0.0      2.0      14.0     14.0     9.0      69.0     0.0      32.0     3.0      16.0     11.0     12.0     439.0    2.0      3.0      152.0    3.0      5.0      82.0     873.0    350.0    140.0    1.0      6.0      0.0      0.0      89.0     0.0      41.0     37.0     61.0     1.0      0.0      12.0     371.0    4.0      0.0      0.0      0.0      11.0     0.0      9.0      127.0    10.0     40.0     2.0      1.0      28.0     1.0      2.0      3.0      113.0    30.0     5.0      1.0      0.0      0.0      0.0      2.0      367.0    45.0    
15.0     2.0      2.0      0.0      4.0      28.0     0.0      0.0      0.0      6.0      2.0      0.0      0.0      0.0      0.0      2.0      3.0      0.0      2.0      18.0     0.0      3.0      3.0      42.0     0.0      0.0      10.0     0.0      0.0      9.0      4.0      74.0     0.0      0.0      3.0      0.0      0.0      0.0      0.0      0.0      0.0      0.0      16.0     4.0      21.0     0.0      1.0      1.0      1.0      0.0      0.0      1.0      0.0      0.0      0.0      0.0      0.0      1.0      2.0      0.0      0.0      0.0      0.0      11.0     8.0      12.0     62.0     0.0      0.0      0.0      12.0     1.0      0.0      0.0      0.0      82.0     1.0      5.0      0.0      9.0      95.0     0.0      0.0      1.0      9.0      108.0    0.0      0.0      2.0      0.0      4.0      36.0     83.0     5.0      124.0    0.0      39.0     49.0     263.0    3.0      2.0      203.0    10.0     3.0      49.0     114.0    281.0    29.0     350.0    1031.0   4.0      10.0     2.0      0.0      0.0      3.0      0.0      61.0     375.0    104.0    5.0      3.0      65.0     342.0    3.0      0.0      0.0      0.0      13.0     0.0      0.0      29.0     8.0      20.0     1.0      2.0      45.0     0.0      237.0    53.0     144.0    15.0     13.0     0.0      0.0      15.0     5.0      1.0      144.0    1.0     
0.0      0.0      0.0      0.0      0.0      0.0      0.0      0.0      0.0      0.0      0.0      0.0      0.0      0.0      0.0      0.0      0.0      0.0      0.0      0.0      0.0      0.0      0.0      0.0      0.0      0.0      0.0      0.0      0.0      2.0      0.0      4.0      0.0      0.0      0.0      0.0      0.0      0.0      0.0      0.0      0.0      0.0      0.0      1.0      0.0      0.0      0.0      0.0      1.0      0.0      0.0      0.0      0.0      0.0      0.0      0.0      0.0      0.0      0.0      0.0      0.0      0.0      0.0      0.0      0.0      0.0      8.0      0.0      0.0      0.0      0.0      0.0      0.0      1.0      0.0      2.0      0.0      1.0      9.0      16.0     0.0      0.0      0.0      0.0      0.0      0.0      3.0      0.0      1.0      1.0      3.0      7.0      11.0     0.0      0.0      0.0      0.0      0.0      4.0      0.0      74.0     156.0    2.0      0.0      101.0    1.0      2.0      14.0     140.0    4.0      285.0    0.0      2.0      0.0      0.0      127.0    0.0      0.0      0.0      0.0      0.0      9.0      0.0      5.0      10.0     0.0      0.0      0.0      11.0     0.0      39.0     18.0     0.0      1.0      0.0      0.0      0.0      0.0      3.0      0.0      3.0      3.0      3.0      0.0      0.0      0.0      0.0      2.0      11.0     48.0    
0.0      1.0      0.0      0.0      0.0      2.0      0.0      0.0      0.0      0.0      1.0      0.0      0.0      0.0      0.0      0.0      0.0      0.0      0.0      12.0     0.0      1.0      1.0      1.0      0.0      1.0      2.0      0.0      0.0      4.0      0.0      4.0      0.0      0.0      0.0      0.0      1.0      1.0      0.0      0.0      0.0      0.0      7.0      1.0      13.0     0.0      0.0      0.0      0.0      0.0      0.0      0.0      0.0      0.0      0.0      0.0      0.0      0.0      4.0      0.0      0.0      0.0      0.0      0.0      1.0      5.0      18.0     1.0      0.0      0.0      2.0      0.0      0.0      0.0      0.0      7.0      70.0     0.0      38.0     5.0      4.0      1.0      0.0      0.0      2.0      147.0    37.0     1.0      8.0      6.0      0.0      23.0     43.0     31.0     184.0    14.0     14.0     1.0      11.0     397.0    99.0     237.0    33.0     52.0     9.0      0.0      10.0     0.0      1.0      10.0     0.0      1611.0   185.0    0.0      2.0      10.0     0.0      148.0    116.0    11.0     26.0     0.0      10.0     3.0      25.0     255.0    19.0     3.0      8.0      0.0      59.0     388.0    10.0     45.0     78.0     430.0    59.0     7.0      6.0      1.0      84.0     8.0      68.0     13.0     0.0      0.0      2.0      810.0    106.0    0.0     
1.0      0.0      0.0      0.0      0.0      0.0      0.0      0.0      0.0      1.0      2.0      0.0      1.0      0.0      0.0      0.0      0.0      0.0      1.0      11.0     0.0      0.0      3.0      1.0      0.0      0.0      8.0      0.0      0.0      14.0     1.0      0.0      0.0      2.0      2.0      0.0      1.0      1.0      1.0      0.0      1.0      0.0      4.0      4.0      9.0      0.0      0.0      0.0      2.0      0.0      0.0      0.0      0.0      0.0      0.0      0.0      0.0      1.0      1.0      0.0      0.0      1.0      0.0      0.0      0.0      7.0      47.0     0.0      0.0      0.0      1.0      2.0      0.0      4.0      1.0      22.0     2.0      0.0      50.0     6.0      1.0      0.0      0.0      1.0      2.0      60.0     26.0     1.0      1.0      3.0      0.0      14.0     23.0     5.0      31.0     0.0      61.0     2.0      29.0     204.0    67.0     259.0    10.0     49.0     13.0     3.0      0.0      0.0      6.0      2.0      2.0      185.0    1162.0   0.0      0.0      4.0      0.0      99.0     72.0     69.0     3.0      0.0      18.0     22.0     5.0      1.0      11.0     0.0      9.0      0.0      40.0     270.0    0.0      10.0     4.0      1.0      34.0     1.0      3.0      7.0      41.0     25.0     20.0     9.0      0.0      0.0      1.0      472.0    482.0    0.0     
1.0      0.0      0.0      0.0      1.0      4.0      0.0      0.0      0.0      0.0      0.0      0.0      4.0      21.0     2.0      1.0      2.0      4.0      0.0      0.0      0.0      0.0      0.0      4.0      0.0      0.0      0.0      0.0      0.0      0.0      0.0      0.0      0.0      7.0      5.0      0.0      0.0      0.0      5.0      3.0      0.0      0.0      0.0      0.0      0.0      0.0      0.0      2.0      7.0      12.0     0.0      0.0      0.0      2.0      0.0      0.0      0.0      0.0      0.0      0.0      0.0      0.0      4.0      0.0      0.0      0.0      1.0      0.0      0.0      0.0      0.0      0.0      0.0      0.0      0.0      0.0      0.0      1.0      0.0      1.0      43.0     0.0      0.0      0.0      0.0      2.0      4.0      57.0     147.0    17.0     54.0     3.0      3.0      1.0      14.0     0.0      4.0      0.0      1.0      0.0      0.0      20.0     0.0      0.0      4.0      0.0      0.0      0.0      0.0      0.0      0.0      0.0      0.0      209.0    7.0      3.0      0.0      9.0      0.0      6.0      0.0      0.0      4.0      5.0      73.0     0.0      0.0      10.0     9.0      6.0      0.0      1.0      1.0      0.0      0.0      0.0      0.0      1.0      0.0      0.0      12.0     32.0     2.0      0.0      0.0      0.0      0.0      0.0      0.0      0.0     
0.0      0.0      0.0      0.0      0.0      0.0      0.0      0.0      0.0      0.0      0.0      4.0      0.0      24.0     0.0      0.0      0.0      0.0      0.0      0.0      0.0      0.0      0.0      0.0      0.0      0.0      0.0      0.0      0.0      0.0      0.0      0.0      0.0      1.0      1.0      0.0      0.0      0.0      0.0      15.0     0.0      0.0      0.0      0.0      0.0      0.0      0.0      0.0      1.0      15.0     0.0      0.0      2.0      0.0      0.0      0.0      0.0      0.0      0.0      0.0      0.0      0.0      0.0      0.0      0.0      0.0      19.0     0.0      0.0      0.0      0.0      0.0      0.0      0.0      0.0      0.0      0.0      1.0      0.0      1.0      21.0     10.0     0.0      0.0      1.0      0.0      247.0    0.0      165.0    56.0     190.0    0.0      0.0      0.0      1.0      0.0      0.0      0.0      0.0      0.0      0.0      3.0      1.0      8.0      6.0      0.0      0.0      0.0      0.0      0.0      0.0      2.0      0.0      7.0      350.0    0.0      0.0      0.0      0.0      1.0      0.0      1.0      0.0      0.0      8.0      0.0      0.0      39.0     1.0      74.0     0.0      1.0      0.0      0.0      0.0      0.0      0.0      0.0      0.0      0.0      0.0      42.0     1.0      42.0     4.0      0.0      3.0      2.0      0.0      0.0     
0.0      0.0      0.0      0.0      0.0      0.0      0.0      0.0      0.0      0.0      0.0      0.0      0.0      0.0      0.0      0.0      0.0      0.0      0.0      0.0      0.0      0.0      0.0      2.0      0.0      0.0      0.0      0.0      0.0      1.0      0.0      1.0      0.0      0.0      0.0      0.0      0.0      0.0      0.0      0.0      0.0      0.0      0.0      0.0      0.0      0.0      0.0      0.0      0.0      0.0      0.0      0.0      0.0      0.0      0.0      0.0      0.0      0.0      0.0      0.0      0.0      0.0      0.0      1.0      1.0      0.0      7.0      0.0      0.0      0.0      0.0      0.0      0.0      0.0      0.0      3.0      0.0      1.0      28.0     15.0     4.0      0.0      0.0      0.0      0.0      0.0      6.0      0.0      27.0     9.0      22.0     97.0     104.0    0.0      0.0      0.0      0.0      0.0      25.0     0.0      56.0     164.0    10.0     0.0      120.0    2.0      2.0      24.0     89.0     3.0      127.0    10.0     4.0      3.0      0.0      359.0    0.0      0.0      0.0      0.0      2.0      8.0      33.0     72.0     56.0     0.0      0.0      9.0      16.0     2.0      40.0     10.0     0.0      0.0      0.0      0.0      0.0      14.0     2.0      12.0     0.0      1.0      15.0     0.0      0.0      0.0      0.0      17.0     23.0     21.0    
0.0      0.0      0.0      0.0      0.0      0.0      0.0      0.0      0.0      0.0      0.0      0.0      0.0      0.0      0.0      0.0      0.0      0.0      0.0      0.0      0.0      0.0      0.0      0.0      0.0      0.0      0.0      0.0      0.0      0.0      0.0      0.0      0.0      0.0      0.0      0.0      0.0      0.0      0.0      0.0      0.0      0.0      0.0      0.0      0.0      0.0      0.0      0.0      0.0      0.0      0.0      0.0      0.0      0.0      0.0      0.0      0.0      0.0      0.0      0.0      0.0      0.0      0.0      0.0      0.0      0.0      0.0      0.0      0.0      0.0      0.0      0.0      0.0      0.0      0.0      0.0      0.0      0.0      0.0      0.0      0.0      0.0      0.0      0.0      0.0      0.0      0.0      0.0      0.0      0.0      0.0      0.0      0.0      0.0      0.0      0.0      0.0      0.0      0.0      0.0      0.0      0.0      0.0      0.0      0.0      0.0      0.0      0.0      0.0      0.0      0.0      0.0      0.0      0.0      0.0      0.0      0.0      0.0      0.0      0.0      0.0      0.0      0.0      0.0      0.0      0.0      0.0      0.0      0.0      0.0      0.0      0.0      0.0      0.0      0.0      0.0      0.0      0.0      0.0      0.0      0.0      0.0      0.0      0.0      0.0      0.0      0.0      0.0      0.0      0.0     
2.0      0.0      0.0      0.0      0.0      1.0      0.0      0.0      0.0      7.0      15.0     0.0      0.0      0.0      0.0      0.0      1.0      0.0      0.0      7.0      0.0      3.0      7.0      5.0      0.0      0.0      0.0      0.0      0.0      0.0      0.0      8.0      0.0      1.0      1.0      0.0      0.0      0.0      0.0      0.0      0.0      0.0      7.0      2.0      27.0     0.0      0.0      0.0      0.0      0.0      0.0      0.0      0.0      0.0      0.0      0.0      0.0      0.0      0.0      0.0      0.0      1.0      0.0      3.0      0.0      4.0      28.0     0.0      0.0      0.0      0.0      0.0      0.0      0.0      0.0      34.0     42.0     0.0      0.0      102.0    23.0     0.0      0.0      0.0      1.0      84.0     0.0      11.0     4.0      63.0     89.0     12.0     21.0     25.0     30.0     56.0     88.0     4.0      79.0     1.0      1.0      2.0      25.0     29.0     1.0      6.0      21.0     0.0      41.0     61.0     0.0      148.0    99.0     9.0      0.0      0.0      0.0      1033.0   121.0    147.0    16.0     0.0      72.0     172.0    11.0     65.0     87.0     15.0     112.0    26.0     1.0      1.0      32.0     1.0      1.0      21.0     54.0     29.0     12.0     3.0      5.0      6.0      10.0     1.0      3.0      2.0      1.0      23.0     53.0     0.0     
2.0      1.0      0.0      0.0      3.0      18.0     0.0      0.0      0.0      12.0     4.0      0.0      0.0      0.0      0.0      1.0      3.0      0.0      0.0      5.0      0.0      8.0      4.0      28.0     0.0      0.0      3.0      0.0      0.0      2.0      1.0      28.0     0.0      0.0      4.0      0.0      0.0      0.0      0.0      0.0      0.0      0.0      4.0      8.0      11.0     0.0      1.0      0.0      1.0      0.0      0.0      1.0      0.0      0.0      0.0      0.0      0.0      0.0      2.0      0.0      0.0      1.0      0.0      8.0      6.0      4.0      60.0     0.0      0.0      0.0      5.0      0.0      0.0      0.0      0.0      102.0    6.0      1.0      0.0      2.0      76.0     0.0      1.0      1.0      46.0     76.0     0.0      0.0      0.0      0.0      4.0      27.0     90.0     2.0      67.0     7.0      162.0    85.0     168.0    0.0      0.0      44.0     1.0      1.0      40.0     65.0     77.0     0.0      37.0     375.0    0.0      116.0    72.0     0.0      0.0      0.0      0.0      121.0    1075.0   176.0    0.0      2.0      74.0     39.0     0.0      47.0     35.0     0.0      4.0      0.0      0.0      0.0      6.0      0.0      2.0      3.0      310.0    0.0      78.0     66.0     103.0    18.0     0.0      0.0      0.0      17.0     1.0      5.0      23.0     0.0     
0.0      0.0      0.0      0.0      0.0      4.0      0.0      0.0      0.0      92.0     124.0    0.0      0.0      1.0      0.0      0.0      2.0      1.0      0.0      142.0    1.0      14.0     14.0     8.0      0.0      1.0      11.0     1.0      0.0      2.0      1.0      16.0     0.0      3.0      2.0      0.0      5.0      3.0      0.0      0.0      0.0      0.0      16.0     9.0      99.0     0.0      0.0      0.0      0.0      0.0      0.0      1.0      0.0      0.0      0.0      0.0      0.0      0.0      9.0      1.0      0.0      7.0      0.0      2.0      0.0      62.0     271.0    5.0      0.0      0.0      0.0      0.0      7.0      1.0      0.0      37.0     9.0      0.0      0.0      125.0    27.0     26.0     22.0     12.0     185.0    373.0    1.0      10.0     4.0      16.0     41.0     0.0      2.0      23.0     90.0     2.0      235.0    162.0    48.0     0.0      0.0      88.0     14.0     21.0     116.0    18.0     31.0     0.0      61.0     104.0    0.0      11.0     69.0     6.0      1.0      0.0      0.0      147.0    176.0    1290.0   9.0      1.0      17.0     57.0     2.0      8.0      0.0      4.0      63.0     10.0     0.0      7.0      2.0      9.0      16.0     4.0      264.0    6.0      19.0     4.0      352.0    194.0    3.0      0.0      3.0      2.0      41.0     7.0      51.0     0.0     
0.0      0.0      0.0      0.0      0.0      1.0      0.0      0.0      0.0      0.0      0.0      0.0      0.0      0.0      0.0      0.0      1.0      0.0      0.0      0.0      0.0      0.0      2.0      2.0      0.0      0.0      0.0      0.0      0.0      0.0      0.0      19.0     0.0      0.0      6.0      0.0      0.0      0.0      0.0      0.0      0.0      0.0      0.0      13.0     0.0      0.0      0.0      1.0      0.0      0.0      0.0      0.0      0.0      0.0      0.0      0.0      0.0      0.0      0.0      0.0      0.0      0.0      0.0      0.0      0.0      0.0      1.0      0.0      0.0      0.0      0.0      0.0      0.0      0.0      0.0      12.0     0.0      63.0     47.0     61.0     2.0      0.0      0.0      0.0      0.0      0.0      7.0      0.0      0.0      7.0      0.0      0.0      3.0      0.0      0.0      0.0      12.0     0.0      8.0      19.0     13.0     103.0    422.0    385.0    0.0      3.0      9.0      0.0      1.0      5.0      0.0      26.0     3.0      0.0      0.0      2.0      0.0      16.0     0.0      9.0      771.0    1.0      4.0      1.0      1.0      0.0      0.0      0.0      26.0     0.0      4.0      105.0    0.0      0.0      0.0      0.0      0.0      4.0      4.0      0.0      1.0      0.0      169.0    20.0     1.0      0.0      0.0      31.0     3.0      0.0     
0.0      0.0      19.0     0.0      2.0      2.0      4.0      12.0     1.0      2.0      0.0      0.0      0.0      0.0      1.0      45.0     1.0      0.0      0.0      3.0      0.0      0.0      0.0      2.0      0.0      0.0      2.0      1.0      0.0      9.0      0.0      9.0      0.0      0.0      1.0      0.0      0.0      0.0      0.0      0.0      1.0      0.0      0.0      1.0      0.0      0.0      6.0      0.0      1.0      0.0      0.0      0.0      0.0      0.0      1.0      0.0      1.0      0.0      0.0      0.0      0.0      0.0      0.0      1.0      0.0      2.0      13.0     2.0      0.0      0.0      1.0      2.0      0.0      0.0      0.0      0.0      0.0      222.0    0.0      3.0      38.0     72.0     106.0    31.0     2.0      0.0      2.0      0.0      6.0      4.0      27.0     0.0      0.0      0.0      0.0      0.0      0.0      0.0      1.0      0.0      3.0      96.0     0.0      2.0      248.0    0.0      3.0      0.0      0.0      3.0      9.0      0.0      0.0      0.0      1.0      8.0      0.0      0.0      2.0      1.0      1.0      553.0    0.0      0.0      1.0      0.0      0.0      5.0      6.0      0.0      1.0      1.0      0.0      0.0      0.0      0.0      0.0      0.0      2.0      0.0      1.0      35.0     0.0      0.0      0.0      0.0      70.0     0.0      1.0      0.0     
0.0      0.0      0.0      0.0      0.0      12.0     0.0      0.0      0.0      0.0      0.0      0.0      1.0      0.0      0.0      1.0      1.0      2.0      0.0      0.0      0.0      0.0      0.0      23.0     0.0      0.0      0.0      0.0      0.0      0.0      1.0      11.0     0.0      0.0      1.0      0.0      0.0      0.0      0.0      0.0      0.0      0.0      0.0      2.0      0.0      0.0      0.0      0.0      0.0      0.0      0.0      0.0      0.0      0.0      0.0      0.0      0.0      0.0      0.0      0.0      0.0      0.0      0.0      9.0      2.0      0.0      26.0     0.0      0.0      0.0      1.0      0.0      0.0      0.0      0.0      42.0     0.0      0.0      0.0      19.0     38.0     0.0      0.0      0.0      1.0      11.0     0.0      24.0     1.0      20.0     5.0      58.0     156.0    0.0      2.0      0.0      19.0     1.0      239.0    0.0      3.0      38.0     6.0      4.0      14.0     28.0     4.0      0.0      12.0     65.0     0.0      10.0     18.0     4.0      0.0      33.0     0.0      72.0     74.0     17.0     4.0      0.0      354.0    130.0    12.0     0.0      7.0      2.0      25.0     1.0      3.0      3.0      0.0      0.0      0.0      0.0      1.0      56.0     23.0     97.0     9.0      1.0      5.0      0.0      0.0      1.0      0.0      11.0     5.0      0.0     
2.0      0.0      0.0      0.0      0.0      2.0      0.0      0.0      0.0      0.0      1.0      0.0      0.0      2.0      0.0      0.0      1.0      0.0      0.0      17.0     0.0      1.0      1.0      6.0      0.0      0.0      7.0      0.0      0.0      1.0      2.0      5.0      0.0      0.0      0.0      0.0      0.0      0.0      0.0      0.0      0.0      0.0      4.0      0.0      5.0      0.0      0.0      0.0      0.0      1.0      0.0      1.0      1.0      0.0      0.0      0.0      0.0      0.0      0.0      0.0      0.0      1.0      1.0      3.0      2.0      9.0      11.0     0.0      0.0      0.0      3.0      0.0      0.0      0.0      0.0      53.0     1.0      0.0      0.0      46.0     26.0     0.0      0.0      0.0      1.0      79.0     0.0      2.0      24.0     59.0     62.0     122.0    141.0    18.0     95.0     0.0      36.0     1.0      126.0    7.0      3.0      232.0    2.0      6.0      46.0     9.0      9.0      47.0     371.0    342.0    5.0      3.0      22.0     5.0      0.0      72.0     0.0      172.0    39.0     57.0     1.0      0.0      130.0    785.0    43.0     0.0      4.0      16.0     81.0     21.0     4.0      34.0     14.0     24.0     5.0      1.0      5.0      41.0     10.0     38.0     98.0     4.0      2.0      0.0      4.0      0.0      0.0      5.0      162.0    0.0     
0.0      0.0      0.0      0.0      0.0      4.0      1.0      0.0      0.0      0.0      0.0      1.0      0.0      26.0     1.0      5.0      2.0      2.0      0.0      0.0      0.0      0.0      0.0      0.0      0.0      0.0      0.0      0.0      0.0      0.0      0.0      0.0      0.0      5.0      3.0      0.0      0.0      0.0      1.0      14.0     0.0      0.0      0.0      0.0      0.0      0.0      0.0      0.0      5.0      20.0     0.0      0.0      2.0      1.0      1.0      0.0      0.0      0.0      0.0      0.0      0.0      0.0      1.0      0.0      0.0      0.0      11.0     0.0      0.0      0.0      0.0      0.0      0.0      0.0      0.0      0.0      0.0      1.0      21.0     3.0      28.0     1.0      0.0      0.0      0.0      3.0      180.0    15.0     119.0    38.0     174.0    67.0     102.0    4.0      19.0     0.0      1.0      0.0      12.0     1.0      24.0     69.0     20.0     18.0     19.0     0.0      0.0      0.0      4.0      3.0      10.0     25.0     5.0      73.0     8.0      56.0     0.0      11.0     0.0      2.0      1.0      1.0      12.0     43.0     498.0    0.0      0.0      19.0     8.0      61.0     23.0     9.0      3.0      0.0      1.0      0.0      0.0      12.0     0.0      0.0      18.0     27.0     27.0     6.0      10.0     0.0      7.0      27.0     15.0     0.0     
0.0      0.0      0.0      0.0      0.0      0.0      0.0      0.0      0.0      1.0      3.0      0.0      0.0      0.0      0.0      0.0      0.0      0.0      1.0      1.0      0.0      1.0      1.0      0.0      0.0      0.0      0.0      0.0      0.0      0.0      0.0      0.0      0.0      0.0      0.0      0.0      0.0      0.0      0.0      0.0      0.0      0.0      6.0      0.0      11.0     0.0      0.0      0.0      0.0      0.0      0.0      0.0      0.0      0.0      0.0      0.0      0.0      0.0      0.0      0.0      0.0      0.0      0.0      0.0      0.0      1.0      4.0      0.0      0.0      0.0      0.0      0.0      0.0      0.0      0.0      0.0      23.0     0.0      0.0      0.0      0.0      0.0      0.0      0.0      2.0      127.0    0.0      0.0      0.0      0.0      0.0      0.0      0.0      13.0     154.0    102.0    10.0     3.0      0.0      24.0     0.0      55.0     0.0      0.0      1.0      0.0      0.0      0.0      0.0      0.0      0.0      255.0    1.0      0.0      0.0      0.0      0.0      65.0     47.0     8.0      0.0      0.0      0.0      0.0      0.0      481.0    14.0     0.0      0.0      0.0      0.0      52.0     8.0      11.0     7.0      125.0    145.0    0.0      0.0      0.0      99.0     1.0      0.0      0.0      0.0      0.0      0.0      46.0     1.0      0.0     
0.0      0.0      0.0      0.0      0.0      0.0      0.0      0.0      0.0      0.0      0.0      0.0      0.0      0.0      0.0      0.0      0.0      0.0      0.0      0.0      0.0      0.0      0.0      0.0      0.0      0.0      0.0      0.0      0.0      0.0      0.0      0.0      0.0      0.0      0.0      0.0      0.0      0.0      0.0      0.0      0.0      0.0      0.0      0.0      0.0      0.0      0.0      0.0      0.0      0.0      0.0      0.0      0.0      0.0      0.0      0.0      0.0      0.0      0.0      0.0      0.0      0.0      0.0      0.0      0.0      0.0      0.0      0.0      0.0      0.0      0.0      0.0      0.0      0.0      0.0      3.0      33.0     0.0      0.0      5.0      0.0      0.0      0.0      0.0      0.0      9.0      0.0      2.0      0.0      0.0      0.0      0.0      1.0      8.0      16.0     88.0     33.0     0.0      4.0      0.0      0.0      0.0      0.0      0.0      0.0      0.0      0.0      0.0      0.0      0.0      0.0      19.0     11.0     0.0      0.0      0.0      0.0      87.0     35.0     0.0      0.0      0.0      7.0      4.0      0.0      14.0     163.0    0.0      1.0      0.0      0.0      0.0      6.0      0.0      0.0      2.0      45.0     0.0      0.0      0.0      0.0      0.0      0.0      0.0      0.0      0.0      0.0      0.0      1.0      0.0     
2.0      0.0      0.0      0.0      0.0      12.0     0.0      1.0      0.0      1.0      0.0      3.0      8.0      28.0     9.0      3.0      0.0      0.0      0.0      0.0      0.0      0.0      0.0      3.0      0.0      0.0      1.0      0.0      0.0      0.0      0.0      1.0      0.0      1.0      1.0      0.0      0.0      0.0      6.0      1.0      0.0      0.0      0.0      0.0      0.0      0.0      0.0      0.0      1.0      13.0     0.0      0.0      3.0      1.0      0.0      0.0      0.0      0.0      0.0      0.0      0.0      0.0      7.0      0.0      0.0      0.0      12.0     1.0      0.0      0.0      1.0      0.0      0.0      0.0      0.0      2.0      0.0      1.0      0.0      5.0      84.0     28.0     9.0      4.0      11.0     6.0      56.0     10.0     304.0    362.0    235.0    6.0      13.0     5.0      10.0     0.0      0.0      0.0      5.0      0.0      1.0      28.0     0.0      11.0     20.0     0.0      0.0      0.0      0.0      0.0      0.0      3.0      0.0      10.0     39.0     9.0      0.0      15.0     0.0      4.0      0.0      5.0      2.0      16.0     19.0     0.0      0.0      662.0    45.0     129.0    1.0      4.0      4.0      0.0      1.0      0.0      0.0      18.0     0.0      0.0      11.0     103.0    3.0      39.0     6.0      0.0      3.0      4.0      0.0      0.0     
21.0     0.0      0.0      0.0      60.0     50.0     0.0      0.0      0.0      0.0      0.0      1.0      15.0     26.0     15.0     10.0     0.0      0.0      0.0      0.0      0.0      0.0      0.0      20.0     0.0      0.0      0.0      0.0      0.0      1.0      1.0      0.0      0.0      0.0      0.0      0.0      0.0      0.0      12.0     3.0      0.0      0.0      0.0      0.0      0.0      0.0      0.0      0.0      0.0      6.0      0.0      0.0      2.0      7.0      0.0      0.0      0.0      0.0      0.0      0.0      0.0      0.0      19.0     0.0      1.0      0.0      4.0      0.0      0.0      0.0      0.0      0.0      0.0      0.0      0.0      92.0     0.0      2.0      1.0      401.0    132.0    26.0     9.0      5.0      7.0      24.0     0.0      8.0      25.0     227.0    115.0    7.0      10.0     7.0      43.0     0.0      42.0     0.0      87.0     3.0      5.0      108.0    59.0     14.0     45.0     0.0      1.0      0.0      11.0     13.0     11.0     8.0      9.0      9.0      1.0      16.0     0.0      112.0    4.0      63.0     26.0     6.0      25.0     81.0     8.0      0.0      1.0      45.0     870.0    45.0     2.0      16.0     3.0      0.0      3.0      0.0      10.0     41.0     0.0      0.0      39.0     126.0    50.0     0.0      1.0      0.0      3.0      7.0      2.0      0.0     
0.0      0.0      0.0      0.0      0.0      0.0      5.0      1.0      1.0      2.0      0.0      6.0      0.0      2.0      0.0      7.0      0.0      0.0      0.0      0.0      0.0      0.0      0.0      0.0      0.0      0.0      0.0      0.0      0.0      0.0      2.0      3.0      0.0      0.0      0.0      0.0      0.0      0.0      0.0      0.0      0.0      0.0      0.0      4.0      0.0      0.0      0.0      0.0      0.0      4.0      0.0      0.0      0.0      0.0      1.0      0.0      0.0      0.0      0.0      0.0      0.0      0.0      0.0      0.0      0.0      0.0      8.0      0.0      0.0      0.0      0.0      0.0      0.0      0.0      0.0      2.0      0.0      1.0      17.0     4.0      0.0      8.0      0.0      0.0      1.0      13.0     237.0    1.0      101.0    255.0    513.0    8.0      5.0      9.0      19.0     0.0      1.0      0.0      6.0      0.0      0.0      14.0     1.0      93.0     2.0      0.0      0.0      0.0      0.0      0.0      0.0      0.0      0.0      6.0      74.0     2.0      0.0      26.0     0.0      10.0     0.0      0.0      1.0      21.0     61.0     0.0      0.0      129.0    45.0     745.0    0.0      0.0      4.0      0.0      4.0      0.0      0.0      3.0      0.0      0.0      11.0     25.0     0.0      98.0     35.0     0.0      0.0      0.0      0.0      0.0     
0.0      0.0      0.0      0.0      0.0      0.0      0.0      0.0      0.0      0.0      0.0      0.0      0.0      0.0      0.0      0.0      0.0      0.0      0.0      0.0      0.0      0.0      0.0      0.0      0.0      0.0      0.0      0.0      0.0      1.0      0.0      0.0      0.0      0.0      0.0      0.0      0.0      0.0      0.0      0.0      0.0      0.0      0.0      0.0      0.0      0.0      1.0      0.0      0.0      0.0      0.0      0.0      0.0      0.0      0.0      0.0      0.0      0.0      0.0      0.0      0.0      0.0      0.0      0.0      0.0      0.0      1.0      0.0      0.0      0.0      0.0      1.0      0.0      0.0      0.0      0.0      0.0      2.0      57.0     2.0      0.0      0.0      0.0      0.0      0.0      0.0      15.0     0.0      1.0      0.0      0.0      14.0     15.0     0.0      0.0      0.0      0.0      0.0      2.0      35.0     266.0    61.0     10.0     2.0      18.0     0.0      0.0      0.0      9.0      0.0      39.0     59.0     40.0     0.0      0.0      40.0     0.0      1.0      0.0      0.0      4.0      1.0      3.0      4.0      23.0     0.0      0.0      1.0      2.0      0.0      302.0    39.0     0.0      0.0      0.0      2.0      0.0      1.0      0.0      1.0      0.0      0.0      15.0     1.0      0.0      0.0      0.0      74.0     27.0     0.0     
1.0      0.0      0.0      1.0      0.0      0.0      0.0      0.0      1.0      1.0      0.0      0.0      0.0      0.0      0.0      0.0      1.0      0.0      0.0      2.0      0.0      0.0      1.0      1.0      0.0      0.0      0.0      0.0      0.0      6.0      0.0      7.0      0.0      2.0      1.0      0.0      2.0      3.0      0.0      0.0      0.0      0.0      0.0      1.0      0.0      0.0      0.0      0.0      7.0      1.0      0.0      0.0      0.0      0.0      0.0      0.0      0.0      0.0      0.0      0.0      0.0      0.0      0.0      0.0      0.0      1.0      23.0     1.0      0.0      0.0      0.0      3.0      1.0      9.0      0.0      9.0      17.0     0.0      54.0     24.0     5.0      0.0      0.0      2.0      11.0     0.0      11.0     0.0      7.0      7.0      8.0      5.0      6.0      45.0     0.0      0.0      1.0      8.0      10.0     390.0    97.0     950.0    90.0     80.0     72.0     5.0      7.0      8.0      127.0    29.0     18.0     388.0    270.0    1.0      1.0      10.0     0.0      1.0      0.0      7.0      105.0    1.0      3.0      34.0     9.0      52.0     0.0      4.0      16.0     0.0      39.0     1401.0   1.0      111.0    56.0     123.0    3.0      2.0      7.0      3.0      92.0     20.0     151.0    5.0      0.0      0.0      2.0      395.0    269.0    7.0     
0.0      0.0      0.0      0.0      0.0      0.0      0.0      0.0      0.0      0.0      0.0      0.0      0.0      0.0      0.0      0.0      0.0      0.0      0.0      2.0      0.0      0.0      0.0      0.0      0.0      0.0      0.0      0.0      0.0      0.0      0.0      0.0      0.0      0.0      0.0      0.0      0.0      0.0      0.0      0.0      0.0      0.0      0.0      0.0      0.0      0.0      0.0      0.0      0.0      0.0      0.0      0.0      0.0      0.0      0.0      0.0      0.0      0.0      0.0      0.0      0.0      0.0      0.0      0.0      0.0      1.0      1.0      0.0      0.0      0.0      0.0      0.0      0.0      0.0      0.0      1.0      31.0     0.0      0.0      2.0      1.0      0.0      0.0      0.0      0.0      4.0      0.0      0.0      4.0      5.0      13.0     0.0      1.0      83.0     38.0     12.0     0.0      0.0      1.0      0.0      0.0      4.0      1.0      1.0      0.0      0.0      1.0      1.0      10.0     8.0      0.0      10.0     0.0      1.0      0.0      0.0      0.0      32.0     6.0      2.0      0.0      0.0      0.0      14.0     3.0      8.0      6.0      4.0      3.0      4.0      0.0      1.0      130.0    14.0     10.0     6.0      5.0      0.0      1.0      0.0      0.0      1.0      2.0      0.0      1.0      0.0      0.0      0.0      11.0     0.0     
0.0      0.0      0.0      0.0      0.0      0.0      0.0      0.0      0.0      0.0      0.0      0.0      0.0      0.0      0.0      0.0      1.0      1.0      0.0      4.0      0.0      0.0      0.0      1.0      0.0      0.0      2.0      0.0      0.0      1.0      0.0      2.0      0.0      0.0      0.0      0.0      3.0      1.0      0.0      0.0      0.0      0.0      0.0      0.0      0.0      0.0      0.0      0.0      0.0      0.0      0.0      0.0      0.0      0.0      0.0      0.0      0.0      0.0      2.0      0.0      0.0      0.0      0.0      1.0      0.0      3.0      11.0     1.0      0.0      0.0      0.0      0.0      3.0      0.0      0.0      1.0      35.0     0.0      0.0      0.0      0.0      0.0      0.0      0.0      0.0      0.0      0.0      0.0      0.0      1.0      0.0      1.0      1.0      93.0     72.0     1.0      0.0      0.0      1.0      36.0     0.0      130.0    0.0      0.0      0.0      0.0      1.0      1.0      40.0     20.0     1.0      45.0     10.0     0.0      0.0      0.0      0.0      1.0      0.0      9.0      0.0      0.0      0.0      24.0     0.0      11.0     0.0      0.0      0.0      0.0      0.0      111.0    14.0     235.0    76.0     35.0     1.0      1.0      1.0      0.0      41.0     6.0      0.0      0.0      0.0      0.0      0.0      16.0     70.0     0.0     
0.0      0.0      0.0      0.0      0.0      0.0      0.0      0.0      0.0      0.0      1.0      0.0      0.0      0.0      0.0      0.0      0.0      0.0      0.0      16.0     0.0      0.0      0.0      0.0      0.0      0.0      0.0      0.0      0.0      0.0      0.0      0.0      0.0      0.0      0.0      0.0      0.0      0.0      0.0      0.0      0.0      0.0      4.0      0.0      7.0      0.0      0.0      0.0      0.0      0.0      0.0      0.0      0.0      0.0      0.0      0.0      0.0      0.0      1.0      0.0      0.0      0.0      0.0      0.0      0.0      0.0      10.0     0.0      0.0      0.0      0.0      0.0      0.0      0.0      0.0      0.0      89.0     0.0      0.0      1.0      0.0      1.0      0.0      0.0      0.0      3.0      0.0      0.0      1.0      3.0      7.0      0.0      2.0      156.0    89.0     0.0      0.0      0.0      1.0      48.0     0.0      63.0     0.0      1.0      0.0      1.0      0.0      0.0      2.0      1.0      0.0      78.0     4.0      0.0      0.0      0.0      0.0      1.0      2.0      16.0     0.0      0.0      0.0      5.0      1.0      7.0      0.0      1.0      3.0      4.0      0.0      56.0     10.0     76.0     261.0    62.0     0.0      0.0      0.0      0.0      20.0     4.0      0.0      0.0      1.0      0.0      0.0      25.0     50.0     0.0     
0.0      1.0      0.0      0.0      0.0      1.0      0.0      0.0      0.0      0.0      0.0      0.0      0.0      0.0      0.0      0.0      0.0      0.0      0.0      7.0      0.0      0.0      0.0      0.0      0.0      1.0      0.0      0.0      0.0      1.0      0.0      0.0      0.0      0.0      0.0      0.0      0.0      0.0      0.0      0.0      0.0      0.0      5.0      0.0      7.0      0.0      0.0      0.0      0.0      0.0      0.0      0.0      0.0      0.0      0.0      0.0      0.0      0.0      2.0      0.0      0.0      0.0      0.0      0.0      0.0      2.0      5.0      1.0      0.0      0.0      1.0      0.0      0.0      0.0      0.0      0.0      87.0     0.0      0.0      0.0      1.0      0.0      0.0      0.0      1.0      51.0     0.0      0.0      0.0      0.0      0.0      0.0      0.0      35.0     132.0    51.0     1.0      1.0      0.0      151.0    2.0      80.0     0.0      0.0      0.0      0.0      1.0      0.0      1.0      2.0      0.0      430.0    1.0      0.0      0.0      0.0      0.0      21.0     3.0      4.0      0.0      0.0      0.0      1.0      0.0      125.0    2.0      0.0      0.0      0.0      2.0      123.0    6.0      35.0     62.0     510.0    6.0      0.0      1.0      0.0      51.0     3.0      0.0      0.0      0.0      0.0      0.0      80.0     41.0     0.0     
0.0      0.0      0.0      0.0      0.0      1.0      0.0      0.0      0.0      16.0     7.0      0.0      0.0      1.0      0.0      0.0      1.0      0.0      0.0      4.0      0.0      15.0     1.0      2.0      0.0      1.0      0.0      0.0      0.0      0.0      1.0      10.0     0.0      0.0      2.0      0.0      0.0      0.0      0.0      0.0      0.0      0.0      1.0      3.0      11.0     0.0      0.0      0.0      0.0      0.0      0.0      0.0      0.0      0.0      0.0      0.0      0.0      0.0      0.0      0.0      0.0      4.0      0.0      0.0      0.0      4.0      38.0     1.0      0.0      0.0      0.0      0.0      0.0      0.0      0.0      20.0     10.0     0.0      0.0      9.0      4.0      0.0      0.0      0.0      53.0     105.0    0.0      0.0      0.0      0.0      1.0      0.0      0.0      8.0      95.0     116.0    255.0    68.0     17.0     0.0      0.0      31.0     0.0      0.0      20.0     7.0      8.0      0.0      28.0     45.0     0.0      59.0     34.0     0.0      0.0      0.0      0.0      54.0     310.0    264.0    0.0      0.0      1.0      5.0      0.0      145.0    45.0     0.0      10.0     0.0      0.0      3.0      5.0      1.0      0.0      6.0      715.0    0.0      11.0     3.0      134.0    27.0     0.0      0.0      0.0      2.0      0.0      1.0      18.0     0.0     
8.0      0.0      0.0      0.0      29.0     18.0     0.0      0.0      0.0      0.0      0.0      0.0      9.0      3.0      10.0     9.0      0.0      0.0      0.0      0.0      0.0      0.0      0.0      31.0     0.0      0.0      0.0      0.0      0.0      0.0      0.0      0.0      0.0      0.0      0.0      0.0      0.0      0.0      9.0      1.0      0.0      0.0      0.0      0.0      0.0      0.0      0.0      2.0      0.0      0.0      0.0      0.0      0.0      0.0      0.0      0.0      0.0      0.0      0.0      0.0      0.0      0.0      21.0     0.0      1.0      0.0      0.0      0.0      0.0      0.0      0.0      0.0      0.0      0.0      0.0      2.0      0.0      0.0      0.0      25.0     52.0     5.0      0.0      0.0      1.0      6.0      0.0      4.0      19.0     111.0    19.0     7.0      39.0     0.0      3.0      0.0      7.0      0.0      222.0    0.0      1.0      29.0     10.0     2.0      11.0     1.0      0.0      0.0      1.0      0.0      0.0      7.0      1.0      1.0      0.0      14.0     0.0      29.0     0.0      6.0      4.0      0.0      56.0     41.0     12.0     0.0      0.0      18.0     41.0     3.0      1.0      2.0      0.0      1.0      0.0      0.0      0.0      300.0    1.0      2.0      7.0      43.0     8.0      0.0      0.0      0.0      0.0      10.0     0.0      0.0     
15.0     0.0      0.0      0.0      10.0     49.0     0.0      0.0      0.0      1.0      0.0      0.0      0.0      0.0      0.0      2.0      3.0      0.0      0.0      1.0      0.0      0.0      2.0      54.0     0.0      0.0      3.0      2.0      1.0      6.0      14.0     68.0     0.0      2.0      6.0      0.0      0.0      0.0      0.0      0.0      0.0      0.0      3.0      4.0      3.0      0.0      0.0      0.0      0.0      0.0      0.0      0.0      0.0      0.0      0.0      0.0      0.0      0.0      1.0      0.0      0.0      0.0      0.0      18.0     10.0     2.0      58.0     1.0      0.0      0.0      19.0     0.0      0.0      0.0      0.0      3.0      0.0      4.0      0.0      5.0      125.0    0.0      0.0      1.0      0.0      19.0     0.0      0.0      0.0      0.0      6.0      13.0     23.0     0.0      20.0     0.0      7.0      3.0      258.0    1.0      2.0      54.0     8.0      2.0      27.0     184.0    211.0    1.0      2.0      237.0    3.0      6.0      3.0      0.0      0.0      2.0      0.0      12.0     78.0     19.0     4.0      2.0      23.0     10.0     0.0      0.0      0.0      0.0      0.0      0.0      0.0      7.0      1.0      1.0      0.0      1.0      11.0     1.0      401.0    25.0     27.0     3.0      13.0     0.0      0.0      38.0     2.0      1.0      1.0      0.0     
9.0      0.0      0.0      0.0      6.0      13.0     0.0      0.0      0.0      0.0      0.0      0.0      0.0      0.0      0.0      3.0      0.0      0.0      0.0      0.0      0.0      0.0      0.0      19.0     0.0      0.0      0.0      0.0      0.0      0.0      4.0      3.0      0.0      0.0      0.0      0.0      0.0      0.0      0.0      0.0      0.0      0.0      0.0      0.0      0.0      0.0      0.0      0.0      0.0      0.0      0.0      0.0      0.0      0.0      0.0      0.0      0.0      0.0      0.0      0.0      0.0      0.0      0.0      5.0      1.0      0.0      14.0     0.0      0.0      0.0      3.0      0.0      0.0      0.0      0.0      89.0     0.0      0.0      0.0      3.0      22.0     0.0      0.0      0.0      0.0      3.0      0.0      0.0      0.0      0.0      2.0      27.0     61.0     0.0      3.0      0.0      4.0      0.0      265.0    1.0      1.0      19.0     0.0      0.0      10.0     39.0     4.0      0.0      3.0      53.0     0.0      1.0      7.0      0.0      0.0      12.0     0.0      3.0      66.0     4.0      0.0      0.0      97.0     38.0     0.0      0.0      0.0      0.0      0.0      0.0      1.0      3.0      0.0      0.0      0.0      0.0      3.0      2.0      25.0     271.0    5.0      1.0      0.0      0.0      0.0      7.0      0.0      1.0      1.0      0.0     
2.0      1.0      0.0      0.0      0.0      3.0      1.0      0.0      0.0      67.0     90.0     0.0      0.0      0.0      0.0      1.0      2.0      0.0      0.0      136.0    0.0      3.0      4.0      10.0     0.0      1.0      12.0     1.0      0.0      3.0      5.0      20.0     0.0      1.0      1.0      0.0      7.0      4.0      0.0      0.0      0.0      0.0      23.0     2.0      85.0     0.0      0.0      0.0      0.0      0.0      0.0      0.0      0.0      0.0      0.0      0.0      0.0      0.0      10.0     1.0      0.0      3.0      0.0      4.0      1.0      43.0     196.0    4.0      0.0      0.0      1.0      0.0      11.0     1.0      0.0      22.0     14.0     0.0      0.0      51.0     35.0     20.0     24.0     23.0     71.0     275.0    0.0      2.0      12.0     29.0     63.0     7.0      12.0     28.0     430.0    56.0     6.0      84.0     43.0     2.0      0.0      544.0    0.0      2.0      136.0    16.0     41.0     14.0     113.0    144.0    3.0      84.0     41.0     12.0     0.0      0.0      0.0      5.0      103.0    352.0    1.0      1.0      9.0      98.0     18.0     99.0     0.0      11.0     39.0     11.0     0.0      92.0     0.0      41.0     20.0     51.0     134.0    7.0      27.0     5.0      1287.0   153.0    0.0      0.0      0.0      0.0      37.0     33.0     103.0    1.0     
47.0     0.0      25.0     6.0      73.0     146.0    16.0     15.0     8.0      129.0    56.0     31.0     62.0     223.0    64.0     48.0     16.0     9.0      0.0      103.0    0.0      23.0     1.0      72.0     1.0      10.0     42.0     2.0      4.0      77.0     4.0      23.0     0.0      28.0     17.0     1.0      13.0     17.0     49.0     42.0     13.0     0.0      0.0      8.0      33.0     5.0      5.0      3.0      37.0     93.0     0.0      0.0      38.0     16.0     8.0      1.0      10.0     0.0      6.0      1.0      0.0      9.0      58.0     8.0      4.0      74.0     564.0    12.0     0.0      0.0      2.0      21.0     17.0     47.0     4.0      8.0      0.0      42.0     0.0      120.0    432.0    211.0    163.0    84.0     187.0    80.0     33.0     8.0      268.0    119.0    60.0     3.0      7.0      10.0     50.0     0.0      2.0      32.0     43.0     9.0      0.0      106.0    0.0      3.0      218.0    8.0      15.0     1.0      30.0     15.0     3.0      8.0      25.0     32.0     42.0     1.0      0.0      6.0      18.0     194.0    0.0      35.0     1.0      4.0      27.0     1.0      0.0      103.0    126.0    25.0     0.0      20.0     1.0      6.0      4.0      3.0      27.0     43.0     3.0      1.0      153.0    1551.0   0.0      2.0      0.0      2.0      91.0     16.0     39.0     2.0     
0.0      0.0      0.0      0.0      0.0      1.0      0.0      0.0      0.0      0.0      0.0      0.0      0.0      0.0      1.0      0.0      1.0      0.0      0.0      0.0      0.0      0.0      1.0      2.0      0.0      0.0      0.0      0.0      0.0      3.0      0.0      11.0     0.0      0.0      1.0      0.0      0.0      0.0      0.0      0.0      0.0      0.0      0.0      7.0      0.0      0.0      0.0      0.0      0.0      0.0      0.0      0.0      1.0      1.0      0.0      0.0      0.0      0.0      0.0      0.0      0.0      0.0      0.0      1.0      0.0      0.0      4.0      0.0      0.0      0.0      1.0      2.0      0.0      0.0      0.0      29.0     0.0      46.0     99.0     92.0     8.0      0.0      0.0      0.0      0.0      1.0      20.0     0.0      5.0      18.0     5.0      10.0     29.0     1.0      1.0      0.0      4.0      0.0      19.0     19.0     150.0    215.0    473.0    98.0     0.0      13.0     14.0     0.0      5.0      13.0     3.0      68.0     20.0     2.0      1.0      15.0     0.0      10.0     0.0      3.0      169.0    0.0      5.0      2.0      27.0     0.0      0.0      3.0      50.0     0.0      15.0     151.0    2.0      0.0      0.0      0.0      0.0      8.0      13.0     0.0      0.0      0.0      831.0    11.0     1.0      2.0      0.0      89.0     27.0     0.0     
0.0      0.0      0.0      0.0      0.0      0.0      0.0      0.0      0.0      0.0      0.0      0.0      0.0      0.0      0.0      0.0      1.0      1.0      0.0      0.0      0.0      0.0      0.0      0.0      0.0      0.0      0.0      0.0      0.0      0.0      0.0      0.0      0.0      1.0      1.0      0.0      0.0      0.0      0.0      0.0      0.0      0.0      0.0      0.0      0.0      0.0      0.0      0.0      1.0      0.0      0.0      0.0      0.0      0.0      0.0      0.0      0.0      0.0      0.0      0.0      0.0      0.0      0.0      0.0      0.0      0.0      0.0      0.0      0.0      0.0      0.0      0.0      0.0      0.0      0.0      0.0      0.0      4.0      36.0     0.0      0.0      0.0      0.0      0.0      0.0      0.0      166.0    0.0      9.0      132.0    143.0    1.0      1.0      0.0      0.0      0.0      0.0      0.0      0.0      3.0      2.0      4.0      18.0     279.0    0.0      0.0      0.0      0.0      1.0      0.0      0.0      13.0     9.0      0.0      42.0     0.0      0.0      1.0      0.0      0.0      20.0     0.0      0.0      0.0      6.0      0.0      0.0      39.0     0.0      98.0     1.0      5.0      0.0      0.0      0.0      0.0      0.0      0.0      0.0      0.0      0.0      2.0      11.0     468.0    64.0     0.0      0.0      19.0     5.0      0.0     
0.0      0.0      0.0      0.0      0.0      0.0      0.0      0.0      0.0      0.0      0.0      0.0      0.0      0.0      0.0      0.0      0.0      0.0      0.0      0.0      0.0      0.0      0.0      0.0      0.0      0.0      0.0      0.0      0.0      0.0      0.0      0.0      0.0      0.0      0.0      0.0      0.0      0.0      0.0      0.0      0.0      0.0      0.0      0.0      0.0      0.0      0.0      0.0      0.0      0.0      0.0      0.0      0.0      0.0      0.0      0.0      0.0      0.0      0.0      0.0      0.0      0.0      0.0      0.0      0.0      0.0      0.0      0.0      0.0      0.0      0.0      0.0      0.0      0.0      0.0      0.0      0.0      0.0      18.0     3.0      0.0      0.0      0.0      0.0      0.0      0.0      41.0     0.0      4.0      60.0     91.0     0.0      0.0      3.0      0.0      0.0      2.0      0.0      0.0      0.0      0.0      0.0      2.0      214.0    0.0      0.0      0.0      0.0      0.0      0.0      0.0      0.0      0.0      0.0      4.0      0.0      0.0      3.0      0.0      3.0      1.0      0.0      0.0      4.0      10.0     0.0      0.0      6.0      1.0      35.0     0.0      0.0      1.0      0.0      1.0      0.0      0.0      0.0      0.0      0.0      0.0      0.0      1.0      64.0     277.0    0.0      0.0      0.0      0.0      0.0     
0.0      0.0      0.0      0.0      0.0      10.0     0.0      0.0      0.0      0.0      0.0      0.0      0.0      0.0      0.0      0.0      0.0      0.0      0.0      0.0      0.0      0.0      0.0      15.0     0.0      0.0      0.0      0.0      0.0      0.0      9.0      0.0      0.0      0.0      0.0      0.0      0.0      0.0      0.0      0.0      0.0      0.0      0.0      0.0      0.0      0.0      0.0      0.0      0.0      0.0      0.0      0.0      0.0      0.0      0.0      0.0      0.0      0.0      0.0      0.0      0.0      0.0      0.0      4.0      5.0      0.0      13.0     0.0      0.0      0.0      0.0      0.0      0.0      0.0      0.0      0.0      0.0      0.0      0.0      2.0      62.0     2.0      1.0      0.0      1.0      0.0      0.0      0.0      0.0      0.0      2.0      0.0      3.0      0.0      2.0      0.0      0.0      1.0      26.0     0.0      0.0      1.0      1.0      0.0      2.0      61.0     4.0      0.0      0.0      15.0     0.0      0.0      0.0      0.0      0.0      0.0      0.0      2.0      17.0     2.0      0.0      0.0      1.0      0.0      0.0      0.0      0.0      0.0      0.0      0.0      0.0      0.0      0.0      0.0      0.0      0.0      2.0      0.0      38.0     7.0      0.0      2.0      2.0      0.0      0.0      68.0     0.0      0.0      0.0      0.0     
0.0      0.0      3.0      0.0      0.0      6.0      7.0      6.0      2.0      1.0      0.0      0.0      0.0      0.0      0.0      17.0     1.0      0.0      0.0      1.0      0.0      0.0      0.0      10.0     0.0      0.0      4.0      0.0      1.0      3.0      0.0      9.0      0.0      1.0      1.0      0.0      0.0      0.0      0.0      0.0      2.0      0.0      0.0      2.0      0.0      1.0      1.0      0.0      3.0      1.0      0.0      0.0      0.0      0.0      0.0      0.0      0.0      0.0      0.0      0.0      0.0      0.0      0.0      1.0      0.0      3.0      16.0     2.0      0.0      0.0      0.0      1.0      0.0      2.0      1.0      0.0      0.0      0.0      0.0      4.0      42.0     86.0     116.0    89.0     73.0     4.0      4.0      0.0      12.0     3.0      21.0     1.0      1.0      0.0      0.0      0.0      0.0      13.0     4.0      0.0      0.0      6.0      0.0      0.0      329.0    3.0      3.0      0.0      0.0      5.0      0.0      2.0      1.0      0.0      3.0      0.0      0.0      1.0      1.0      41.0     0.0      70.0     0.0      0.0      7.0      0.0      0.0      3.0      3.0      0.0      0.0      2.0      0.0      0.0      0.0      0.0      0.0      0.0      2.0      0.0      37.0     91.0     0.0      0.0      0.0      0.0      391.0    3.0      0.0      0.0     
0.0      0.0      0.0      0.0      0.0      1.0      0.0      0.0      0.0      1.0      1.0      0.0      0.0      0.0      0.0      0.0      0.0      0.0      1.0      8.0      0.0      1.0      0.0      0.0      0.0      0.0      4.0      0.0      0.0      7.0      0.0      0.0      0.0      2.0      0.0      0.0      2.0      2.0      0.0      0.0      1.0      0.0      5.0      0.0      10.0     0.0      0.0      0.0      1.0      0.0      0.0      0.0      0.0      0.0      0.0      0.0      0.0      1.0      2.0      0.0      0.0      0.0      0.0      0.0      0.0      4.0      27.0     0.0      0.0      0.0      1.0      2.0      0.0      3.0      1.0      5.0      0.0      0.0      53.0     4.0      1.0      0.0      0.0      1.0      1.0      43.0     43.0     0.0      10.0     6.0      0.0      29.0     53.0     4.0      36.0     1.0      6.0      0.0      11.0     332.0    133.0    320.0    42.0     74.0     5.0      0.0      1.0      0.0      2.0      1.0      2.0      810.0    472.0    0.0      2.0      17.0     0.0      23.0     5.0      7.0      31.0     0.0      11.0     5.0      27.0     46.0     0.0      4.0      7.0      0.0      74.0     395.0    0.0      16.0     25.0     80.0     1.0      10.0     1.0      1.0      33.0     16.0     89.0     19.0     0.0      0.0      3.0      1332.0   161.0    0.0     
0.0      0.0      0.0      2.0      0.0      0.0      0.0      0.0      0.0      0.0      0.0      2.0      0.0      0.0      0.0      0.0      0.0      0.0      1.0      11.0     0.0      0.0      0.0      0.0      0.0      0.0      13.0     0.0      0.0      26.0     0.0      1.0      0.0      3.0      0.0      0.0      2.0      2.0      0.0      0.0      1.0      0.0      4.0      0.0      5.0      0.0      0.0      0.0      4.0      0.0      0.0      0.0      0.0      0.0      0.0      0.0      0.0      0.0      0.0      0.0      0.0      1.0      0.0      0.0      0.0      10.0     49.0     0.0      0.0      0.0      0.0      2.0      2.0      5.0      1.0      0.0      6.0      0.0      40.0     3.0      0.0      0.0      0.0      1.0      3.0      49.0     26.0     0.0      1.0      3.0      1.0      22.0     25.0     58.0     57.0     0.0      37.0     1.0      2.0      241.0    45.0     448.0    19.0     14.0     71.0     1.0      0.0      23.0     367.0    144.0    11.0     106.0    482.0    0.0      0.0      23.0     0.0      53.0     23.0     51.0     3.0      1.0      5.0      162.0    15.0     1.0      1.0      0.0      2.0      0.0      27.0     269.0    11.0     70.0     50.0     41.0     18.0     0.0      1.0      1.0      103.0    39.0     27.0     5.0      0.0      0.0      0.0      161.0    1216.0   3.0     
0.0      0.0      0.0      0.0      0.0      0.0      0.0      0.0      0.0      0.0      0.0      0.0      0.0      0.0      0.0      0.0      0.0      0.0      0.0      0.0      0.0      0.0      0.0      0.0      0.0      0.0      0.0      0.0      0.0      0.0      0.0      0.0      0.0      0.0      0.0      0.0      0.0      0.0      0.0      0.0      0.0      0.0      0.0      0.0      0.0      0.0      0.0      0.0      1.0      0.0      0.0      0.0      0.0      0.0      0.0      0.0      0.0      0.0      0.0      0.0      0.0      0.0      0.0      0.0      0.0      0.0      2.0      0.0      0.0      0.0      0.0      0.0      0.0      1.0      0.0      0.0      0.0      0.0      0.0      0.0      0.0      0.0      0.0      0.0      0.0      0.0      0.0      0.0      0.0      0.0      0.0      0.0      0.0      0.0      0.0      0.0      0.0      0.0      0.0      0.0      0.0      43.0     0.0      0.0      13.0     0.0      0.0      4.0      45.0     1.0      48.0     0.0      0.0      0.0      0.0      21.0     0.0      0.0      0.0      0.0      0.0      0.0      0.0      0.0      0.0      0.0      0.0      0.0      0.0      0.0      0.0      7.0      0.0      0.0      0.0      0.0      0.0      0.0      0.0      0.0      1.0      2.0      0.0      0.0      0.0      0.0      0.0      0.0      3.0      50.0    
