972.0    6.0      2.0      4.0      202.0    182.0    5.0      6.0      0.0      1.0      17.0     4.0      1.0      0.0      30.0     36.0     35.0     35.0     8.0      21.0     0.0      24.0     3.0      267.0    7.0      1.0      25.0     22.0     5.0      8.0      159.0    289.0    0.0      67.0     61.0     0.0      0.0      2.0      0.0      0.0      1.0      0.0      37.0     103.0    39.0     6.0      2.0      38.0     201.0    2.0      3.0      6.0      11.0     2.0      4.0      0.0      16.0     3.0      4.0      1.0      1.0      36.0     2.0      1.0      56.0     3.0      60.0     18.0     0.0      3.0      12.0     5.0      0.0      4.0      0.0      204.0    0.0      0.0      0.0      233.0    108.0    0.0      0.0      0.0      0.0      0.0      1.0      3.0      1.0      7.0      61.0     0.0      0.0      0.0      0.0      0.0      0.0      0.0      24.0     0.0      0.0      0.0      0.0      0.0      2.0      21.0     3.0      0.0      0.0      0.0      0.0      0.0      0.0      1.0      0.0      0.0      0.0      0.0      1.0      0.0      0.0      0.0      1.0      0.0      2.0      0.0      0.0      5.0      12.0     0.0      0.0      0.0      0.0      0.0      0.0      0.0      0.0      4.0      1.0      5.0      1.0      5.0      0.0      1.0      0.0      2.0      0.0      0.0      0.0      0.0     
6.0      367.0    1.0      1.0      2.0      1.0      0.0      0.0      0.0      0.0      14.0     0.0      0.0      0.0      0.0      1.0      0.0      0.0      57.0     79.0     36.0     36.0     6.0      2.0      1.0      0.0      17.0     0.0      0.0      3.0      3.0      11.0     0.0      2.0      0.0      0.0      5.0      0.0      0.0      0.0      0.0      0.0      61.0     41.0     35.0     0.0      0.0      0.0      4.0      1.0      47.0     30.0     0.0      0.0      0.0      0.0      3.0      16.0     23.0     52.0     33.0     27.0     0.0      0.0      0.0      9.0      0.0      0.0      0.0      0.0      1.0      0.0      8.0      3.0      0.0      0.0      0.0      0.0      0.0      0.0      0.0      0.0      0.0      0.0      0.0      5.0      0.0      0.0      0.0      0.0      0.0      0.0      0.0      0.0      1.0      1.0      0.0      2.0      0.0      0.0      0.0      0.0      0.0      0.0      0.0      0.0      0.0      0.0      0.0      0.0      0.0      5.0      2.0      0.0      0.0      0.0      0.0      3.0      0.0      17.0     0.0      0.0      0.0      0.0      0.0      0.0      0.0      0.0      0.0      0.0      0.0      0.0      0.0      0.0      0.0      2.0      2.0      0.0      0.0      0.0      0.0      1.0      0.0      0.0      0.0      0.0      0.0      4.0      1.0      0.0     
2.0      1.0      611.0    1.0      2.0      1.0      2.0      7.0      0.0      0.0      0.0      0.0      1.0      0.0      1.0      123.0    3.0      0.0      0.0      0.0      0.0      0.0      4.0      0.0      0.0      3.0      31.0     55.0     168.0    2.0      2.0      5.0      0.0      3.0      17.0     0.0      1.0      0.0      0.0      0.0      1.0      0.0      0.0      15.0     0.0      19.0     66.0     0.0      8.0      1.0      0.0      0.0      0.0      0.0      1.0      0.0      4.0      0.0      0.0      1.0      0.0      0.0      0.0      0.0      0.0      0.0      14.0     13.0     1.0      2.0      0.0      0.0      0.0      1.0      1.0      0.0      0.0      3.0      1.0      1.0      1.0      0.0      1.0      4.0      5.0      0.0      3.0      0.0      1.0      0.0      2.0      0.0      4.0      0.0      0.0      0.0      0.0      0.0      0.0      0.0      0.0      1.0      0.0      19.0     4.0      1.0      2.0      0.0      0.0      0.0      0.0      0.0      0.0      0.0      0.0      0.0      0.0      0.0      1.0      0.0      0.0      2.0      0.0      0.0      0.0      0.0      0.0      1.0      0.0      0.0      0.0      1.0      0.0      0.0      0.0      0.0      0.0      0.0      2.0      0.0      2.0      9.0      0.0      0.0      6.0      0.0      4.0      0.0      0.0      0.0     
4.0      1.0      1.0      507.0    21.0     1.0      0.0      0.0      0.0      0.0      0.0      49.0     0.0      0.0      23.0     60.0     20.0     8.0      1.0      3.0      0.0      0.0      1.0      1.0      31.0     60.0     31.0     47.0     125.0    1.0      1.0      11.0     0.0      25.0     4.0      9.0      2.0      25.0     0.0      0.0      37.0     0.0      0.0      69.0     1.0      22.0     0.0      1.0      32.0     103.0    0.0      0.0      0.0      0.0      6.0      46.0     12.0     1.0      0.0      1.0      0.0      0.0      0.0      0.0      0.0      0.0      1.0      55.0     110.0    4.0      1.0      0.0      59.0     90.0     0.0      0.0      0.0      0.0      0.0      0.0      0.0      0.0      0.0      0.0      0.0      0.0      1.0      0.0      0.0      0.0      0.0      1.0      0.0      0.0      0.0      0.0      0.0      0.0      0.0      0.0      1.0      1.0      0.0      0.0      2.0      0.0      0.0      0.0      5.0      1.0      0.0      0.0      0.0      0.0      0.0      1.0      0.0      0.0      0.0      0.0      0.0      0.0      0.0      2.0      5.0      0.0      0.0      0.0      0.0      0.0      1.0      1.0      0.0      0.0      0.0      0.0      0.0      0.0      0.0      0.0      0.0      0.0      0.0      0.0      0.0      0.0      0.0      0.0      0.0      0.0     
202.0    2.0      2.0      21.0     1118.0   207.0    10.0     10.0     0.0      1.0      12.0     8.0      36.0     3.0      68.0     137.0    8.0      6.0      14.0     28.0     0.0      28.0     3.0      64.0     16.0     5.0      60.0     77.0     19.0     17.0     3.0      215.0    0.0      25.0     18.0     0.0      1.0      9.0      12.0     1.0      7.0      0.0      24.0     64.0     26.0     36.0     4.0      59.0     242.0    26.0     1.0      3.0      2.0      41.0     2.0      0.0      37.0     7.0      3.0      0.0      0.0      25.0     0.0      2.0      19.0     3.0      8.0      63.0     1.0      6.0      22.0     8.0      2.0      25.0     0.0      52.0     0.0      0.0      0.0      94.0     153.0    0.0      0.0      0.0      0.0      1.0      1.0      10.0     9.0      52.0     16.0     0.0      0.0      0.0      0.0      0.0      0.0      0.0      14.0     0.0      0.0      0.0      0.0      2.0      2.0      3.0      0.0      0.0      0.0      0.0      0.0      0.0      0.0      7.0      0.0      0.0      0.0      0.0      2.0      0.0      0.0      0.0      0.0      0.0      0.0      0.0      0.0      24.0     43.0     0.0      0.0      0.0      0.0      0.0      0.0      0.0      0.0      19.0     0.0      1.0      1.0      7.0      0.0      1.0      0.0      0.0      2.0      0.0      0.0      0.0     
182.0    1.0      1.0      1.0      207.0    1379.0   229.0    101.0    14.0     29.0     3.0      14.0     70.0     96.0     93.0     402.0    14.0     10.0     7.0      5.0      0.0      1.0      1.0      127.0    5.0      0.0      42.0     16.0     0.0      156.0    102.0    104.0    0.0      9.0      6.0      0.0      0.0      2.0      62.0     32.0     0.0      0.0      3.0      27.0     2.0      3.0      15.0     3.0      41.0     87.0     0.0      1.0      23.0     39.0     6.0      0.0      9.0      1.0      2.0      0.0      0.0      3.0      11.0     37.0     22.0     69.0     247.0    17.0     0.0      0.0      177.0    104.0    0.0      7.0      0.0      165.0    0.0      0.0      0.0      250.0    320.0    1.0      0.0      0.0      0.0      0.0      21.0     14.0     21.0     149.0    61.0     0.0      0.0      0.0      0.0      0.0      0.0      0.0      43.0     0.0      0.0      0.0      0.0      1.0      3.0      27.0     0.0      0.0      0.0      0.0      0.0      0.0      0.0      13.0     1.0      0.0      0.0      0.0      1.0      0.0      0.0      0.0      0.0      0.0      7.0      0.0      0.0      128.0    66.0     0.0      0.0      0.0      0.0      0.0      0.0      0.0      0.0      19.0     1.0      3.0      0.0      128.0    0.0      0.0      0.0      0.0      3.0      0.0      0.0      0.0     
5.0      0.0      2.0      0.0      10.0     229.0    652.0    167.0    33.0     48.0     3.0      25.0     17.0     20.0     26.0     297.0    3.0      4.0      4.0      0.0      0.0      0.0      0.0      3.0      3.0      0.0      17.0     0.0      2.0      138.0    3.0      9.0      0.0      3.0      0.0      0.0      0.0      1.0      18.0     8.0      0.0      0.0      0.0      5.0      0.0      0.0      16.0     0.0      10.0     21.0     0.0      0.0      4.0      1.0      11.0     0.0      2.0      0.0      3.0      0.0      0.0      1.0      1.0      2.0      0.0      66.0     166.0    0.0      5.0      0.0      15.0     117.0    0.0      4.0      0.0      0.0      0.0      1.0      0.0      0.0      12.0     0.0      0.0      1.0      1.0      0.0      23.0     0.0      0.0      26.0     1.0      1.0      2.0      0.0      0.0      0.0      0.0      0.0      0.0      0.0      0.0      0.0      0.0      1.0      3.0      0.0      0.0      0.0      1.0      0.0      0.0      0.0      0.0      0.0      0.0      0.0      0.0      0.0      2.0      0.0      0.0      0.0      0.0      1.0      7.0      0.0      0.0      18.0     4.0      2.0      0.0      0.0      0.0      0.0      0.0      0.0      0.0      0.0      0.0      0.0      1.0      65.0     0.0      9.0      1.0      0.0      5.0      0.0      0.0      0.0     
6.0      0.0      7.0      0.0      10.0     101.0    167.0    358.0    40.0     19.0     1.0      4.0      9.0      12.0     3.0      88.0     4.0      8.0      1.0      0.0      0.0      0.0      0.0      5.0      2.0      0.0      6.0      0.0      21.0     98.0     4.0      7.0      0.0      5.0      0.0      0.0      0.0      1.0      8.0      5.0      0.0      0.0      0.0      4.0      0.0      0.0      77.0     0.0      7.0      16.0     0.0      0.0      5.0      0.0      2.0      0.0      2.0      0.0      0.0      0.0      0.0      0.0      2.0      1.0      2.0      12.0     72.0     0.0      9.0      1.0      11.0     122.0    0.0      4.0      0.0      0.0      0.0      0.0      1.0      0.0      3.0      0.0      0.0      0.0      0.0      0.0      7.0      0.0      0.0      1.0      4.0      1.0      3.0      0.0      0.0      0.0      0.0      1.0      0.0      0.0      0.0      0.0      0.0      0.0      1.0      0.0      0.0      0.0      0.0      1.0      0.0      0.0      0.0      0.0      0.0      0.0      0.0      0.0      3.0      0.0      0.0      0.0      0.0      0.0      8.0      0.0      0.0      4.0      0.0      0.0      0.0      0.0      0.0      0.0      0.0      0.0      0.0      0.0      0.0      0.0      0.0      10.0     0.0      2.0      0.0      0.0      1.0      0.0      0.0      0.0     
0.0      0.0      0.0      0.0      0.0      14.0     33.0     40.0     81.0     37.0     0.0      0.0      0.0      0.0      0.0      3.0      0.0      0.0      0.0      0.0      0.0      0.0      0.0      1.0      6.0      0.0      4.0      0.0      0.0      22.0     0.0      2.0      0.0      0.0      0.0      0.0      0.0      0.0      0.0      0.0      0.0      0.0      0.0      0.0      0.0      0.0      1.0      0.0      0.0      0.0      0.0      0.0      0.0      0.0      0.0      0.0      5.0      0.0      0.0      0.0      0.0      0.0      0.0      0.0      1.0      4.0      53.0     0.0      0.0      0.0      1.0      34.0     0.0      0.0      0.0      0.0      0.0      0.0      0.0      0.0      4.0      0.0      0.0      0.0      0.0      0.0      0.0      0.0      0.0      2.0      3.0      0.0      0.0      0.0      0.0      0.0      0.0      0.0      0.0      0.0      0.0      0.0      1.0      0.0      0.0      0.0      0.0      0.0      0.0      0.0      0.0      0.0      0.0      0.0      0.0      0.0      0.0      0.0      0.0      0.0      0.0      0.0      0.0      0.0      0.0      0.0      0.0      1.0      1.0      0.0      0.0      0.0      0.0      0.0      0.0      0.0      0.0      0.0      0.0      0.0      0.0      7.0      0.0      0.0      0.0      0.0      1.0      0.0      0.0      0.0     
1.0      0.0      0.0      0.0      1.0      29.0     48.0     19.0     37.0     279.0    4.0      0.0      0.0      0.0      0.0      2.0      0.0      0.0      5.0      0.0      0.0      4.0      98.0     0.0      14.0     0.0      82.0     0.0      0.0      34.0     0.0      6.0      0.0      0.0      2.0      0.0      0.0      0.0      0.0      0.0      0.0      0.0      0.0      65.0     103.0    0.0      0.0      0.0      0.0      0.0      16.0     0.0      0.0      0.0      0.0      0.0      22.0     0.0      0.0      0.0      2.0      18.0     0.0      1.0      0.0      59.0     141.0    0.0      0.0      0.0      5.0      18.0     0.0      3.0      0.0      0.0      1.0      0.0      0.0      0.0      5.0      0.0      0.0      0.0      1.0      9.0      0.0      0.0      0.0      8.0      2.0      0.0      0.0      1.0      0.0      0.0      0.0      2.0      0.0      1.0      0.0      1.0      1.0      1.0      0.0      0.0      1.0      0.0      0.0      1.0      0.0      0.0      0.0      0.0      0.0      0.0      0.0      2.0      7.0      14.0     0.0      0.0      0.0      1.0      0.0      1.0      1.0      6.0      1.0      0.0      0.0      0.0      0.0      0.0      0.0      1.0      3.0      0.0      0.0      0.0      10.0     39.0     0.0      0.0      0.0      0.0      0.0      0.0      0.0      0.0     
17.0     14.0     0.0      0.0      12.0     3.0      3.0      1.0      0.0      4.0      485.0    0.0      0.0      0.0      2.0      3.0      2.0      0.0      5.0      127.0    5.0      13.0     37.0     5.0      0.0      0.0      0.0      1.0      1.0      6.0      7.0      27.0     0.0      3.0      1.0      0.0      3.0      1.0      0.0      0.0      0.0      0.0      11.0     18.0     352.0    1.0      0.0      0.0      26.0     0.0      15.0     2.0      1.0      0.0      0.0      0.0      0.0      3.0      3.0      0.0      2.0      29.0     0.0      0.0      0.0      70.0     102.0    0.0      0.0      1.0      2.0      2.0      0.0      4.0      0.0      0.0      2.0      0.0      0.0      0.0      0.0      0.0      0.0      0.0      0.0      93.0     0.0      0.0      0.0      0.0      0.0      0.0      0.0      24.0     20.0     1.0      0.0      10.0     0.0      0.0      0.0      0.0      0.0      0.0      2.0      0.0      0.0      0.0      1.0      0.0      0.0      2.0      7.0      0.0      0.0      0.0      0.0      12.0     14.0     107.0    0.0      0.0      0.0      1.0      0.0      5.0      1.0      0.0      0.0      0.0      0.0      0.0      9.0      4.0      2.0      0.0      12.0     0.0      0.0      0.0      86.0     57.0     0.0      0.0      0.0      0.0      0.0      5.0      7.0      0.0     
4.0      0.0      0.0      49.0     8.0      14.0     25.0     4.0      0.0      0.0      0.0      640.0    0.0      4.0      47.0     317.0    0.0      1.0      0.0      0.0      0.0      0.0      0.0      0.0      1.0      7.0      2.0      9.0      16.0     11.0     0.0      5.0      0.0      0.0      0.0      1.0      1.0      3.0      1.0      23.0     1.0      0.0      0.0      9.0      0.0      5.0      7.0      0.0      0.0      255.0    0.0      0.0      50.0     1.0      108.0    3.0      1.0      0.0      0.0      0.0      0.0      0.0      0.0      0.0      0.0      1.0      4.0      10.0     85.0     1.0      2.0      6.0      7.0      7.0      0.0      0.0      0.0      0.0      0.0      0.0      1.0      2.0      0.0      0.0      0.0      0.0      54.0     0.0      3.0      6.0      3.0      4.0      2.0      0.0      0.0      0.0      0.0      0.0      0.0      0.0      0.0      0.0      0.0      2.0      2.0      0.0      0.0      0.0      2.0      0.0      0.0      0.0      1.0      0.0      2.0      0.0      0.0      0.0      1.0      0.0      0.0      0.0      0.0      3.0      15.0     0.0      0.0      10.0     1.0      2.0      0.0      0.0      0.0      0.0      0.0      0.0      0.0      0.0      0.0      0.0      0.0      11.0     0.0      23.0     0.0      0.0      1.0      0.0      0.0      0.0     
1.0      0.0      1.0      0.0      36.0     70.0     17.0     9.0      0.0      0.0      0.0      0.0      254.0    21.0     44.0     77.0     0.0      0.0      0.0      0.0      0.0      0.0      0.0      34.0     0.0      0.0      3.0      3.0      0.0      11.0     0.0      0.0      0.0      0.0      0.0      0.0      0.0      0.0      134.0    1.0      0.0      0.0      0.0      0.0      0.0      0.0      2.0      48.0     4.0      159.0    0.0      0.0      0.0      27.0     2.0      0.0      0.0      0.0      0.0      0.0      0.0      0.0      13.0     0.0      0.0      4.0      6.0      6.0      0.0      0.0      0.0      6.0      0.0      0.0      0.0      1.0      0.0      0.0      0.0      0.0      17.0     0.0      0.0      0.0      0.0      0.0      0.0      5.0      21.0     21.0     0.0      0.0      0.0      0.0      0.0      0.0      0.0      0.0      2.0      0.0      0.0      0.0      0.0      0.0      0.0      0.0      0.0      0.0      0.0      0.0      0.0      0.0      0.0      8.0      2.0      0.0      0.0      0.0      0.0      0.0      0.0      0.0      0.0      0.0      3.0      0.0      0.0      16.0     1.0      0.0      0.0      0.0      0.0      0.0      0.0      0.0      0.0      6.0      0.0      0.0      0.0      13.0     0.0      0.0      0.0      0.0      0.0      0.0      0.0      0.0     
0.0      0.0      0.0      0.0      3.0      96.0     20.0     12.0     0.0      0.0      0.0      4.0      21.0     270.0    11.0     74.0     0.0      0.0      0.0      0.0      0.0      0.0      0.0      2.0      0.0      0.0      2.0      0.0      1.0      18.0     0.0      0.0      0.0      0.0      0.0      0.0      0.0      0.0      55.0     99.0     0.0      0.0      0.0      0.0      0.0      0.0      0.0      0.0      0.0      71.0     0.0      0.0      32.0     2.0      6.0      0.0      0.0      0.0      0.0      0.0      0.0      0.0      11.0     0.0      0.0      8.0      15.0     0.0      1.0      0.0      0.0      11.0     0.0      0.0      0.0      0.0      0.0      0.0      0.0      0.0      7.0      0.0      0.0      0.0      0.0      0.0      12.0     4.0      25.0     16.0     0.0      0.0      0.0      0.0      0.0      0.0      0.0      0.0      0.0      0.0      0.0      0.0      0.0      0.0      0.0      0.0      0.0      0.0      0.0      0.0      0.0      0.0      0.0      8.0      5.0      0.0      0.0      0.0      0.0      0.0      0.0      0.0      0.0      0.0      10.0     0.0      0.0      24.0     1.0      0.0      0.0      0.0      0.0      0.0      0.0      0.0      0.0      0.0      0.0      0.0      0.0      18.0     0.0      0.0      0.0      0.0      0.0      0.0      0.0      0.0     
30.0     0.0      1.0      23.0     68.0     93.0     26.0     3.0      0.0      0.0      2.0      47.0     44.0     11.0     1225.0   290.0    42.0     40.0     22.0     20.0     0.0      0.0      0.0      43.0     9.0      10.0     28.0     21.0     58.0     13.0     2.0      12.0     0.0      40.0     3.0      6.0      2.0      31.0     28.0     1.0      13.0     0.0      5.0      48.0     8.0      6.0      0.0      11.0     196.0    89.0     0.0      0.0      256.0    165.0    108.0    0.0      16.0     12.0     7.0      0.0      0.0      0.0      24.0     0.0      8.0      5.0      24.0     23.0     47.0     29.0     0.0      2.0      10.0     55.0     0.0      3.0      0.0      0.0      1.0      2.0      64.0     0.0      1.0      0.0      0.0      0.0      24.0     15.0     94.0     66.0     12.0     1.0      0.0      0.0      0.0      0.0      0.0      0.0      9.0      0.0      1.0      0.0      0.0      3.0      1.0      0.0      0.0      0.0      1.0      0.0      0.0      0.0      0.0      36.0     18.0     0.0      0.0      0.0      0.0      0.0      0.0      0.0      0.0      1.0      26.0     0.0      0.0      75.0     11.0     0.0      0.0      0.0      0.0      0.0      0.0      0.0      0.0      14.0     0.0      0.0      0.0      59.0     0.0      4.0      0.0      0.0      1.0      0.0      0.0      0.0     
36.0     1.0      123.0    60.0     137.0    402.0    297.0    88.0     3.0      2.0      3.0      317.0    77.0     74.0     290.0    3469.0   48.0     52.0     54.0     26.0     0.0      0.0      2.0      87.0     21.0     16.0     109.0    51.0     320.0    61.0     16.0     57.0     1.0      51.0     4.0      4.0      6.0      38.0     44.0     43.0     22.0     0.0      4.0      93.0     11.0     15.0     41.0     19.0     345.0    217.0    2.0      0.0      104.0    18.0     354.0    1.0      37.0     23.0     25.0     1.0      0.0      1.0      14.0     6.0      21.0     16.0     68.0     59.0     200.0    30.0     73.0     17.0     14.0     85.0     0.0      55.0     0.0      4.0      1.0      52.0     39.0     2.0      2.0      2.0      8.0      1.0      39.0     9.0      9.0      45.0     38.0     1.0      5.0      0.0      1.0      0.0      0.0      1.0      11.0     1.0      0.0      3.0      1.0      27.0     18.0     6.0      1.0      0.0      2.0      0.0      0.0      0.0      0.0      7.0      1.0      1.0      0.0      0.0      7.0      0.0      4.0      1.0      0.0      2.0      21.0     1.0      0.0      28.0     12.0     1.0      0.0      2.0      0.0      0.0      0.0      0.0      0.0      3.0      2.0      0.0      8.0      137.0    0.0      20.0     4.0      0.0      13.0     0.0      2.0      0.0     
35.0     0.0      3.0      20.0     8.0      14.0     3.0      4.0      0.0      0.0      2.0      0.0      0.0      0.0      42.0     48.0     379.0    171.0    1.0      2.0      0.0      1.0      21.0     33.0     14.0     13.0     16.0     26.0     27.0     6.0      27.0     92.0     0.0      196.0    66.0     1.0      13.0     7.0      0.0      0.0      20.0     0.0      8.0      170.0    4.0      10.0     5.0      6.0      285.0    76.0     5.0      0.0      2.0      8.0      6.0      1.0      7.0      0.0      1.0      0.0      1.0      0.0      1.0      30.0     3.0      4.0      3.0      34.0     6.0      1.0      19.0     3.0      11.0     21.0     0.0      0.0      0.0      0.0      1.0      0.0      0.0      1.0      1.0      0.0      0.0      0.0      0.0      0.0      0.0      0.0      1.0      0.0      2.0      0.0      0.0      0.0      0.0      0.0      0.0      0.0      0.0      1.0      0.0      2.0      0.0      0.0      0.0      0.0      0.0      0.0      0.0      0.0      0.0      0.0      0.0      0.0      0.0      1.0      1.0      1.0      0.0      0.0      0.0      0.0      0.0      0.0      0.0      1.0      0.0      0.0      0.0      1.0      0.0      0.0      0.0      0.0      0.0      0.0      0.0      0.0      0.0      1.0      0.0      0.0      1.0      0.0      0.0      0.0      0.0      0.0     
35.0     0.0      0.0      8.0      6.0      10.0     4.0      8.0      0.0      0.0      0.0      1.0      0.0      0.0      40.0     52.0     171.0    287.0    2.0      1.0      0.0      0.0      0.0      54.0     3.0      3.0      4.0      7.0      19.0     6.0      29.0     51.0     0.0      131.0    26.0     1.0      2.0      3.0      0.0      0.0      4.0      0.0      0.0      109.0    0.0      5.0      8.0      15.0     185.0    84.0     1.0      0.0      4.0      9.0      11.0     0.0      0.0      1.0      1.0      0.0      1.0      0.0      2.0      23.0     14.0     1.0      1.0      9.0      5.0      1.0      9.0      4.0      2.0      35.0     0.0      0.0      0.0      0.0      0.0      0.0      0.0      0.0      0.0      0.0      0.0      0.0      6.0      0.0      0.0      0.0      0.0      1.0      2.0      0.0      0.0      0.0      0.0      0.0      0.0      0.0      0.0      0.0      0.0      1.0      0.0      0.0      0.0      0.0      0.0      0.0      0.0      0.0      0.0      0.0      0.0      0.0      0.0      1.0      1.0      1.0      0.0      0.0      0.0      1.0      3.0      0.0      0.0      1.0      0.0      0.0      0.0      0.0      0.0      0.0      0.0      0.0      0.0      0.0      0.0      0.0      0.0      1.0      0.0      4.0      1.0      0.0      0.0      0.0      0.0      0.0     
8.0      57.0     0.0      1.0      14.0     7.0      4.0      1.0      0.0      5.0      5.0      0.0      0.0      0.0      22.0     54.0     1.0      2.0      594.0    59.0     23.0     0.0      10.0     5.0      12.0     0.0      71.0     0.0      5.0      41.0     6.0      27.0     0.0      41.0     31.0     0.0      26.0     13.0     0.0      0.0      2.0      0.0      17.0     60.0     16.0     0.0      0.0      0.0      149.0    2.0      40.0     0.0      6.0      0.0      19.0     0.0      22.0     124.0    211.0    27.0     18.0     15.0     0.0      2.0      1.0      61.0     17.0     0.0      1.0      2.0      1.0      3.0      9.0      77.0     0.0      0.0      2.0      0.0      1.0      0.0      0.0      0.0      0.0      0.0      0.0      2.0      0.0      0.0      0.0      0.0      1.0      0.0      0.0      1.0      6.0      2.0      0.0      0.0      0.0      0.0      1.0      0.0      0.0      1.0      0.0      0.0      2.0      0.0      0.0      0.0      0.0      1.0      3.0      0.0      0.0      0.0      0.0      1.0      0.0      18.0     0.0      0.0      0.0      1.0      0.0      0.0      0.0      0.0      0.0      0.0      1.0      0.0      3.0      0.0      0.0      0.0      1.0      0.0      0.0      0.0      2.0      13.0     0.0      0.0      0.0      0.0      0.0      3.0      2.0      0.0     
21.0     79.0     0.0      3.0      28.0     5.0      0.0      0.0      0.0      0.0      127.0    0.0      0.0      0.0      20.0     26.0     2.0      1.0      59.0     887.0    47.0     7.0      22.0     5.0      0.0      0.0      21.0     2.0      4.0      0.0      8.0      36.0     0.0      29.0     26.0     0.0      24.0     17.0     0.0      0.0      0.0      0.0      31.0     128.0    276.0    2.0      0.0      0.0      96.0     2.0      77.0     0.0      1.0      0.0      1.0      0.0      6.0      21.0     80.0     12.0     16.0     54.0     0.0      0.0      0.0      92.0     35.0     0.0      0.0      3.0      4.0      0.0      5.0      43.0     0.0      0.0      5.0      0.0      0.0      0.0      0.0      0.0      1.0      1.0      0.0      100.0    1.0      0.0      0.0      0.0      1.0      0.0      0.0      28.0     52.0     3.0      0.0      3.0      0.0      1.0      0.0      0.0      0.0      2.0      4.0      0.0      1.0      0.0      1.0      0.0      0.0      8.0      19.0     0.0      0.0      0.0      0.0      15.0     4.0      109.0    0.0      1.0      0.0      1.0      0.0      7.0      0.0      0.0      0.0      0.0      0.0      0.0      13.0     6.0      3.0      6.0      6.0      0.0      0.0      0.0      63.0     35.0     0.0      0.0      0.0      0.0      2.0      6.0      17.0     0.0     
0.0      36.0     0.0      0.0      0.0      0.0      0.0      0.0      0.0      0.0      5.0      0.0      0.0      0.0      0.0      0.0      0.0      0.0      23.0     47.0     232.0    23.0     32.0     0.0      0.0      0.0      4.0      0.0      0.0      0.0      0.0      0.0      0.0      0.0      0.0      0.0      3.0      0.0      0.0      0.0      0.0      0.0      50.0     59.0     12.0     0.0      0.0      0.0      0.0      0.0      87.0     29.0     0.0      0.0      0.0      0.0      1.0      11.0     16.0     8.0      50.0     102.0    0.0      0.0      0.0      5.0      0.0      0.0      0.0      0.0      0.0      0.0      0.0      0.0      0.0      0.0      0.0      0.0      0.0      0.0      0.0      0.0      0.0      0.0      0.0      0.0      0.0      0.0      0.0      0.0      0.0      0.0      0.0      0.0      0.0      0.0      0.0      0.0      0.0      0.0      0.0      0.0      0.0      0.0      0.0      0.0      0.0      0.0      0.0      0.0      0.0      0.0      0.0      0.0      0.0      0.0      0.0      0.0      0.0      0.0      0.0      0.0      0.0      0.0      0.0      0.0      0.0      0.0      0.0      0.0      0.0      0.0      0.0      0.0      0.0      0.0      0.0      0.0      0.0      0.0      0.0      0.0      0.0      0.0      0.0      0.0      0.0      0.0      0.0      0.0     
24.0     36.0     0.0      0.0      28.0     1.0      0.0      0.0      0.0      4.0      13.0     0.0      0.0      0.0      0.0      0.0      1.0      0.0      0.0      7.0      23.0     263.0    14.0     7.0      0.0      0.0      2.0      0.0      0.0      3.0      11.0     50.0     0.0      12.0     4.0      0.0      2.0      1.0      0.0      0.0      0.0      0.0      40.0     32.0     52.0     0.0      0.0      0.0      42.0     0.0      3.0      69.0     0.0      0.0      0.0      0.0      0.0      0.0      1.0      0.0      0.0      123.0    0.0      0.0      0.0      5.0      0.0      0.0      0.0      0.0      2.0      0.0      0.0      10.0     0.0      0.0      0.0      0.0      0.0      0.0      0.0      0.0      0.0      0.0      0.0      3.0      0.0      0.0      0.0      0.0      0.0      0.0      0.0      0.0      2.0      0.0      1.0      0.0      0.0      0.0      0.0      0.0      0.0      0.0      0.0      0.0      2.0      0.0      0.0      0.0      0.0      0.0      1.0      0.0      0.0      0.0      0.0      2.0      0.0      5.0      0.0      0.0      0.0      0.0      0.0      0.0      0.0      0.0      0.0      0.0      0.0      0.0      0.0      0.0      0.0      0.0      1.0      0.0      0.0      0.0      3.0      0.0      0.0      0.0      0.0      0.0      0.0      1.0      0.0      0.0     
3.0      6.0      4.0      1.0      3.0      1.0      0.0      0.0      0.0      98.0     37.0     0.0      0.0      0.0      0.0      2.0      21.0     0.0      10.0     22.0     32.0     14.0     330.0    2.0      7.0      0.0      65.0     7.0      1.0      10.0     0.0      13.0     0.0      10.0     58.0     0.0      0.0      1.0      0.0      0.0      0.0      0.0      13.0     139.0    160.0    4.0      0.0      0.0      31.0     0.0      52.0     4.0      0.0      0.0      0.0      0.0      17.0     5.0      6.0      1.0      2.0      101.0    0.0      1.0      0.0      54.0     28.0     7.0      0.0      0.0      1.0      0.0      2.0      4.0      0.0      0.0      1.0      0.0      0.0      0.0      0.0      0.0      0.0      0.0      0.0      8.0      0.0      0.0      0.0      0.0      1.0      0.0      0.0      0.0      0.0      0.0      0.0      0.0      0.0      0.0      0.0      1.0      0.0      0.0      0.0      0.0      2.0      0.0      0.0      0.0      0.0      0.0      0.0      0.0      0.0      0.0      0.0      4.0      8.0      14.0     0.0      0.0      0.0      0.0      0.0      2.0      1.0      0.0      0.0      0.0      0.0      1.0      0.0      0.0      0.0      1.0      4.0      0.0      0.0      0.0      8.0      16.0     1.0      0.0      0.0      0.0      0.0      0.0      0.0      0.0     
267.0    2.0      0.0      1.0      64.0     127.0    3.0      5.0      1.0      0.0      5.0      0.0      34.0     2.0      43.0     87.0     33.0     54.0     5.0      5.0      0.0      7.0      2.0      836.0    4.0      1.0      12.0     8.0      1.0      5.0      229.0    170.0    0.0      27.0     22.0     0.0      0.0      0.0      4.0      2.0      1.0      0.0      6.0      41.0     11.0     5.0      1.0      126.0    72.0     5.0      2.0      0.0      4.0      12.0     1.0      0.0      8.0      2.0      4.0      0.0      0.0      12.0     35.0     75.0     199.0    1.0      112.0    6.0      0.0      0.0      14.0     7.0      0.0      2.0      0.0      165.0    0.0      0.0      0.0      133.0    52.0     0.0      0.0      0.0      0.0      0.0      1.0      2.0      3.0      8.0      29.0     3.0      2.0      0.0      0.0      0.0      0.0      0.0      45.0     0.0      0.0      0.0      0.0      0.0      1.0      19.0     2.0      0.0      1.0      1.0      0.0      0.0      0.0      1.0      0.0      0.0      0.0      0.0      1.0      0.0      0.0      0.0      1.0      3.0      1.0      0.0      0.0      1.0      15.0     0.0      0.0      0.0      0.0      0.0      0.0      0.0      0.0      4.0      4.0      0.0      1.0      2.0      0.0      0.0      0.0      3.0      0.0      0.0      0.0      0.0     
7.0      1.0      0.0      31.0     16.0     5.0      3.0      2.0      6.0      14.0     0.0      1.0      0.0      0.0      9.0      21.0     14.0     3.0      12.0     0.0      0.0      0.0      7.0      4.0      880.0    39.0     176.0    46.0     43.0     38.0     9.0      31.0     0.0      56.0     34.0     1.0      74.0     140.0    0.0      0.0      2.0      0.0      0.0      67.0     2.0      29.0     1.0      0.0      71.0     2.0      23.0     0.0      2.0      0.0      2.0      84.0     204.0    0.0      15.0     14.0     38.0     0.0      0.0      4.0      0.0      7.0      53.0     25.0     7.0      1.0      4.0      7.0      126.0    289.0    3.0      0.0      0.0      0.0      2.0      0.0      0.0      0.0      0.0      1.0      0.0      2.0      0.0      0.0      0.0      0.0      0.0      1.0      0.0      1.0      1.0      0.0      0.0      2.0      0.0      6.0      4.0      0.0      0.0      1.0      1.0      0.0      0.0      0.0      4.0      2.0      0.0      0.0      11.0     0.0      0.0      0.0      0.0      0.0      1.0      3.0      0.0      0.0      0.0      1.0      0.0      0.0      0.0      0.0      0.0      0.0      2.0      0.0      0.0      1.0      0.0      0.0      0.0      0.0      0.0      0.0      4.0      29.0     0.0      0.0      0.0      0.0      2.0      6.0      8.0      0.0     
1.0      0.0      3.0      60.0     5.0      0.0      0.0      0.0      0.0      0.0      0.0      7.0      0.0      0.0      10.0     16.0     13.0     3.0      0.0      0.0      0.0      0.0      0.0      1.0      39.0     558.0    51.0     33.0     66.0     1.0      1.0      8.0      0.0      62.0     6.0      70.0     14.0     67.0     0.0      0.0      117.0    0.0      0.0      113.0    0.0      29.0     0.0      0.0      22.0     6.0      0.0      0.0      0.0      0.0      9.0      92.0     68.0     0.0      0.0      0.0      0.0      0.0      0.0      0.0      0.0      0.0      23.0     42.0     29.0     0.0      0.0      1.0      107.0    148.0    8.0      0.0      0.0      0.0      0.0      0.0      0.0      0.0      0.0      0.0      0.0      0.0      1.0      0.0      0.0      0.0      0.0      0.0      0.0      0.0      0.0      0.0      0.0      0.0      0.0      4.0      4.0      0.0      3.0      2.0      1.0      0.0      0.0      0.0      1.0      0.0      0.0      0.0      1.0      0.0      0.0      0.0      0.0      0.0      0.0      0.0      3.0      0.0      0.0      0.0      0.0      0.0      0.0      0.0      0.0      0.0      2.0      0.0      0.0      1.0      0.0      0.0      0.0      0.0      0.0      0.0      1.0      13.0     4.0      1.0      0.0      0.0      0.0      0.0      2.0      0.0     
25.0     17.0     31.0     31.0     60.0     42.0     17.0     6.0      4.0      82.0     0.0      2.0      3.0      2.0      28.0     109.0    16.0     4.0      71.0     21.0     4.0      2.0      65.0     12.0     176.0    51.0     2309.0   40.0     41.0     334.0    15.0     90.0     2.0      148.0    117.0    2.0      150.0    87.0     3.0      1.0      21.0     0.0      1.0      240.0    57.0     28.0     47.0     1.0      267.0    11.0     108.0    0.0      9.0      1.0      7.0      14.0     686.0    2.0      40.0     27.0     77.0     12.0     0.0      5.0      3.0      361.0    101.0    116.0    14.0     0.0      16.0     19.0     69.0     249.0    11.0     0.0      1.0      12.0     3.0      0.0      1.0      1.0      4.0      2.0      1.0      5.0      3.0      0.0      1.0      3.0      13.0     2.0      0.0      1.0      0.0      0.0      0.0      1.0      0.0      12.0     4.0      7.0      9.0      17.0     13.0     2.0      2.0      0.0      3.0      4.0      0.0      2.0      9.0      0.0      1.0      2.0      0.0      0.0      6.0      5.0      13.0     4.0      0.0      2.0      0.0      1.0      0.0      2.0      0.0      0.0      0.0      3.0      2.0      0.0      1.0      0.0      0.0      0.0      1.0      0.0      7.0      39.0     7.0      2.0      2.0      2.0      7.0      4.0      7.0      0.0     
22.0     0.0      55.0     47.0     77.0     16.0     0.0      0.0      0.0      0.0      1.0      9.0      3.0      0.0      21.0     51.0     26.0     7.0      0.0      2.0      0.0      0.0      7.0      8.0      46.0     33.0     40.0     1193.0   129.0    1.0      10.0     81.0     0.0      32.0     28.0     2.0      68.0     34.0     3.0      0.0      8.0      0.0      1.0      89.0     0.0      574.0    2.0      5.0      121.0    15.0     15.0     0.0      0.0      0.0      7.0      6.0      26.0     0.0      0.0      2.0      3.0      0.0      0.0      5.0      2.0      0.0      17.0     521.0    27.0     14.0     6.0      0.0      50.0     57.0     3.0      0.0      0.0      0.0      0.0      0.0      0.0      0.0      1.0      0.0      0.0      0.0      1.0      0.0      1.0      1.0      1.0      1.0      3.0      0.0      0.0      0.0      0.0      0.0      0.0      0.0      0.0      2.0      5.0      7.0      0.0      0.0      2.0      0.0      0.0      1.0      0.0      0.0      0.0      0.0      0.0      0.0      0.0      0.0      2.0      0.0      0.0      0.0      0.0      0.0      0.0      0.0      0.0      0.0      0.0      0.0      0.0      0.0      0.0      0.0      0.0      0.0      0.0      1.0      0.0      0.0      1.0      1.0      7.0      0.0      0.0      0.0      0.0      0.0      0.0      0.0     
5.0      0.0      168.0    125.0    19.0     0.0      2.0      21.0     0.0      0.0      1.0      16.0     0.0      1.0      58.0     320.0    27.0     19.0     5.0      4.0      0.0      0.0      1.0      1.0      43.0     66.0     41.0     129.0    1877.0   8.0      4.0      13.0     12.0     114.0    11.0     46.0     16.0     38.0     0.0      1.0      113.0    0.0      0.0      122.0    0.0      177.0    12.0     1.0      65.0     20.0     1.0      0.0      10.0     0.0      48.0     18.0     13.0     0.0      1.0      0.0      2.0      0.0      0.0      0.0      1.0      1.0      26.0     168.0    390.0    56.0     0.0      6.0      85.0     122.0    30.0     1.0      0.0      1.0      19.0     0.0      1.0      4.0      12.0     0.0      0.0      0.0      13.0     0.0      1.0      1.0      17.0     1.0      7.0      0.0      0.0      0.0      0.0      0.0      0.0      4.0      1.0      2.0      1.0      23.0     9.0      0.0      3.0      0.0      5.0      1.0      0.0      0.0      11.0     0.0      0.0      0.0      0.0      0.0      1.0      0.0      0.0      5.0      0.0      1.0      12.0     0.0      0.0      1.0      0.0      0.0      5.0      2.0      0.0      0.0      0.0      0.0      0.0      0.0      2.0      0.0      0.0      13.0     1.0      4.0      2.0      0.0      8.0      6.0      10.0     0.0     
8.0      3.0      2.0      1.0      17.0     156.0    138.0    98.0     22.0     34.0     6.0      11.0     11.0     18.0     13.0     61.0     6.0      6.0      41.0     0.0      0.0      3.0      10.0     5.0      38.0     1.0      334.0    1.0      8.0      958.0    6.0      33.0     0.0      32.0     26.0     0.0      17.0     3.0      11.0     11.0     3.0      0.0      0.0      55.0     17.0     1.0      81.0     0.0      66.0     20.0     32.0     0.0      7.0      0.0      4.0      0.0      42.0     1.0      27.0     7.0      19.0     4.0      0.0      5.0      1.0      230.0    129.0    1.0      3.0      0.0      26.0     258.0    5.0      38.0     0.0      1.0      0.0      0.0      5.0      0.0      8.0      1.0      0.0      0.0      0.0      1.0      19.0     0.0      1.0      11.0     5.0      4.0      6.0      0.0      0.0      0.0      0.0      2.0      0.0      3.0      1.0      8.0      8.0      14.0     10.0     1.0      1.0      0.0      6.0      7.0      0.0      0.0      6.0      0.0      1.0      3.0      0.0      0.0      6.0      1.0      4.0      1.0      0.0      4.0      1.0      0.0      0.0      10.0     0.0      0.0      0.0      2.0      0.0      0.0      0.0      0.0      0.0      1.0      0.0      0.0      5.0      27.0     14.0     6.0      0.0      1.0      8.0      2.0      6.0      0.0     
159.0    3.0      2.0      1.0      3.0      102.0    3.0      4.0      0.0      0.0      7.0      0.0      0.0      0.0      2.0      16.0     27.0     29.0     6.0      8.0      0.0      11.0     0.0      229.0    9.0      1.0      15.0     10.0     4.0      6.0      458.0    241.0    0.0      25.0     30.0     0.0      0.0      0.0      0.0      0.0      0.0      0.0      18.0     34.0     19.0     4.0      0.0      5.0      71.0     1.0      2.0      1.0      0.0      0.0      3.0      0.0      9.0      4.0      4.0      0.0      1.0      18.0     0.0      98.0     24.0     2.0      103.0    6.0      0.0      0.0      60.0     5.0      0.0      2.0      0.0      76.0     0.0      0.0      0.0      42.0     25.0     0.0      0.0      0.0      0.0      0.0      1.0      0.0      0.0      2.0      23.0     3.0      6.0      1.0      0.0      0.0      0.0      0.0      42.0     0.0      0.0      0.0      0.0      1.0      1.0      27.0     0.0      0.0      2.0      2.0      0.0      0.0      0.0      0.0      0.0      0.0      0.0      0.0      3.0      0.0      0.0      0.0      0.0      3.0      1.0      0.0      0.0      1.0      0.0      0.0      0.0      0.0      0.0      0.0      0.0      0.0      0.0      0.0      7.0      0.0      1.0      1.0      0.0      0.0      0.0      1.0      0.0      0.0      1.0      0.0     
289.0    11.0     5.0      11.0     215.0    104.0    9.0      7.0      2.0      6.0      27.0     5.0      0.0      0.0      12.0     57.0     92.0     51.0     27.0     36.0     0.0      50.0     13.0     170.0    31.0     8.0      90.0     81.0     13.0     33.0     241.0    1024.0   0.0      71.0     90.0     0.0      0.0      2.0      0.0      0.0      9.0      0.0      68.0     116.0    65.0     32.0     0.0      7.0      278.0    6.0      4.0      16.0     7.0      0.0      6.0      1.0      51.0     9.0      17.0     1.0      1.0      88.0     0.0      100.0    29.0     13.0     71.0     72.0     4.0      4.0      122.0    8.0      1.0      11.0     0.0      22.0     0.0      1.0      0.0      7.0      13.0     1.0      0.0      0.0      0.0      0.0      0.0      0.0      0.0      0.0      9.0      5.0      6.0      0.0      0.0      0.0      0.0      2.0      20.0     0.0      0.0      0.0      1.0      0.0      2.0      11.0     26.0     0.0      1.0      2.0      0.0      0.0      2.0      0.0      0.0      0.0      0.0      1.0      3.0      2.0      1.0      1.0      0.0      4.0      2.0      0.0      0.0      0.0      0.0      0.0      0.0      0.0      0.0      0.0      0.0      0.0      0.0      0.0      4.0      0.0      0.0      4.0      0.0      0.0      0.0      3.0      1.0      1.0      1.0      0.0     
0.0      0.0      0.0      0.0      0.0      0.0      0.0      0.0      0.0      0.0      0.0      0.0      0.0      0.0      0.0      1.0      0.0      0.0      0.0      0.0      0.0      0.0      0.0      0.0      0.0      0.0      2.0      0.0      12.0     0.0      0.0      0.0      43.0     40.0     7.0      0.0      0.0      0.0      0.0      0.0      28.0     0.0      0.0      0.0      0.0      1.0      0.0      0.0      21.0     0.0      0.0      0.0      0.0      0.0      0.0      0.0      2.0      0.0      0.0      0.0      0.0      0.0      0.0      0.0      0.0      0.0      0.0      0.0      1.0      0.0      0.0      0.0      0.0      0.0      17.0     0.0      0.0      0.0      0.0      0.0      0.0      0.0      0.0      0.0      0.0      0.0      0.0      0.0      0.0      0.0      0.0      0.0      0.0      0.0      0.0      0.0      0.0      0.0      0.0      0.0      0.0      0.0      0.0      0.0      0.0      0.0      0.0      0.0      0.0      0.0      0.0      0.0      0.0      0.0      0.0      0.0      0.0      0.0      0.0      0.0      0.0      0.0      0.0      0.0      0.0      0.0      0.0      0.0      0.0      0.0      0.0      0.0      0.0      0.0      0.0      0.0      0.0      0.0      0.0      0.0      0.0      0.0      0.0      0.0      0.0      0.0      0.0      0.0      0.0      0.0     
67.0     2.0      3.0      25.0     25.0     9.0      3.0      5.0      0.0      0.0      3.0      0.0      0.0      0.0      40.0     51.0     196.0    131.0    41.0     29.0     0.0      12.0     10.0     27.0     56.0     62.0     148.0    32.0     114.0    32.0     25.0     71.0     40.0     1072.0   241.0    74.0     12.0     11.0     0.0      0.0      168.0    0.0      15.0     219.0    16.0     12.0     6.0      2.0      652.0    53.0     5.0      6.0      2.0      8.0      12.0     32.0     71.0     9.0      35.0     2.0      1.0      25.0     1.0      8.0      4.0      39.0     15.0     27.0     26.0     0.0      6.0      4.0      7.0      433.0    82.0     0.0      0.0      0.0      1.0      0.0      0.0      0.0      0.0      0.0      0.0      6.0      4.0      0.0      0.0      0.0      0.0      1.0      2.0      0.0      1.0      0.0      0.0      1.0      0.0      0.0      0.0      1.0      0.0      1.0      0.0      0.0      0.0      0.0      5.0      0.0      0.0      0.0      2.0      0.0      0.0      0.0      0.0      3.0      3.0      9.0      0.0      0.0      0.0      1.0      1.0      1.0      0.0      1.0      0.0      0.0      0.0      1.0      0.0      0.0      0.0      0.0      3.0      0.0      0.0      0.0      7.0      3.0      0.0      4.0      0.0      0.0      0.0      2.0      5.0      0.0     
61.0     0.0      17.0     4.0      18.0     6.0      0.0      0.0      0.0      2.0      1.0      0.0      0.0      0.0      3.0      4.0      66.0     26.0     31.0     26.0     0.0      4.0      58.0     22.0     34.0     6.0      117.0    28.0     11.0     26.0     30.0     90.0     7.0      241.0    523.0    1.0      2.0      1.0      0.0      0.0      9.0      0.0      9.0      254.0    19.0     10.0     0.0      0.0      292.0    2.0      1.0      0.0      0.0      1.0      1.0      1.0      33.0     5.0      22.0     0.0      0.0      3.0      0.0      11.0     3.0      34.0     1.0      33.0     2.0      0.0      8.0      2.0      3.0      39.0     1.0      1.0      0.0      0.0      0.0      1.0      0.0      0.0      0.0      0.0      0.0      0.0      0.0      0.0      0.0      0.0      0.0      0.0      0.0      0.0      0.0      0.0      0.0      0.0      0.0      0.0      0.0      1.0      1.0      1.0      0.0      0.0      2.0      0.0      0.0      0.0      0.0      0.0      0.0      0.0      0.0      0.0      0.0      0.0      1.0      0.0      1.0      0.0      0.0      0.0      0.0      0.0      0.0      0.0      0.0      0.0      0.0      1.0      0.0      0.0      0.0      0.0      0.0      0.0      0.0      0.0      0.0      0.0      1.0      0.0      0.0      0.0      0.0      0.0      0.0      0.0     
0.0      0.0      0.0      9.0      0.0      0.0      0.0      0.0      0.0      0.0      0.0      1.0      0.0      0.0      6.0      4.0      1.0      1.0      0.0      0.0      0.0      0.0      0.0      0.0      1.0      70.0     2.0      2.0      46.0     0.0      0.0      0.0      0.0      74.0     1.0      136.0    0.0      2.0      0.0      0.0      73.0     0.0      0.0      11.0     0.0      3.0      0.0      0.0      8.0      0.0      0.0      0.0      0.0      0.0      3.0      14.0     5.0      0.0      0.0      0.0      0.0      0.0      0.0      0.0      0.0      1.0      4.0      2.0      8.0      0.0      0.0      0.0      6.0      44.0     29.0     0.0      0.0      0.0      0.0      0.0      0.0      0.0      0.0      0.0      0.0      0.0      0.0      0.0      0.0      0.0      0.0      0.0      0.0      0.0      0.0      0.0      0.0      0.0      0.0      2.0      1.0      0.0      0.0      0.0      0.0      0.0      0.0      0.0      0.0      0.0      0.0      0.0      0.0      0.0      0.0      0.0      0.0      0.0      0.0      0.0      0.0      0.0      0.0      0.0      0.0      0.0      0.0      0.0      0.0      0.0      1.0      0.0      0.0      1.0      0.0      0.0      0.0      0.0      0.0      0.0      0.0      2.0      0.0      0.0      0.0      0.0      0.0      0.0      1.0      0.0     
0.0      5.0      1.0      2.0      1.0      0.0      0.0      0.0      0.0      0.0      3.0      1.0      0.0      0.0      2.0      6.0      13.0     2.0      26.0     24.0     3.0      2.0      0.0      0.0      74.0     14.0     150.0    68.0     16.0     17.0     0.0      0.0      0.0      12.0     2.0      0.0      680.0    30.0     0.0      0.0      3.0      0.0      3.0      278.0    4.0      24.0     0.0      0.0      16.0     1.0      242.0    0.0      1.0      0.0      5.0      6.0      76.0     7.0      16.0     27.0     152.0    2.0      0.0      0.0      0.0      16.0     3.0      78.0     3.0      0.0      0.0      0.0      164.0    31.0     0.0      0.0      0.0      0.0      0.0      0.0      0.0      0.0      0.0      0.0      0.0      1.0      0.0      0.0      0.0      0.0      0.0      0.0      0.0      0.0      0.0      0.0      0.0      0.0      0.0      1.0      0.0      0.0      0.0      0.0      0.0      0.0      0.0      0.0      0.0      0.0      0.0      0.0      2.0      0.0      0.0      0.0      0.0      0.0      0.0      1.0      0.0      0.0      0.0      0.0      0.0      0.0      0.0      0.0      0.0      0.0      0.0      0.0      0.0      0.0      0.0      0.0      0.0      0.0      0.0      0.0      0.0      4.0      1.0      0.0      0.0      0.0      0.0      1.0      0.0      0.0     
2.0      0.0      0.0      25.0     9.0      2.0      1.0      1.0      0.0      0.0      1.0      3.0      0.0      0.0      31.0     38.0     7.0      3.0      13.0     17.0     0.0      1.0      1.0      0.0      140.0    67.0     87.0     34.0     38.0     3.0      0.0      2.0      0.0      11.0     1.0      2.0      30.0     670.0    0.0      0.0      15.0     0.0      12.0     98.0     6.0      22.0     1.0      0.0      124.0    5.0      2.0      0.0      5.0      3.0      9.0      43.0     47.0     4.0      8.0      17.0     1.0      0.0      0.0      0.0      0.0      9.0      4.0      35.0     11.0     1.0      0.0      0.0      252.0    420.0    0.0      0.0      0.0      0.0      0.0      0.0      0.0      0.0      0.0      0.0      0.0      2.0      4.0      0.0      0.0      0.0      1.0      0.0      0.0      0.0      1.0      0.0      0.0      0.0      0.0      1.0      0.0      0.0      0.0      0.0      1.0      0.0      0.0      0.0      0.0      0.0      0.0      0.0      1.0      0.0      0.0      0.0      0.0      0.0      0.0      1.0      0.0      0.0      0.0      0.0      3.0      0.0      0.0      0.0      0.0      0.0      1.0      0.0      0.0      0.0      0.0      0.0      0.0      0.0      0.0      0.0      0.0      2.0      0.0      0.0      0.0      0.0      0.0      0.0      1.0      0.0     
0.0      0.0      0.0      0.0      12.0     62.0     18.0     8.0      0.0      0.0      0.0      1.0      134.0    55.0     28.0     44.0     0.0      0.0      0.0      0.0      0.0      0.0      0.0      4.0      0.0      0.0      3.0      3.0      0.0      11.0     0.0      0.0      0.0      0.0      0.0      0.0      0.0      0.0      182.0    6.0      0.0      0.0      0.0      0.0      0.0      1.0      0.0      16.0     3.0      141.0    0.0      0.0      1.0      22.0     2.0      0.0      0.0      0.0      0.0      0.0      0.0      0.0      0.0      0.0      1.0      4.0      8.0      4.0      0.0      0.0      0.0      8.0      0.0      0.0      0.0      0.0      0.0      0.0      0.0      0.0      15.0     0.0      0.0      0.0      0.0      0.0      1.0      0.0      21.0     24.0     0.0      0.0      0.0      0.0      0.0      0.0      0.0      0.0      0.0      0.0      0.0      0.0      0.0      0.0      0.0      0.0      0.0      0.0      0.0      0.0      0.0      0.0      0.0      8.0      4.0      0.0      0.0      0.0      0.0      0.0      0.0      0.0      0.0      0.0      3.0      0.0      0.0      19.0     0.0      0.0      0.0      0.0      0.0      0.0      0.0      0.0      0.0      5.0      0.0      0.0      0.0      16.0     0.0      0.0      0.0      0.0      0.0      0.0      0.0      0.0     
0.0      0.0      0.0      0.0      1.0      32.0     8.0      5.0      0.0      0.0      0.0      23.0     1.0      99.0     1.0      43.0     0.0      0.0      0.0      0.0      0.0      0.0      0.0      2.0      0.0      0.0      1.0      0.0      1.0      11.0     0.0      0.0      0.0      0.0      0.0      0.0      0.0      0.0      6.0      135.0    0.0      0.0      0.0      0.0      0.0      0.0      0.0      0.0      1.0      33.0     0.0      0.0      6.0      0.0      4.0      0.0      0.0      0.0      0.0      0.0      0.0      0.0      2.0      0.0      0.0      5.0      11.0     0.0      1.0      0.0      0.0      4.0      0.0      0.0      0.0      0.0      0.0      0.0      0.0      0.0      3.0      0.0      0.0      0.0      0.0      0.0      18.0     1.0      5.0      8.0      0.0      0.0      0.0      0.0      0.0      0.0      0.0      0.0      0.0      0.0      0.0      0.0      0.0      0.0      0.0      0.0      0.0      0.0      0.0      0.0      0.0      0.0      0.0      2.0      3.0      0.0      0.0      0.0      0.0      0.0      0.0      0.0      0.0      0.0      8.0      0.0      0.0      10.0     0.0      1.0      0.0      0.0      0.0      0.0      0.0      0.0      0.0      0.0      0.0      0.0      0.0      10.0     0.0      0.0      0.0      0.0      0.0      0.0      0.0      0.0     
1.0      0.0      1.0      37.0     7.0      0.0      0.0      0.0      0.0      0.0      0.0      1.0      0.0      0.0      13.0     22.0     20.0     4.0      2.0      0.0      0.0      0.0      0.0      1.0      2.0      117.0    21.0     8.0      113.0    3.0      0.0      9.0      28.0     168.0    9.0      73.0     3.0      15.0     0.0      0.0      330.0    0.0      0.0      46.0     0.0      3.0      0.0      1.0      89.0     12.0     0.0      0.0      0.0      0.0      6.0      10.0     13.0     0.0      0.0      0.0      0.0      0.0      0.0      0.0      1.0      0.0      11.0     12.0     28.0     0.0      0.0      0.0      29.0     113.0    50.0     0.0      0.0      0.0      1.0      0.0      0.0      0.0      0.0      0.0      0.0      0.0      1.0      0.0      0.0      0.0      0.0      0.0      0.0      0.0      0.0      0.0      0.0      0.0      0.0      2.0      1.0      0.0      2.0      1.0      0.0      0.0      0.0      0.0      1.0      0.0      0.0      0.0      1.0      0.0      0.0      0.0      0.0      0.0      0.0      0.0      3.0      0.0      0.0      0.0      0.0      0.0      0.0      0.0      0.0      0.0      1.0      0.0      0.0      0.0      0.0      0.0      0.0      0.0      0.0      0.0      0.0      5.0      1.0      1.0      0.0      0.0      0.0      0.0      2.0      0.0     
0.0      0.0      0.0      0.0      0.0      0.0      0.0      0.0      0.0      0.0      0.0      0.0      0.0      0.0      0.0      0.0      0.0      0.0      0.0      0.0      0.0      0.0      0.0      0.0      0.0      0.0      0.0      0.0      0.0      0.0      0.0      0.0      0.0      0.0      0.0      0.0      0.0      0.0      0.0      0.0      0.0      0.0      0.0      0.0      0.0      0.0      0.0      0.0      0.0      0.0      0.0      0.0      0.0      0.0      0.0      0.0      0.0      0.0      0.0      0.0      0.0      0.0      0.0      0.0      0.0      0.0      0.0      0.0      0.0      0.0      0.0      0.0      0.0      0.0      0.0      0.0      0.0      0.0      0.0      0.0      0.0      0.0      0.0      0.0      0.0      0.0      0.0      0.0      0.0      0.0      0.0      0.0      0.0      0.0      0.0      0.0      0.0      0.0      0.0      0.0      0.0      0.0      0.0      0.0      0.0      0.0      0.0      0.0      0.0      0.0      0.0      0.0      0.0      0.0      0.0      0.0      0.0      0.0      0.0      0.0      0.0      0.0      0.0      0.0      0.0      0.0      0.0      0.0      0.0      0.0      0.0      0.0      0.0      0.0      0.0      0.0      0.0      0.0      0.0      0.0      0.0      0.0      0.0      0.0      0.0      0.0      0.0      0.0      0.0      0.0     
37.0     61.0     0.0      0.0      24.0     3.0      0.0      0.0      0.0      0.0      11.0     0.0      0.0      0.0      5.0      4.0      8.0      0.0      17.0     31.0     50.0     40.0     13.0     6.0      0.0      0.0      1.0      1.0      0.0      0.0      18.0     68.0     0.0      15.0     9.0      0.0      3.0      12.0     0.0      0.0      0.0      0.0      480.0    102.0    127.0    1.0      0.0      0.0      42.0     0.0      21.0     31.0     2.0      0.0      0.0      0.0      0.0      12.0     7.0      3.0      2.0      67.0     0.0      2.0      1.0      0.0      1.0      1.0      2.0      0.0      6.0      0.0      1.0      27.0     0.0      0.0      2.0      0.0      0.0      0.0      0.0      0.0      0.0      0.0      0.0      11.0     0.0      0.0      0.0      0.0      0.0      0.0      0.0      0.0      2.0      0.0      0.0      0.0      0.0      0.0      0.0      0.0      0.0      0.0      0.0      0.0      1.0      0.0      0.0      0.0      0.0      1.0      5.0      0.0      0.0      0.0      0.0      18.0     0.0      35.0     0.0      0.0      0.0      0.0      0.0      1.0      0.0      0.0      0.0      0.0      0.0      0.0      0.0      0.0      0.0      2.0      0.0      0.0      0.0      0.0      4.0      1.0      0.0      0.0      0.0      0.0      0.0      5.0      1.0      0.0     
103.0    41.0     15.0     69.0     64.0     27.0     5.0      4.0      0.0      65.0     18.0     9.0      0.0      0.0      48.0     93.0     170.0    109.0    60.0     128.0    59.0     32.0     139.0    41.0     67.0     113.0    240.0    89.0     122.0    55.0     34.0     116.0    0.0      219.0    254.0    11.0     278.0    98.0     0.0      0.0      46.0     0.0      102.0    2154.0   127.0    55.0     4.0      4.0      355.0    61.0     296.0    17.0     6.0      10.0     18.0     26.0     76.0     29.0     37.0     59.0     93.0     130.0    2.0      32.0     7.0      84.0     78.0     96.0     45.0     0.0      24.0     5.0      337.0    314.0    0.0      3.0      2.0      1.0      0.0      2.0      0.0      1.0      1.0      0.0      0.0      17.0     4.0      0.0      0.0      0.0      2.0      1.0      2.0      0.0      0.0      0.0      1.0      5.0      0.0      0.0      0.0      2.0      1.0      2.0      3.0      0.0      4.0      0.0      1.0      0.0      0.0      0.0      1.0      0.0      0.0      0.0      0.0      9.0      15.0     31.0     1.0      1.0      0.0      3.0      2.0      3.0      0.0      1.0      0.0      0.0      0.0      2.0      0.0      0.0      0.0      0.0      8.0      0.0      0.0      0.0      17.0     22.0     1.0      3.0      0.0      0.0      1.0      2.0      0.0      0.0     
39.0     35.0     0.0      1.0      26.0     2.0      0.0      0.0      0.0      103.0    352.0    0.0      0.0      0.0      8.0      11.0     4.0      0.0      16.0     276.0    12.0     52.0     160.0    11.0     2.0      0.0      57.0     0.0      0.0      17.0     19.0     65.0     0.0      16.0     19.0     0.0      4.0      6.0      0.0      0.0      0.0      0.0      127.0    127.0    982.0    0.0      0.0      0.0      69.0     1.0      58.0     5.0      1.0      0.0      1.0      0.0      12.0     6.0      9.0      4.0      5.0      119.0    0.0      2.0      0.0      116.0    137.0    0.0      1.0      1.0      3.0      0.0      1.0      16.0     0.0      1.0      3.0      0.0      0.0      1.0      0.0      0.0      0.0      0.0      1.0      128.0    1.0      0.0      0.0      0.0      0.0      0.0      0.0      27.0     38.0     1.0      1.0      16.0     0.0      1.0      0.0      1.0      0.0      1.0      1.0      0.0      3.0      0.0      3.0      1.0      0.0      6.0      13.0     0.0      0.0      0.0      0.0      34.0     23.0     172.0    0.0      0.0      0.0      4.0      0.0      12.0     1.0      0.0      0.0      0.0      0.0      0.0      8.0      3.0      5.0      3.0      13.0     0.0      0.0      0.0      107.0    83.0     0.0      0.0      0.0      0.0      0.0      9.0      6.0      0.0     
6.0      0.0      19.0     22.0     36.0     3.0      0.0      0.0      0.0      0.0      1.0      5.0      0.0      0.0      6.0      15.0     10.0     5.0      0.0      2.0      0.0      0.0      4.0      5.0      29.0     29.0     28.0     574.0    177.0    1.0      4.0      32.0     1.0      12.0     10.0     3.0      24.0     22.0     1.0      0.0      3.0      0.0      1.0      55.0     0.0      733.0    1.0      0.0      42.0     7.0      2.0      0.0      2.0      0.0      3.0      6.0      23.0     0.0      0.0      1.0      1.0      0.0      0.0      3.0      2.0      0.0      13.0     121.0    6.0      10.0     3.0      0.0      35.0     38.0     1.0      0.0      0.0      0.0      3.0      0.0      0.0      0.0      0.0      0.0      0.0      0.0      0.0      0.0      0.0      1.0      1.0      1.0      3.0      0.0      0.0      0.0      0.0      0.0      0.0      0.0      0.0      1.0      1.0      8.0      1.0      0.0      2.0      0.0      1.0      1.0      0.0      0.0      2.0      0.0      0.0      0.0      0.0      0.0      2.0      0.0      0.0      0.0      0.0      0.0      0.0      0.0      0.0      0.0      0.0      0.0      0.0      0.0      0.0      0.0      0.0      0.0      0.0      1.0      0.0      0.0      0.0      2.0      3.0      0.0      0.0      0.0      1.0      2.0      1.0      0.0     
2.0      0.0      66.0     0.0      4.0      15.0     16.0     77.0     1.0      0.0      0.0      7.0      2.0      0.0      0.0      41.0     5.0      8.0      0.0      0.0      0.0      0.0      0.0      1.0      1.0      0.0      47.0     2.0      12.0     81.0     0.0      0.0      0.0      6.0      0.0      0.0      0.0      1.0      0.0      0.0      0.0      0.0      0.0      4.0      0.0      1.0      216.0    0.0      8.0      12.0     0.0      0.0      0.0      0.0      2.0      0.0      0.0      0.0      0.0      0.0      0.0      0.0      1.0      0.0      0.0      1.0      9.0      8.0      4.0      1.0      2.0      22.0     0.0      4.0      0.0      0.0      0.0      0.0      3.0      1.0      2.0      0.0      0.0      0.0      0.0      0.0      6.0      0.0      0.0      2.0      1.0      0.0      1.0      0.0      0.0      0.0      0.0      0.0      0.0      0.0      0.0      0.0      0.0      4.0      2.0      0.0      0.0      0.0      0.0      0.0      0.0      0.0      0.0      0.0      0.0      0.0      0.0      0.0      1.0      0.0      1.0      0.0      0.0      0.0      1.0      0.0      0.0      4.0      0.0      0.0      0.0      0.0      0.0      0.0      0.0      0.0      0.0      0.0      0.0      0.0      0.0      7.0      0.0      0.0      0.0      0.0      2.0      0.0      0.0      0.0     
38.0     0.0      0.0      1.0      59.0     3.0      0.0      0.0      0.0      0.0      0.0      0.0      48.0     0.0      11.0     19.0     6.0      15.0     0.0      0.0      0.0      0.0      0.0      126.0    0.0      0.0      1.0      5.0      1.0      0.0      5.0      7.0      0.0      2.0      0.0      0.0      0.0      0.0      16.0     0.0      1.0      0.0      0.0      4.0      0.0      0.0      0.0      178.0    24.0     12.0     0.0      0.0      0.0      2.0      0.0      0.0      0.0      0.0      0.0      0.0      0.0      0.0      0.0      4.0      54.0     0.0      2.0      9.0      0.0      0.0      0.0      0.0      0.0      0.0      0.0      1.0      0.0      0.0      0.0      0.0      0.0      0.0      0.0      0.0      0.0      0.0      0.0      0.0      0.0      1.0      0.0      0.0      0.0      0.0      0.0      0.0      0.0      0.0      0.0      0.0      0.0      0.0      0.0      0.0      0.0      0.0      0.0      0.0      0.0      0.0      0.0      0.0      0.0      0.0      0.0      0.0      0.0      0.0      0.0      0.0      0.0      0.0      0.0      0.0      0.0      0.0      0.0      1.0      0.0      0.0      0.0      0.0      0.0      0.0      0.0      0.0      0.0      1.0      0.0      0.0      0.0      0.0      0.0      0.0      0.0      0.0      0.0      0.0      0.0      0.0     
201.0    4.0      8.0      32.0     242.0    41.0     10.0     7.0      0.0      0.0      26.0     0.0      4.0      0.0      196.0    345.0    285.0    185.0    149.0    96.0     0.0      42.0     31.0     72.0     71.0     22.0     267.0    121.0    65.0     66.0     71.0     278.0    21.0     652.0    292.0    8.0      16.0     124.0    3.0      1.0      89.0     0.0      42.0     355.0    69.0     42.0     8.0      24.0     1723.0   77.0     5.0      6.0      23.0     15.0     46.0     1.0      95.0     53.0     84.0     3.0      1.0      54.0     2.0      27.0     12.0     59.0     16.0     134.0    13.0     6.0      23.0     6.0      18.0     445.0    9.0      0.0      0.0      0.0      1.0      0.0      0.0      1.0      1.0      1.0      0.0      6.0      9.0      0.0      0.0      0.0      1.0      1.0      2.0      0.0      2.0      0.0      0.0      1.0      0.0      0.0      0.0      1.0      0.0      1.0      1.0      0.0      0.0      0.0      2.0      0.0      0.0      0.0      1.0      0.0      0.0      0.0      0.0      2.0      3.0      7.0      0.0      0.0      0.0      1.0      4.0      1.0      0.0      1.0      0.0      0.0      0.0      1.0      0.0      0.0      0.0      0.0      2.0      0.0      0.0      0.0      6.0      3.0      0.0      5.0      0.0      0.0      1.0      1.0      0.0      0.0     
2.0      1.0      1.0      103.0    26.0     87.0     21.0     16.0     0.0      0.0      0.0      255.0    159.0    71.0     89.0     217.0    76.0     84.0     2.0      2.0      0.0      0.0      0.0      5.0      2.0      6.0      11.0     15.0     20.0     20.0     1.0      6.0      0.0      53.0     2.0      0.0      1.0      5.0      141.0    33.0     12.0     0.0      0.0      61.0     1.0      7.0      12.0     12.0     77.0     697.0    1.0      0.0      3.0      31.0     43.0     3.0      1.0      1.0      0.0      1.0      0.0      0.0      2.0      0.0      1.0      3.0      16.0     19.0     22.0     0.0      2.0      13.0     15.0     31.0     0.0      0.0      0.0      0.0      0.0      0.0      17.0     1.0      0.0      0.0      0.0      1.0      31.0     3.0      24.0     25.0     1.0      0.0      3.0      0.0      0.0      0.0      0.0      0.0      0.0      0.0      0.0      0.0      0.0      1.0      2.0      0.0      0.0      0.0      2.0      0.0      0.0      0.0      1.0      9.0      4.0      1.0      0.0      0.0      1.0      0.0      0.0      0.0      0.0      1.0      11.0     0.0      0.0      27.0     0.0      1.0      0.0      0.0      0.0      0.0      0.0      0.0      0.0      4.0      0.0      0.0      0.0      27.0     0.0      15.0     0.0      0.0      1.0      1.0      1.0      0.0     
3.0      47.0     0.0      0.0      1.0      0.0      0.0      0.0      0.0      16.0     15.0     0.0      0.0      0.0      0.0      2.0      5.0      1.0      40.0     77.0     87.0     3.0      52.0     2.0      23.0     0.0      108.0    15.0     1.0      32.0     2.0      4.0      0.0      5.0      1.0      0.0      242.0    2.0      0.0      0.0      0.0      0.0      21.0     296.0    58.0     2.0      0.0      0.0      5.0      1.0      595.0    2.0      0.0      0.0      0.0      0.0      34.0     17.0     23.0     77.0     150.0    72.0     0.0      0.0      0.0      47.0     9.0      17.0     0.0      0.0      0.0      0.0      13.0     10.0     0.0      0.0      0.0      0.0      0.0      0.0      0.0      0.0      0.0      0.0      0.0      2.0      0.0      0.0      0.0      0.0      0.0      0.0      0.0      0.0      0.0      0.0      0.0      2.0      0.0      0.0      0.0      0.0      0.0      0.0      0.0      0.0      0.0      0.0      0.0      0.0      0.0      0.0      1.0      0.0      0.0      0.0      0.0      1.0      2.0      4.0      0.0      0.0      0.0      0.0      0.0      1.0      0.0      0.0      0.0      0.0      0.0      0.0      0.0      0.0      0.0      0.0      1.0      0.0      0.0      0.0      1.0      6.0      0.0      0.0      0.0      0.0      0.0      1.0      0.0      0.0     
6.0      30.0     0.0      0.0      3.0      1.0      0.0      0.0      0.0      0.0      2.0      0.0      0.0      0.0      0.0      0.0      0.0      0.0      0.0      0.0      29.0     69.0     4.0      0.0      0.0      0.0      0.0      0.0      0.0      0.0      1.0      16.0     0.0      6.0      0.0      0.0      0.0      0.0      0.0      0.0      0.0      0.0      31.0     17.0     5.0      0.0      0.0      0.0      6.0      0.0      2.0      99.0     0.0      0.0      0.0      0.0      0.0      0.0      0.0      0.0      0.0      59.0     0.0      0.0      0.0      0.0      0.0      0.0      0.0      0.0      0.0      0.0      0.0      3.0      0.0      0.0      0.0      0.0      0.0      0.0      0.0      0.0      0.0      0.0      0.0      0.0      0.0      0.0      0.0      0.0      0.0      0.0      0.0      0.0      0.0      0.0      0.0      0.0      0.0      0.0      0.0      0.0      0.0      0.0      0.0      0.0      2.0      0.0      0.0      0.0      0.0      0.0      0.0      0.0      0.0      0.0      0.0      0.0      0.0      0.0      0.0      0.0      0.0      0.0      0.0      0.0      0.0      0.0      0.0      0.0      0.0      0.0      0.0      0.0      0.0      0.0      0.0      0.0      0.0      0.0      0.0      0.0      0.0      0.0      0.0      0.0      0.0      0.0      0.0      0.0     
11.0     0.0      0.0      0.0      2.0      23.0     4.0      5.0      0.0      0.0      1.0      50.0     0.0      32.0     256.0    104.0    2.0      4.0      6.0      1.0      0.0      0.0      0.0      4.0      2.0      0.0      9.0      0.0      10.0     7.0      0.0      7.0      0.0      2.0      0.0      0.0      1.0      5.0      1.0      6.0      0.0      0.0      2.0      6.0      1.0      2.0      0.0      0.0      23.0     3.0      0.0      0.0      374.0    6.0      39.0     1.0      5.0      2.0      2.0      0.0      0.0      0.0      8.0      0.0      0.0      2.0      6.0      1.0      27.0     1.0      0.0      4.0      1.0      9.0      0.0      0.0      0.0      0.0      0.0      0.0      7.0      0.0      0.0      0.0      0.0      0.0      19.0     5.0      39.0     14.0     6.0      0.0      0.0      0.0      0.0      0.0      0.0      0.0      2.0      0.0      0.0      0.0      0.0      0.0      0.0      0.0      0.0      0.0      0.0      0.0      0.0      0.0      0.0      13.0     13.0     0.0      0.0      0.0      0.0      0.0      0.0      0.0      0.0      0.0      11.0     0.0      0.0      21.0     7.0      0.0      0.0      0.0      0.0      0.0      0.0      0.0      0.0      2.0      0.0      0.0      0.0      19.0     0.0      3.0      0.0      0.0      0.0      0.0      0.0      0.0     
2.0      0.0      0.0      0.0      41.0     39.0     1.0      0.0      0.0      0.0      0.0      1.0      27.0     2.0      165.0    18.0     8.0      9.0      0.0      0.0      0.0      0.0      0.0      12.0     0.0      0.0      1.0      0.0      0.0      0.0      0.0      0.0      0.0      8.0      1.0      0.0      0.0      3.0      22.0     0.0      0.0      0.0      0.0      10.0     0.0      0.0      0.0      2.0      15.0     31.0     0.0      0.0      6.0      200.0    2.0      0.0      1.0      0.0      0.0      0.0      0.0      0.0      1.0      0.0      4.0      1.0      7.0      0.0      0.0      0.0      0.0      0.0      0.0      8.0      0.0      6.0      0.0      0.0      0.0      4.0      37.0     0.0      0.0      0.0      0.0      0.0      0.0      8.0      37.0     25.0     5.0      0.0      0.0      0.0      0.0      0.0      0.0      0.0      4.0      0.0      0.0      0.0      0.0      0.0      0.0      0.0      0.0      0.0      0.0      0.0      0.0      0.0      0.0      13.0     0.0      0.0      0.0      0.0      0.0      0.0      0.0      0.0      0.0      0.0      6.0      0.0      0.0      20.0     4.0      0.0      0.0      0.0      0.0      0.0      0.0      0.0      0.0      13.0     0.0      0.0      0.0      11.0     0.0      0.0      0.0      0.0      0.0      0.0      0.0      0.0     
4.0      0.0      1.0      6.0      2.0      6.0      11.0     2.0      0.0      0.0      0.0      108.0    2.0      6.0      108.0    354.0    6.0      11.0     19.0     1.0      0.0      0.0      0.0      1.0      2.0      9.0      7.0      7.0      48.0     4.0      3.0      6.0      0.0      12.0     1.0      3.0      5.0      9.0      2.0      4.0      6.0      0.0      0.0      18.0     1.0      3.0      2.0      0.0      46.0     43.0     0.0      0.0      39.0     2.0      465.0    1.0      2.0      8.0      10.0     0.0      0.0      0.0      0.0      0.0      0.0      1.0      3.0      6.0      62.0     11.0     0.0      0.0      5.0      18.0     0.0      0.0      0.0      0.0      1.0      0.0      2.0      0.0      0.0      0.0      5.0      0.0      5.0      0.0      0.0      6.0      3.0      0.0      0.0      0.0      0.0      0.0      0.0      0.0      0.0      0.0      0.0      2.0      0.0      6.0      2.0      0.0      0.0      0.0      0.0      0.0      0.0      0.0      0.0      0.0      0.0      1.0      0.0      0.0      0.0      0.0      1.0      0.0      0.0      0.0      0.0      0.0      0.0      5.0      1.0      1.0      0.0      0.0      0.0      0.0      0.0      0.0      0.0      0.0      0.0      0.0      1.0      33.0     0.0      9.0      0.0      0.0      0.0      0.0      1.0      0.0     
0.0      0.0      0.0      46.0     0.0      0.0      0.0      0.0      0.0      0.0      0.0      3.0      0.0      0.0      0.0      1.0      1.0      0.0      0.0      0.0      0.0      0.0      0.0      0.0      84.0     92.0     14.0     6.0      18.0     0.0      0.0      1.0      0.0      32.0     1.0      14.0     6.0      43.0     0.0      0.0      10.0     0.0      0.0      26.0     0.0      6.0      0.0      0.0      1.0      3.0      0.0      0.0      1.0      0.0      1.0      245.0    14.0     0.0      0.0      0.0      0.0      0.0      0.0      0.0      0.0      0.0      21.0     3.0      2.0      0.0      0.0      0.0      40.0     107.0    3.0      0.0      0.0      0.0      0.0      0.0      0.0      0.0      0.0      0.0      0.0      0.0      0.0      0.0      0.0      0.0      0.0      1.0      0.0      0.0      0.0      0.0      0.0      0.0      0.0      3.0      5.0      0.0      0.0      0.0      2.0      0.0      0.0      0.0      3.0      1.0      0.0      0.0      8.0      0.0      0.0      0.0      0.0      0.0      0.0      0.0      0.0      0.0      0.0      1.0      0.0      0.0      0.0      0.0      0.0      0.0      0.0      0.0      0.0      0.0      0.0      0.0      0.0      0.0      0.0      0.0      1.0      7.0      1.0      0.0      0.0      0.0      1.0      6.0      5.0      0.0     
16.0     3.0      4.0      12.0     37.0     9.0      2.0      2.0      5.0      22.0     0.0      1.0      0.0      0.0      16.0     37.0     7.0      0.0      22.0     6.0      1.0      0.0      17.0     8.0      204.0    68.0     686.0    26.0     13.0     42.0     9.0      51.0     2.0      71.0     33.0     5.0      76.0     47.0     0.0      0.0      13.0     0.0      0.0      76.0     12.0     23.0     0.0      0.0      95.0     1.0      34.0     0.0      5.0      1.0      2.0      14.0     815.0    0.0      18.0     9.0      36.0     1.0      0.0      1.0      2.0      18.0     12.0     24.0     2.0      0.0      6.0      1.0      54.0     114.0    7.0      0.0      0.0      0.0      0.0      0.0      0.0      0.0      0.0      0.0      1.0      0.0      0.0      0.0      0.0      0.0      0.0      0.0      0.0      0.0      0.0      0.0      0.0      1.0      0.0      1.0      1.0      1.0      0.0      0.0      0.0      0.0      0.0      0.0      0.0      0.0      0.0      0.0      2.0      0.0      0.0      0.0      0.0      0.0      1.0      0.0      0.0      0.0      0.0      0.0      0.0      0.0      0.0      0.0      0.0      0.0      0.0      1.0      0.0      0.0      0.0      0.0      0.0      0.0      0.0      0.0      0.0      2.0      0.0      0.0      0.0      0.0      0.0      0.0      1.0      0.0     
3.0      16.0     0.0      1.0      7.0      1.0      0.0      0.0      0.0      0.0      3.0      0.0      0.0      0.0      12.0     23.0     0.0      1.0      124.0    21.0     11.0     0.0      5.0      2.0      0.0      0.0      2.0      0.0      0.0      1.0      4.0      9.0      0.0      9.0      5.0      0.0      7.0      4.0      0.0      0.0      0.0      0.0      12.0     29.0     6.0      0.0      0.0      0.0      53.0     1.0      17.0     0.0      2.0      0.0      8.0      0.0      0.0      194.0    16.0     14.0     3.0      12.0     0.0      0.0      0.0      3.0      3.0      0.0      0.0      1.0      1.0      1.0      3.0      12.0     0.0      0.0      0.0      0.0      0.0      0.0      0.0      0.0      0.0      0.0      0.0      0.0      0.0      0.0      0.0      0.0      1.0      0.0      0.0      0.0      0.0      0.0      0.0      0.0      0.0      0.0      1.0      0.0      0.0      0.0      0.0      0.0      0.0      0.0      0.0      0.0      0.0      2.0      3.0      0.0      0.0      0.0      0.0      0.0      0.0      0.0      0.0      0.0      0.0      0.0      0.0      0.0      0.0      0.0      0.0      0.0      1.0      0.0      0.0      0.0      0.0      0.0      0.0      0.0      0.0      0.0      0.0      5.0      0.0      0.0      0.0      0.0      0.0      4.0      1.0      0.0     
4.0      23.0     0.0      0.0      3.0      2.0      3.0      0.0      0.0      0.0      3.0      0.0      0.0      0.0      7.0      25.0     1.0      1.0      211.0    80.0     16.0     1.0      6.0      4.0      15.0     0.0      40.0     0.0      1.0      27.0     4.0      17.0     0.0      35.0     22.0     0.0      16.0     8.0      0.0      0.0      0.0      0.0      7.0      37.0     9.0      0.0      0.0      0.0      84.0     0.0      23.0     0.0      2.0      0.0      10.0     0.0      18.0     16.0     307.0    11.0     4.0      14.0     0.0      2.0      1.0      33.0     10.0     0.0      0.0      0.0      1.0      1.0      2.0      33.0     0.0      0.0      1.0      0.0      0.0      0.0      0.0      0.0      0.0      0.0      0.0      5.0      1.0      0.0      0.0      0.0      0.0      0.0      0.0      3.0      3.0      0.0      0.0      0.0      0.0      0.0      0.0      0.0      0.0      0.0      0.0      0.0      2.0      0.0      0.0      0.0      0.0      1.0      2.0      0.0      0.0      0.0      0.0      1.0      0.0      12.0     0.0      0.0      0.0      0.0      0.0      1.0      0.0      0.0      0.0      0.0      0.0      0.0      2.0      1.0      0.0      0.0      0.0      0.0      0.0      0.0      3.0      8.0      0.0      0.0      0.0      0.0      0.0      2.0      0.0      0.0     
1.0      52.0     1.0      1.0      0.0      0.0      0.0      0.0      0.0      0.0      0.0      0.0      0.0      0.0      0.0      1.0      0.0      0.0      27.0     12.0     8.0      0.0      1.0      0.0      14.0     0.0      27.0     2.0      0.0      7.0      0.0      1.0      0.0      2.0      0.0      0.0      27.0     17.0     0.0      0.0      0.0      0.0      3.0      59.0     4.0      1.0      0.0      0.0      3.0      1.0      77.0     0.0      0.0      0.0      0.0      0.0      9.0      14.0     11.0     172.0    38.0     10.0     0.0      0.0      0.0      10.0     0.0      0.0      0.0      0.0      0.0      1.0      23.0     20.0     0.0      0.0      0.0      0.0      0.0      0.0      0.0      0.0      0.0      0.0      0.0      0.0      0.0      0.0      0.0      0.0      0.0      0.0      0.0      0.0      0.0      0.0      0.0      0.0      0.0      0.0      0.0      0.0      0.0      0.0      0.0      0.0      0.0      0.0      0.0      0.0      0.0      0.0      0.0      0.0      0.0      0.0      0.0      0.0      0.0      0.0      0.0      0.0      0.0      0.0      0.0      0.0      0.0      0.0      0.0      0.0      0.0      0.0      0.0      0.0      0.0      0.0      0.0      0.0      0.0      0.0      0.0      1.0      0.0      0.0      0.0      0.0      0.0      0.0      0.0      0.0     
1.0      33.0     0.0      0.0      0.0      0.0      0.0      0.0      0.0      2.0      2.0      0.0      0.0      0.0      0.0      0.0      1.0      1.0      18.0     16.0     50.0     0.0      2.0      0.0      38.0     0.0      77.0     3.0      2.0      19.0     1.0      1.0      0.0      1.0      0.0      0.0      152.0    1.0      0.0      0.0      0.0      0.0      2.0      93.0     5.0      1.0      0.0      0.0      1.0      0.0      150.0    0.0      0.0      0.0      0.0      0.0      36.0     3.0      4.0      38.0     283.0    2.0      0.0      0.0      0.0      21.0     3.0      1.0      0.0      0.0      0.0      0.0      48.0     15.0     0.0      0.0      0.0      0.0      0.0      0.0      0.0      0.0      0.0      0.0      0.0      0.0      0.0      0.0      0.0      0.0      0.0      0.0      0.0      0.0      0.0      0.0      0.0      0.0      0.0      1.0      0.0      0.0      0.0      0.0      0.0      0.0      0.0      0.0      0.0      0.0      0.0      0.0      1.0      0.0      0.0      0.0      0.0      0.0      0.0      0.0      0.0      0.0      0.0      0.0      0.0      0.0      0.0      0.0      0.0      0.0      0.0      0.0      0.0      0.0      0.0      0.0      0.0      0.0      0.0      0.0      0.0      4.0      1.0      0.0      0.0      0.0      0.0      0.0      0.0      0.0     
36.0     27.0     0.0      0.0      25.0     3.0      1.0      0.0      0.0      18.0     29.0     0.0      0.0      0.0      0.0      1.0      0.0      0.0      15.0     54.0     102.0    123.0    101.0    12.0     0.0      0.0      12.0     0.0      0.0      4.0      18.0     88.0     0.0      25.0     3.0      0.0      2.0      0.0      0.0      0.0      0.0      0.0      67.0     130.0    119.0    0.0      0.0      0.0      54.0     0.0      72.0     59.0     0.0      0.0      0.0      0.0      1.0      12.0     14.0     10.0     2.0      458.0    0.0      0.0      0.0      19.0     54.0     0.0      0.0      0.0      4.0      0.0      0.0      19.0     0.0      0.0      1.0      0.0      0.0      0.0      0.0      0.0      0.0      0.0      0.0      11.0     0.0      0.0      0.0      0.0      0.0      0.0      0.0      0.0      0.0      0.0      1.0      8.0      0.0      0.0      0.0      1.0      0.0      0.0      0.0      0.0      6.0      0.0      0.0      0.0      0.0      0.0      0.0      0.0      0.0      0.0      0.0      6.0      12.0     24.0     0.0      0.0      0.0      1.0      0.0      5.0      0.0      0.0      0.0      0.0      0.0      0.0      0.0      0.0      0.0      0.0      8.0      0.0      0.0      0.0      13.0     28.0     0.0      0.0      0.0      0.0      0.0      0.0      0.0      0.0     
2.0      0.0      0.0      0.0      0.0      11.0     1.0      2.0      0.0      0.0      0.0      0.0      13.0     11.0     24.0     14.0     1.0      2.0      0.0      0.0      0.0      0.0      0.0      35.0     0.0      0.0      0.0      0.0      0.0      0.0      0.0      0.0      0.0      1.0      0.0      0.0      0.0      0.0      0.0      2.0      0.0      0.0      0.0      2.0      0.0      0.0      1.0      0.0      2.0      2.0      0.0      0.0      8.0      1.0      0.0      0.0      0.0      0.0      0.0      0.0      0.0      0.0      77.0     0.0      0.0      0.0      0.0      0.0      0.0      0.0      0.0      2.0      0.0      1.0      0.0      7.0      0.0      0.0      0.0      3.0      1.0      0.0      0.0      0.0      0.0      0.0      0.0      2.0      0.0      2.0      2.0      0.0      0.0      0.0      0.0      0.0      0.0      0.0      9.0      0.0      0.0      0.0      0.0      0.0      0.0      0.0      0.0      0.0      0.0      0.0      0.0      0.0      0.0      1.0      0.0      0.0      0.0      0.0      0.0      0.0      0.0      0.0      0.0      0.0      0.0      0.0      0.0      1.0      0.0      0.0      0.0      0.0      0.0      0.0      0.0      0.0      0.0      0.0      0.0      0.0      0.0      2.0      0.0      0.0      0.0      0.0      0.0      0.0      0.0      0.0     
1.0      0.0      0.0      0.0      2.0      37.0     2.0      1.0      0.0      1.0      0.0      0.0      0.0      0.0      0.0      6.0      30.0     23.0     2.0      0.0      0.0      0.0      1.0      75.0     4.0      0.0      5.0      5.0      0.0      5.0      98.0     100.0    0.0      8.0      11.0     0.0      0.0      0.0      0.0      0.0      0.0      0.0      2.0      32.0     2.0      3.0      0.0      4.0      27.0     0.0      0.0      0.0      0.0      0.0      0.0      0.0      1.0      0.0      2.0      0.0      0.0      0.0      0.0      165.0    6.0      1.0      10.0     5.0      0.0      0.0      47.0     2.0      0.0      0.0      0.0      1.0      0.0      0.0      0.0      0.0      2.0      0.0      0.0      0.0      0.0      0.0      0.0      0.0      0.0      1.0      1.0      2.0      2.0      0.0      0.0      0.0      0.0      0.0      3.0      0.0      0.0      0.0      0.0      1.0      1.0      2.0      0.0      0.0      0.0      1.0      0.0      0.0      0.0      0.0      0.0      0.0      0.0      0.0      1.0      0.0      0.0      0.0      0.0      2.0      0.0      0.0      0.0      0.0      0.0      0.0      0.0      0.0      0.0      0.0      0.0      0.0      0.0      0.0      2.0      0.0      0.0      0.0      0.0      0.0      0.0      0.0      1.0      0.0      0.0      0.0     
56.0     0.0      0.0      0.0      19.0     22.0     0.0      2.0      1.0      0.0      0.0      0.0      0.0      0.0      8.0      21.0     3.0      14.0     1.0      0.0      0.0      0.0      0.0      199.0    0.0      0.0      3.0      2.0      1.0      1.0      24.0     29.0     0.0      4.0      3.0      0.0      0.0      0.0      1.0      0.0      1.0      0.0      1.0      7.0      0.0      2.0      0.0      54.0     12.0     1.0      0.0      0.0      0.0      4.0      0.0      0.0      2.0      0.0      1.0      0.0      0.0      0.0      0.0      6.0      215.0    0.0      16.0     0.0      0.0      0.0      0.0      2.0      0.0      0.0      0.0      32.0     0.0      0.0      0.0      37.0     15.0     0.0      0.0      0.0      0.0      0.0      0.0      0.0      0.0      1.0      4.0      0.0      0.0      0.0      0.0      0.0      0.0      0.0      4.0      0.0      0.0      0.0      0.0      0.0      0.0      4.0      0.0      0.0      0.0      0.0      0.0      0.0      0.0      0.0      0.0      0.0      0.0      0.0      0.0      0.0      0.0      0.0      0.0      0.0      0.0      0.0      0.0      0.0      4.0      0.0      0.0      0.0      0.0      0.0      0.0      0.0      0.0      0.0      1.0      0.0      0.0      0.0      0.0      0.0      0.0      1.0      0.0      0.0      0.0      0.0     
3.0      9.0      0.0      0.0      3.0      69.0     66.0     12.0     4.0      59.0     70.0     1.0      4.0      8.0      5.0      16.0     4.0      1.0      61.0     92.0     5.0      5.0      54.0     1.0      7.0      0.0      361.0    0.0      1.0      230.0    2.0      13.0     0.0      39.0     34.0     1.0      16.0     9.0      4.0      5.0      0.0      0.0      0.0      84.0     116.0    0.0      1.0      0.0      59.0     3.0      47.0     0.0      2.0      1.0      1.0      0.0      18.0     3.0      33.0     10.0     21.0     19.0     0.0      1.0      0.0      726.0    139.0    0.0      0.0      0.0      10.0     35.0     4.0      53.0     1.0      0.0      4.0      2.0      3.0      0.0      2.0      1.0      0.0      1.0      1.0      28.0     0.0      0.0      0.0      6.0      3.0      0.0      0.0      29.0     12.0     0.0      0.0      10.0     0.0      4.0      1.0      0.0      0.0      2.0      3.0      1.0      3.0      0.0      1.0      1.0      0.0      4.0      13.0     0.0      0.0      1.0      0.0      2.0      12.0     33.0     0.0      0.0      0.0      1.0      0.0      6.0      0.0      5.0      1.0      0.0      0.0      0.0      17.0     6.0      4.0      5.0      6.0      0.0      1.0      0.0      43.0     99.0     0.0      1.0      0.0      1.0      2.0      7.0      11.0     0.0     
60.0     0.0      14.0     1.0      8.0      247.0    166.0    72.0     53.0     141.0    102.0    4.0      6.0      15.0     24.0     68.0     3.0      1.0      17.0     35.0     0.0      0.0      28.0     112.0    53.0     23.0     101.0    17.0     26.0     129.0    103.0    71.0     0.0      15.0     1.0      4.0      3.0      4.0      8.0      11.0     11.0     0.0      1.0      78.0     137.0    13.0     9.0      2.0      16.0     16.0     9.0      0.0      6.0      7.0      3.0      21.0     12.0     3.0      10.0     0.0      3.0      54.0     0.0      10.0     16.0     139.0    1191.0   20.0     12.0     1.0      31.0     114.0    5.0      36.0     0.0      88.0     3.0      1.0      10.0     37.0     60.0     1.0      2.0      0.0      4.0      93.0     15.0     1.0      5.0      71.0     33.0     5.0      9.0      16.0     14.0     0.0      1.0      32.0     54.0     42.0     17.0     20.0     28.0     47.0     10.0     32.0     8.0      0.0      19.0     4.0      0.0      0.0      42.0     2.0      2.0      4.0      0.0      18.0     48.0     143.0    21.0     0.0      1.0      9.0      3.0      12.0     2.0      64.0     7.0      1.0      11.0     7.0      6.0      3.0      0.0      1.0      30.0     1.0      6.0      0.0      117.0    465.0    32.0     6.0      5.0      5.0      9.0      19.0     53.0     0.0     
18.0     0.0      13.0     55.0     63.0     17.0     0.0      0.0      0.0      0.0      0.0      10.0     6.0      0.0      23.0     59.0     34.0     9.0      0.0      0.0      0.0      0.0      7.0      6.0      25.0     42.0     116.0    521.0    168.0    1.0      6.0      72.0     0.0      27.0     33.0     2.0      78.0     35.0     4.0      0.0      12.0     0.0      1.0      96.0     0.0      121.0    8.0      9.0      134.0    19.0     17.0     0.0      1.0      0.0      6.0      3.0      24.0     0.0      0.0      0.0      1.0      0.0      0.0      5.0      0.0      0.0      20.0     870.0    46.0     5.0      5.0      0.0      48.0     33.0     1.0      0.0      0.0      0.0      0.0      0.0      0.0      0.0      1.0      0.0      0.0      0.0      1.0      0.0      1.0      0.0      1.0      0.0      1.0      0.0      0.0      0.0      0.0      0.0      0.0      0.0      1.0      2.0      7.0      4.0      1.0      0.0      1.0      0.0      0.0      0.0      0.0      0.0      1.0      0.0      0.0      0.0      0.0      0.0      0.0      0.0      3.0      0.0      0.0      0.0      0.0      0.0      0.0      0.0      0.0      0.0      0.0      1.0      0.0      0.0      0.0      0.0      0.0      0.0      0.0      0.0      0.0      4.0      8.0      1.0      0.0      0.0      2.0      0.0      0.0      0.0     
0.0      0.0      1.0      110.0    1.0      0.0      5.0      9.0      0.0      0.0      0.0      85.0     0.0      1.0      47.0     200.0    6.0      5.0      1.0      0.0      0.0      0.0      0.0      0.0      7.0      29.0     14.0     27.0     390.0    3.0      0.0      4.0      1.0      26.0     2.0      8.0      3.0      11.0     0.0      1.0      28.0     0.0      2.0      45.0     1.0      6.0      4.0      0.0      13.0     22.0     0.0      0.0      27.0     0.0      62.0     2.0      2.0      0.0      0.0      0.0      0.0      0.0      0.0      0.0      0.0      0.0      12.0     46.0     551.0    5.0      0.0      2.0      33.0     50.0     5.0      0.0      0.0      0.0      2.0      0.0      0.0      0.0      0.0      0.0      0.0      0.0      10.0     0.0      0.0      0.0      1.0      1.0      0.0      0.0      0.0      0.0      0.0      0.0      0.0      3.0      2.0      2.0      1.0      4.0      4.0      0.0      0.0      0.0      3.0      1.0      0.0      0.0      6.0      0.0      0.0      0.0      0.0      0.0      0.0      0.0      0.0      0.0      0.0      1.0      9.0      0.0      0.0      0.0      0.0      0.0      5.0      2.0      0.0      0.0      0.0      0.0      0.0      0.0      0.0      0.0      0.0      6.0      1.0      8.0      0.0      0.0      2.0      2.0      6.0      0.0     
3.0      0.0      2.0      4.0      6.0      0.0      0.0      1.0      0.0      0.0      1.0      1.0      0.0      0.0      29.0     30.0     1.0      1.0      2.0      3.0      0.0      0.0      0.0      0.0      1.0      0.0      0.0      14.0     56.0     0.0      0.0      4.0      0.0      0.0      0.0      0.0      0.0      1.0      0.0      0.0      0.0      0.0      0.0      0.0      1.0      10.0     1.0      0.0      6.0      0.0      0.0      0.0      1.0      0.0      11.0     0.0      0.0      1.0      0.0      0.0      0.0      0.0      0.0      0.0      0.0      0.0      1.0      5.0      5.0      100.0    0.0      0.0      0.0      1.0      0.0      0.0      0.0      0.0      2.0      0.0      0.0      0.0      0.0      0.0      0.0      0.0      0.0      0.0      0.0      0.0      0.0      0.0      1.0      0.0      0.0      0.0      0.0      0.0      0.0      0.0      0.0      1.0      0.0      2.0      1.0      0.0      0.0      0.0      0.0      0.0      0.0      0.0      0.0      0.0      0.0      0.0      0.0      0.0      0.0      0.0      0.0      0.0      0.0      0.0      0.0      0.0      0.0      0.0      0.0      0.0      0.0      0.0      0.0      0.0      0.0      0.0      0.0      0.0      0.0      0.0      0.0      0.0      0.0      0.0      0.0      0.0      0.0      0.0      0.0      0.0     
12.0     1.0      0.0      1.0      22.0     177.0    15.0     11.0     1.0      5.0      2.0      2.0      0.0      0.0      0.0      73.0     19.0     9.0      1.0      4.0      0.0      2.0      1.0      14.0     4.0      0.0      16.0     6.0      0.0      26.0     60.0     122.0    0.0      6.0      8.0      0.0      0.0      0.0      0.0      0.0      0.0      0.0      6.0      24.0     3.0      3.0      2.0      0.0      23.0     2.0      0.0      0.0      0.0      0.0      0.0      0.0      6.0      1.0      1.0      0.0      0.0      4.0      0.0      47.0     0.0      10.0     31.0     5.0      0.0      0.0      235.0    10.0     0.0      2.0      0.0      35.0     0.0      0.0      0.0      24.0     9.0      0.0      0.0      0.0      0.0      0.0      0.0      0.0      0.0      1.0      8.0      0.0      0.0      0.0      0.0      0.0      0.0      0.0      18.0     0.0      0.0      0.0      0.0      0.0      1.0      8.0      0.0      0.0      0.0      0.0      0.0      0.0      0.0      0.0      0.0      0.0      0.0      0.0      0.0      0.0      0.0      0.0      0.0      0.0      0.0      0.0      0.0      1.0      0.0      0.0      0.0      0.0      0.0      0.0      0.0      0.0      0.0      0.0      1.0      0.0      0.0      0.0      0.0      0.0      0.0      0.0      1.0      0.0      0.0      0.0     
5.0      0.0      0.0      0.0      8.0      104.0    117.0    122.0    34.0     18.0     2.0      6.0      6.0      11.0     2.0      17.0     3.0      4.0      3.0      0.0      0.0      0.0      0.0      7.0      7.0      1.0      19.0     0.0      6.0      258.0    5.0      8.0      0.0      4.0      2.0      0.0      0.0      0.0      8.0      4.0      0.0      0.0      0.0      5.0      0.0      0.0      22.0     0.0      6.0      13.0     0.0      0.0      4.0      0.0      0.0      0.0      1.0      1.0      1.0      1.0      0.0      0.0      2.0      2.0      2.0      35.0     114.0    0.0      2.0      0.0      10.0     343.0    0.0      2.0      0.0      1.0      0.0      0.0      1.0      0.0      4.0      0.0      0.0      0.0      0.0      0.0      15.0     0.0      1.0      7.0      4.0      2.0      4.0      0.0      0.0      0.0      0.0      0.0      0.0      2.0      1.0      6.0      6.0      6.0      2.0      0.0      1.0      0.0      2.0      3.0      0.0      0.0      0.0      0.0      1.0      2.0      0.0      0.0      3.0      0.0      2.0      0.0      0.0      2.0      1.0      0.0      0.0      4.0      0.0      0.0      0.0      2.0      0.0      0.0      0.0      0.0      0.0      1.0      0.0      0.0      1.0      15.0     11.0     4.0      0.0      0.0      0.0      0.0      1.0      0.0     
0.0      8.0      0.0      59.0     2.0      0.0      0.0      0.0      0.0      0.0      0.0      7.0      0.0      0.0      10.0     14.0     11.0     2.0      9.0      5.0      0.0      0.0      2.0      0.0      126.0    107.0    69.0     50.0     85.0     5.0      0.0      1.0      0.0      7.0      3.0      6.0      164.0    252.0    0.0      0.0      29.0     0.0      1.0      337.0    1.0      35.0     0.0      0.0      18.0     15.0     13.0     0.0      1.0      0.0      5.0      40.0     54.0     3.0      2.0      23.0     48.0     0.0      0.0      0.0      0.0      4.0      5.0      48.0     33.0     0.0      0.0      0.0      713.0    232.0    0.0      0.0      0.0      0.0      0.0      0.0      0.0      0.0      0.0      0.0      0.0      0.0      0.0      0.0      0.0      0.0      0.0      0.0      0.0      0.0      0.0      0.0      0.0      0.0      0.0      2.0      0.0      0.0      0.0      0.0      0.0      0.0      0.0      0.0      0.0      0.0      0.0      0.0      0.0      0.0      0.0      0.0      0.0      0.0      0.0      0.0      0.0      0.0      0.0      0.0      0.0      0.0      0.0      0.0      0.0      0.0      1.0      0.0      0.0      0.0      0.0      0.0      0.0      0.0      0.0      0.0      0.0      4.0      0.0      0.0      0.0      0.0      0.0      0.0      0.0      0.0     
4.0      3.0      1.0      90.0     25.0     7.0      4.0      4.0      0.0      3.0      4.0      7.0      0.0      0.0      55.0     85.0     21.0     35.0     77.0     43.0     0.0      10.0     4.0      2.0      289.0    148.0    249.0    57.0     122.0    38.0     2.0      11.0     0.0      433.0    39.0     44.0     31.0     420.0    0.0      0.0      113.0    0.0      27.0     314.0    16.0     38.0     4.0      0.0      445.0    31.0     10.0     3.0      9.0      8.0      18.0     107.0    114.0    12.0     33.0     20.0     15.0     19.0     1.0      0.0      0.0      53.0     36.0     33.0     50.0     1.0      2.0      2.0      232.0    1482.0   39.0     0.0      1.0      0.0      2.0      0.0      0.0      0.0      0.0      0.0      0.0      7.0      7.0      0.0      0.0      0.0      1.0      1.0      0.0      0.0      3.0      0.0      0.0      1.0      0.0      3.0      0.0      0.0      0.0      1.0      2.0      0.0      0.0      0.0      9.0      0.0      0.0      0.0      8.0      0.0      0.0      0.0      0.0      6.0      2.0      11.0     0.0      0.0      0.0      1.0      4.0      1.0      0.0      0.0      0.0      0.0      0.0      0.0      0.0      0.0      0.0      0.0      2.0      0.0      0.0      0.0      7.0      18.0     0.0      3.0      0.0      0.0      1.0      5.0      10.0     0.0     
0.0      0.0      1.0      0.0      0.0      0.0      0.0      0.0      0.0      0.0      0.0      0.0      0.0      0.0      0.0      0.0      0.0      0.0      0.0      0.0      0.0      0.0      0.0      0.0      3.0      8.0      11.0     3.0      30.0     0.0      0.0      0.0      17.0     82.0     1.0      29.0     0.0      0.0      0.0      0.0      50.0     0.0      0.0      0.0      0.0      1.0      0.0      0.0      9.0      0.0      0.0      0.0      0.0      0.0      0.0      3.0      7.0      0.0      0.0      0.0      0.0      0.0      0.0      0.0      0.0      1.0      0.0      1.0      5.0      0.0      0.0      0.0      0.0      39.0     92.0     0.0      0.0      0.0      0.0      0.0      0.0      0.0      0.0      0.0      0.0      0.0      0.0      0.0      0.0      0.0      0.0      0.0      0.0      0.0      0.0      0.0      0.0      0.0      0.0      0.0      0.0      0.0      0.0      0.0      0.0      0.0      0.0      0.0      1.0      0.0      0.0      0.0      0.0      0.0      0.0      0.0      0.0      0.0      0.0      0.0      0.0      0.0      0.0      0.0      0.0      0.0      0.0      0.0      0.0      0.0      0.0      0.0      0.0      0.0      0.0      0.0      0.0      0.0      0.0      0.0      0.0      0.0      0.0      0.0      0.0      0.0      0.0      0.0      1.0      0.0     
204.0    0.0      0.0      0.0      52.0     165.0    0.0      0.0      0.0      0.0      0.0      0.0      1.0      0.0      3.0      55.0     0.0      0.0      0.0      0.0      0.0      0.0      0.0      165.0    0.0      0.0      0.0      0.0      1.0      1.0      76.0     22.0     0.0      0.0      1.0      0.0      0.0      0.0      0.0      0.0      0.0      0.0      0.0      3.0      1.0      0.0      0.0      1.0      0.0      0.0      0.0      0.0      0.0      6.0      0.0      0.0      0.0      0.0      0.0      0.0      0.0      0.0      7.0      1.0      32.0     0.0      88.0     0.0      0.0      0.0      35.0     1.0      0.0      0.0      0.0      1066.0   0.0      4.0      1.0      487.0    67.0     11.0     11.0     0.0      0.0      15.0     0.0      33.0     3.0      38.0     85.0     49.0     191.0    0.0      17.0     0.0      33.0     1.0      259.0    1.0      1.0      4.0      9.0      2.0      13.0     92.0     8.0      2.0      24.0     68.0     0.0      2.0      9.0      13.0     0.0      3.0      0.0      19.0     119.0    60.0     7.0      0.0      44.0     142.0    0.0      0.0      1.0      8.0      46.0     0.0      0.0      0.0      0.0      1.0      0.0      0.0      2.0      5.0      24.0     50.0     14.0     7.0      6.0      1.0      2.0      18.0     2.0      2.0      12.0     1.0     
0.0      0.0      0.0      0.0      0.0      0.0      0.0      0.0      0.0      1.0      2.0      0.0      0.0      0.0      0.0      0.0      0.0      0.0      2.0      5.0      0.0      0.0      1.0      0.0      0.0      0.0      1.0      0.0      0.0      0.0      0.0      0.0      0.0      0.0      0.0      0.0      0.0      0.0      0.0      0.0      0.0      0.0      2.0      2.0      3.0      0.0      0.0      0.0      0.0      0.0      0.0      0.0      0.0      0.0      0.0      0.0      0.0      0.0      1.0      0.0      0.0      1.0      0.0      0.0      0.0      4.0      3.0      0.0      0.0      0.0      0.0      0.0      0.0      1.0      0.0      0.0      385.0    0.0      0.0      0.0      0.0      0.0      0.0      0.0      0.0      9.0      0.0      0.0      0.0      0.0      0.0      0.0      0.0      36.0     34.0     81.0     26.0     23.0     2.0      0.0      0.0      2.0      0.0      0.0      0.0      2.0      0.0      0.0      4.0      2.0      0.0      15.0     7.0      0.0      0.0      0.0      0.0      91.0     36.0     49.0     0.0      0.0      0.0      4.0      0.0      85.0     32.0     0.0      0.0      0.0      0.0      0.0      11.0     5.0      21.0     84.0     74.0     0.0      1.0      0.0      1.0      3.0      0.0      0.0      0.0      0.0      0.0      5.0      4.0      0.0     
0.0      0.0      3.0      0.0      0.0      0.0      1.0      0.0      0.0      0.0      0.0      0.0      0.0      0.0      0.0      4.0      0.0      0.0      0.0      0.0      0.0      0.0      0.0      0.0      0.0      0.0      12.0     0.0      1.0      0.0      0.0      1.0      0.0      0.0      0.0      0.0      0.0      0.0      0.0      0.0      0.0      0.0      0.0      1.0      0.0      0.0      0.0      0.0      0.0      0.0      0.0      0.0      0.0      0.0      0.0      0.0      0.0      0.0      0.0      0.0      0.0      0.0      0.0      0.0      0.0      2.0      1.0      0.0      0.0      0.0      0.0      0.0      0.0      0.0      0.0      4.0      0.0      507.0    0.0      4.0      2.0      0.0      9.0      0.0      0.0      0.0      0.0      0.0      1.0      0.0      28.0     11.0     19.0     0.0      0.0      0.0      0.0      8.0      1.0      3.0      0.0      11.0     48.0     78.0     23.0     2.0      7.0      0.0      13.0     11.0     1.0      0.0      4.0      0.0      0.0      11.0     0.0      0.0      11.0     0.0      76.0     50.0     2.0      8.0      0.0      0.0      0.0      0.0      0.0      0.0      0.0      3.0      0.0      0.0      0.0      0.0      0.0      1.0      1.0      0.0      1.0      3.0      22.0     0.0      6.0      2.0      8.0      0.0      8.0      4.0     
0.0      0.0      1.0      0.0      0.0      0.0      0.0      1.0      0.0      0.0      0.0      0.0      0.0      0.0      1.0      1.0      1.0      0.0      1.0      0.0      0.0      0.0      0.0      0.0      2.0      0.0      3.0      0.0      19.0     5.0      0.0      0.0      0.0      1.0      0.0      0.0      0.0      0.0      0.0      0.0      1.0      0.0      0.0      0.0      0.0      3.0      3.0      0.0      1.0      0.0      0.0      0.0      0.0      0.0      1.0      0.0      0.0      0.0      0.0      0.0      0.0      0.0      0.0      0.0      0.0      3.0      10.0     0.0      2.0      2.0      0.0      1.0      0.0      2.0      0.0      1.0      0.0      0.0      384.0    5.0      1.0      0.0      0.0      0.0      0.0      0.0      73.0     1.0      6.0      5.0      43.0     2.0      8.0      6.0      0.0      0.0      0.0      0.0      1.0      112.0    24.0     36.0     20.0     53.0     3.0      1.0      0.0      0.0      5.0      1.0      1.0      4.0      32.0     1.0      1.0      31.0     0.0      0.0      2.0      0.0      21.0     0.0      2.0      2.0      36.0     0.0      0.0      1.0      4.0      6.0      5.0      46.0     2.0      3.0      0.0      0.0      0.0      5.0      1.0      0.0      0.0      7.0      12.0     21.0     1.0      0.0      0.0      15.0     24.0     0.0     
233.0    0.0      1.0      0.0      94.0     250.0    0.0      0.0      0.0      0.0      0.0      0.0      0.0      0.0      2.0      52.0     0.0      0.0      0.0      0.0      0.0      0.0      0.0      133.0    0.0      0.0      0.0      0.0      0.0      0.0      42.0     7.0      0.0      0.0      1.0      0.0      0.0      0.0      0.0      0.0      0.0      0.0      0.0      2.0      1.0      0.0      1.0      0.0      0.0      0.0      0.0      0.0      0.0      4.0      0.0      0.0      0.0      0.0      0.0      0.0      0.0      0.0      3.0      0.0      37.0     0.0      37.0     0.0      0.0      0.0      24.0     0.0      0.0      0.0      0.0      487.0    0.0      4.0      5.0      1332.0   295.0    23.0     21.0     6.0      4.0      31.0     6.0      55.0     36.0     9.0      341.0    7.0      181.0    6.0      33.0     0.0      53.0     2.0      64.0     5.0      2.0      22.0     25.0     11.0     65.0     13.0     9.0      1.0      14.0     32.0     0.0      5.0      5.0      44.0     3.0      6.0      0.0      24.0     48.0     101.0    23.0     1.0      30.0     168.0    15.0     0.0      4.0      8.0      84.0     1.0      0.0      10.0     4.0      3.0      0.0      0.0      2.0      3.0      5.0      11.0     46.0     30.0     16.0     2.0      1.0      16.0     27.0     8.0      9.0      0.0     
108.0    0.0      1.0      0.0      153.0    320.0    12.0     3.0      4.0      5.0      0.0      1.0      17.0     7.0      64.0     39.0     0.0      0.0      0.0      0.0      0.0      0.0      0.0      52.0     0.0      0.0      1.0      0.0      1.0      8.0      25.0     13.0     0.0      0.0      0.0      0.0      0.0      0.0      15.0     3.0      0.0      0.0      0.0      0.0      0.0      0.0      2.0      0.0      0.0      17.0     0.0      0.0      7.0      37.0     2.0      0.0      0.0      0.0      0.0      0.0      0.0      0.0      1.0      2.0      15.0     2.0      60.0     0.0      0.0      0.0      9.0      4.0      0.0      0.0      0.0      67.0     0.0      2.0      1.0      295.0    1377.0   149.0    91.0     21.0     6.0      14.0     53.0     63.0     129.0    164.0    532.0    7.0      63.0     0.0      22.0     0.0      11.0     0.0      65.0     1.0      0.0      3.0      1.0      1.0      78.0     57.0     85.0     1.0      2.0      8.0      0.0      0.0      2.0      81.0     32.0     0.0      0.0      8.0      17.0     31.0     1.0      0.0      6.0      30.0     50.0     0.0      0.0      95.0     94.0     1.0      0.0      2.0      0.0      2.0      0.0      0.0      0.0      30.0     45.0     5.0      28.0     149.0    0.0      5.0      0.0      123.0    53.0     0.0      0.0      0.0     
0.0      0.0      0.0      0.0      0.0      1.0      0.0      0.0      0.0      0.0      0.0      2.0      0.0      0.0      0.0      2.0      1.0      0.0      0.0      0.0      0.0      0.0      0.0      0.0      0.0      0.0      1.0      0.0      4.0      1.0      0.0      1.0      0.0      0.0      0.0      0.0      0.0      0.0      0.0      0.0      0.0      0.0      0.0      1.0      0.0      0.0      0.0      0.0      1.0      1.0      0.0      0.0      0.0      0.0      0.0      0.0      0.0      0.0      0.0      0.0      0.0      0.0      0.0      0.0      0.0      1.0      1.0      0.0      0.0      0.0      0.0      0.0      0.0      0.0      0.0      11.0     0.0      0.0      0.0      23.0     149.0    390.0    163.0    39.0     5.0      3.0      17.0     1.0      2.0      54.0     190.0    2.0      13.0     0.0      5.0      0.0      3.0      0.0      0.0      0.0      0.0      0.0      0.0      2.0      111.0    10.0     25.0     0.0      0.0      0.0      0.0      0.0      0.0      4.0      3.0      0.0      0.0      3.0      4.0      5.0      0.0      6.0      0.0      7.0      12.0     0.0      0.0      14.0     27.0     9.0      0.0      0.0      0.0      0.0      0.0      0.0      0.0      3.0      5.0      0.0      28.0     116.0    0.0      3.0      1.0      32.0     94.0     0.0      0.0      0.0     
0.0      0.0      1.0      0.0      0.0      0.0      0.0      0.0      0.0      0.0      0.0      0.0      0.0      0.0      1.0      2.0      1.0      0.0      0.0      1.0      0.0      0.0      0.0      0.0      0.0      0.0      4.0      1.0      12.0     0.0      0.0      0.0      0.0      0.0      0.0      0.0      0.0      0.0      0.0      0.0      0.0      0.0      0.0      1.0      0.0      0.0      0.0      0.0      1.0      0.0      0.0      0.0      0.0      0.0      0.0      0.0      0.0      0.0      0.0      0.0      0.0      0.0      0.0      0.0      0.0      0.0      2.0      1.0      0.0      0.0      0.0      0.0      0.0      0.0      0.0      11.0     0.0      9.0      0.0      21.0     91.0     163.0    392.0    50.0     6.0      0.0      19.0     0.0      0.0      25.0     165.0    2.0      11.0     0.0      1.0      0.0      1.0      0.0      0.0      0.0      0.0      1.0      0.0      6.0      170.0    9.0      27.0     0.0      2.0      0.0      0.0      0.0      0.0      0.0      0.0      0.0      0.0      0.0      3.0      0.0      0.0      55.0     0.0      3.0      5.0      0.0      0.0      3.0      17.0     5.0      0.0      0.0      0.0      0.0      0.0      0.0      0.0      3.0      4.0      0.0      25.0     111.0    0.0      9.0      2.0      29.0     132.0    0.0      0.0      0.0     
0.0      0.0      4.0      0.0      0.0      0.0      1.0      0.0      0.0      0.0      0.0      0.0      0.0      0.0      0.0      2.0      0.0      0.0      0.0      1.0      0.0      0.0      0.0      0.0      1.0      0.0      2.0      0.0      0.0      0.0      0.0      0.0      0.0      0.0      0.0      0.0      0.0      0.0      0.0      0.0      0.0      0.0      0.0      0.0      0.0      0.0      0.0      0.0      1.0      0.0      0.0      0.0      0.0      0.0      0.0      0.0      0.0      0.0      0.0      0.0      0.0      0.0      0.0      0.0      0.0      1.0      0.0      0.0      0.0      0.0      0.0      0.0      0.0      0.0      0.0      0.0      0.0      0.0      0.0      6.0      21.0     39.0     50.0     149.0    24.0     0.0      2.0      0.0      0.0      14.0     6.0      1.0      2.0      0.0      0.0      0.0      3.0      2.0      0.0      1.0      0.0      1.0      0.0      1.0      51.0     0.0      7.0      0.0      1.0      2.0      0.0      0.0      0.0      0.0      0.0      0.0      0.0      0.0      1.0      0.0      0.0      5.0      0.0      1.0      0.0      0.0      0.0      2.0      8.0      1.0      0.0      1.0      0.0      0.0      0.0      0.0      0.0      2.0      0.0      0.0      21.0     81.0     0.0      1.0      1.0      8.0      89.0     0.0      0.0      0.0     
0.0      0.0      5.0      0.0      0.0      0.0      1.0      0.0      0.0      1.0      0.0      0.0      0.0      0.0      0.0      8.0      0.0      0.0      0.0      0.0      0.0      0.0      0.0      0.0      0.0      0.0      1.0      0.0      0.0      0.0      0.0      0.0      0.0      0.0      0.0      0.0      0.0      0.0      0.0      0.0      0.0      0.0      0.0      0.0      1.0      0.0      0.0      0.0      0.0      0.0      0.0      0.0      0.0      0.0      5.0      0.0      1.0      0.0      0.0      0.0      0.0      0.0      0.0      0.0      0.0      1.0      4.0      0.0      0.0      0.0      0.0      0.0      0.0      0.0      0.0      0.0      0.0      0.0      0.0      4.0      6.0      5.0      6.0      24.0     228.0    1.0      12.0     0.0      2.0      8.0      8.0      0.0      0.0      11.0     0.0      0.0      5.0      79.0     0.0      20.0     0.0      38.0     0.0      3.0      43.0     0.0      0.0      0.0      3.0      1.0      0.0      0.0      0.0      0.0      0.0      0.0      0.0      2.0      25.0     73.0     0.0      0.0      0.0      1.0      0.0      7.0      0.0      8.0      0.0      1.0      1.0      25.0     3.0      2.0      0.0      0.0      38.0     0.0      0.0      0.0      42.0     124.0    0.0      7.0      0.0      0.0      3.0      0.0      7.0      0.0     
0.0      5.0      0.0      0.0      1.0      0.0      0.0      0.0      0.0      9.0      93.0     0.0      0.0      0.0      0.0      1.0      0.0      0.0      2.0      100.0    0.0      3.0      8.0      0.0      2.0      0.0      5.0      0.0      0.0      1.0      0.0      0.0      0.0      6.0      0.0      0.0      1.0      2.0      0.0      0.0      0.0      0.0      11.0     17.0     128.0    0.0      0.0      0.0      6.0      1.0      2.0      0.0      0.0      0.0      0.0      0.0      0.0      0.0      5.0      0.0      0.0      11.0     0.0      0.0      0.0      28.0     93.0     0.0      0.0      0.0      0.0      0.0      0.0      7.0      0.0      15.0     9.0      0.0      0.0      31.0     14.0     3.0      0.0      0.0      1.0      834.0    0.0      0.0      1.0      13.0     50.0     9.0      54.0     5.0      247.0    2.0      28.0     10.0     1.0      0.0      0.0      0.0      0.0      0.0      3.0      4.0      5.0      0.0      50.0     27.0     0.0      51.0     83.0     0.0      0.0      1.0      0.0      27.0     64.0     658.0    0.0      0.0      0.0      91.0     5.0      30.0     1.0      10.0     5.0      3.0      0.0      0.0      0.0      4.0      4.0      52.0     20.0     0.0      4.0      0.0      215.0    59.0     0.0      0.0      0.0      2.0      0.0      58.0     64.0     0.0     
1.0      0.0      3.0      1.0      1.0      21.0     23.0     7.0      0.0      0.0      0.0      54.0     0.0      12.0     24.0     39.0     0.0      6.0      0.0      1.0      0.0      0.0      0.0      1.0      0.0      1.0      3.0      1.0      13.0     19.0     1.0      0.0      0.0      4.0      0.0      0.0      0.0      4.0      1.0      18.0     1.0      0.0      0.0      4.0      1.0      0.0      6.0      0.0      9.0      31.0     0.0      0.0      19.0     0.0      5.0      0.0      0.0      0.0      1.0      0.0      0.0      0.0      0.0      0.0      0.0      0.0      15.0     1.0      10.0     0.0      0.0      15.0     0.0      7.0      0.0      0.0      0.0      0.0      73.0     6.0      53.0     17.0     19.0     2.0      12.0     0.0      1072.0   1.0      41.0     19.0     383.0    1.0      1.0      4.0      6.0      0.0      1.0      4.0      3.0      46.0     8.0      18.0     17.0     41.0     40.0     3.0      0.0      0.0      3.0      3.0      4.0      2.0      45.0     5.0      19.0     35.0     0.0      1.0      3.0      1.0      10.0     16.0     0.0      7.0      203.0    0.0      0.0      49.0     1.0      36.0     11.0     12.0     2.0      0.0      0.0      0.0      0.0      0.0      3.0      0.0      9.0      42.0     14.0     372.0    2.0      0.0      23.0     19.0     39.0     0.0     
3.0      0.0      0.0      0.0      10.0     14.0     0.0      0.0      0.0      0.0      0.0      0.0      5.0      4.0      15.0     9.0      0.0      0.0      0.0      0.0      0.0      0.0      0.0      2.0      0.0      0.0      0.0      0.0      0.0      0.0      0.0      0.0      0.0      0.0      0.0      0.0      0.0      0.0      0.0      1.0      0.0      0.0      0.0      0.0      0.0      0.0      0.0      0.0      0.0      3.0      0.0      0.0      5.0      8.0      0.0      0.0      0.0      0.0      0.0      0.0      0.0      0.0      2.0      0.0      0.0      0.0      1.0      0.0      0.0      0.0      0.0      0.0      0.0      0.0      0.0      33.0     0.0      0.0      1.0      55.0     63.0     1.0      0.0      0.0      0.0      0.0      1.0      277.0    60.0     11.0     75.0     7.0      3.0      0.0      1.0      0.0      1.0      0.0      56.0     1.0      0.0      5.0      0.0      1.0      3.0      0.0      0.0      0.0      1.0      1.0      0.0      0.0      0.0      78.0     0.0      3.0      0.0      2.0      0.0      3.0      0.0      0.0      26.0     11.0     20.0     0.0      0.0      9.0      6.0      0.0      0.0      2.0      0.0      0.0      0.0      0.0      0.0      17.0     0.0      11.0     1.0      0.0      1.0      1.0      0.0      0.0      1.0      0.0      1.0      0.0     
1.0      0.0      1.0      0.0      9.0      21.0     0.0      0.0      0.0      0.0      0.0      3.0      21.0     25.0     94.0     9.0      0.0      0.0      0.0      0.0      0.0      0.0      0.0      3.0      0.0      0.0      1.0      1.0      1.0      1.0      0.0      0.0      0.0      0.0      0.0      0.0      0.0      0.0      21.0     5.0      0.0      0.0      0.0      0.0      0.0      0.0      0.0      0.0      0.0      24.0     0.0      0.0      39.0     37.0     0.0      0.0      0.0      0.0      0.0      0.0      0.0      0.0      0.0      0.0      0.0      0.0      5.0      1.0      0.0      0.0      0.0      1.0      0.0      0.0      0.0      3.0      0.0      1.0      6.0      36.0     129.0    2.0      0.0      0.0      2.0      1.0      41.0     60.0     562.0    14.0     195.0    19.0     15.0     0.0      4.0      0.0      4.0      1.0      0.0      2.0      1.0      11.0     9.0      5.0      9.0      0.0      0.0      0.0      3.0      1.0      0.0      3.0      8.0      154.0    70.0     15.0     0.0      4.0      0.0      7.0      9.0      1.0      25.0     43.0     107.0    0.0      0.0      71.0     14.0     2.0      0.0      7.0      1.0      0.0      0.0      0.0      0.0      40.0     0.0      0.0      1.0      21.0     3.0      6.0      0.0      0.0      3.0      7.0      2.0      1.0     
7.0      0.0      0.0      0.0      52.0     149.0    26.0     1.0      2.0      8.0      0.0      6.0      21.0     16.0     66.0     45.0     0.0      0.0      0.0      0.0      0.0      0.0      0.0      8.0      0.0      0.0      3.0      1.0      1.0      11.0     2.0      0.0      0.0      0.0      0.0      0.0      0.0      0.0      24.0     8.0      0.0      0.0      0.0      0.0      0.0      1.0      2.0      1.0      0.0      25.0     0.0      0.0      14.0     25.0     6.0      0.0      0.0      0.0      0.0      0.0      0.0      0.0      2.0      1.0      1.0      6.0      71.0     0.0      0.0      0.0      1.0      7.0      0.0      0.0      0.0      38.0     0.0      0.0      5.0      9.0      164.0    54.0     25.0     14.0     8.0      13.0     19.0     11.0     14.0     964.0    181.0    16.0     19.0     0.0      13.0     0.0      12.0     2.0      14.0     7.0      0.0      4.0      6.0      29.0     35.0     3.0      1.0      0.0      0.0      9.0      0.0      3.0      3.0      1.0      2.0      3.0      0.0      10.0     7.0      22.0     9.0      1.0      2.0      32.0     20.0     0.0      0.0      332.0    122.0    83.0     0.0      1.0      1.0      1.0      0.0      0.0      0.0      56.0     3.0      1.0      11.0     146.0    2.0      50.0     14.0     2.0      24.0     8.0      6.0      0.0     
61.0     0.0      2.0      0.0      16.0     61.0     1.0      4.0      3.0      2.0      0.0      3.0      0.0      0.0      12.0     38.0     1.0      0.0      1.0      1.0      0.0      0.0      1.0      29.0     0.0      0.0      13.0     1.0      17.0     5.0      23.0     9.0      0.0      0.0      0.0      0.0      0.0      1.0      0.0      0.0      0.0      0.0      0.0      2.0      0.0      1.0      1.0      0.0      1.0      1.0      0.0      0.0      6.0      5.0      3.0      0.0      0.0      1.0      0.0      0.0      0.0      0.0      2.0      1.0      4.0      3.0      33.0     1.0      1.0      0.0      8.0      4.0      0.0      1.0      0.0      85.0     0.0      28.0     43.0     341.0    532.0    190.0    165.0    6.0      8.0      50.0     383.0    75.0     195.0    181.0    3170.0   36.0     145.0    6.0      68.0     0.0      34.0     5.0      60.0     13.0     8.0      24.0     17.0     213.0    92.0     43.0     19.0     2.0      22.0     36.0     7.0      7.0      21.0     76.0     33.0     15.0     0.0      27.0     46.0     97.0     20.0     34.0     15.0     132.0    167.0    1.0      0.0      99.0     108.0    170.0    3.0      13.0     3.0      2.0      0.0      0.0      2.0      18.0     21.0     3.0      27.0     51.0     5.0      190.0    56.0     32.0     37.0     18.0     13.0     0.0     
0.0      0.0      0.0      1.0      0.0      0.0      1.0      1.0      0.0      0.0      0.0      4.0      0.0      0.0      1.0      1.0      0.0      1.0      0.0      0.0      0.0      0.0      0.0      3.0      1.0      0.0      2.0      1.0      1.0      4.0      3.0      5.0      0.0      1.0      0.0      0.0      0.0      0.0      0.0      0.0      0.0      0.0      0.0      1.0      0.0      1.0      0.0      0.0      1.0      0.0      0.0      0.0      0.0      0.0      0.0      1.0      0.0      0.0      0.0      0.0      0.0      0.0      0.0      2.0      0.0      0.0      5.0      0.0      1.0      0.0      0.0      2.0      0.0      1.0      0.0      49.0     0.0      11.0     2.0      7.0      7.0      2.0      2.0      1.0      0.0      9.0      1.0      7.0      19.0     16.0     36.0     394.0    180.0    1.0      15.0     0.0      27.0     59.0     38.0     11.0     2.0      46.0     20.0     12.0     41.0     4.0      2.0      3.0      57.0     160.0    0.0      1.0      41.0     0.0      0.0      65.0     0.0      22.0     110.0    42.0     18.0     7.0      39.0     256.0    75.0     0.0      0.0      5.0      2.0      1.0      1.0      19.0     0.0      3.0      0.0      0.0      0.0      3.0      4.0      11.0     10.0     0.0      16.0     3.0      1.0      1.0      20.0     36.0     15.0     0.0     
0.0      0.0      4.0      0.0      0.0      0.0      2.0      3.0      0.0      0.0      0.0      2.0      0.0      0.0      0.0      5.0      2.0      2.0      0.0      0.0      0.0      0.0      0.0      2.0      0.0      0.0      0.0      3.0      7.0      6.0      6.0      6.0      0.0      2.0      0.0      0.0      0.0      0.0      0.0      0.0      0.0      0.0      0.0      2.0      0.0      3.0      1.0      0.0      2.0      3.0      0.0      0.0      0.0      0.0      0.0      0.0      0.0      0.0      0.0      0.0      0.0      0.0      0.0      2.0      0.0      0.0      9.0      1.0      0.0      1.0      0.0      4.0      0.0      0.0      0.0      191.0    0.0      19.0     8.0      181.0    63.0     13.0     11.0     2.0      0.0      54.0     1.0      3.0      15.0     19.0     145.0    180.0    828.0    7.0      49.0     0.0      32.0     57.0     77.0     7.0      4.0      50.0     57.0     27.0     49.0     78.0     119.0    7.0      47.0     210.0    1.0      1.0      24.0     1.0      0.0      35.0     0.0      27.0     228.0    111.0    51.0     7.0      43.0     180.0    40.0     1.0      2.0      9.0      9.0      3.0      1.0      18.0     3.0      0.0      0.0      0.0      3.0      1.0      83.0     11.0     28.0     3.0      35.0     6.0      4.0      40.0     20.0     31.0     11.0     1.0     
0.0      0.0      0.0      0.0      0.0      0.0      0.0      0.0      0.0      1.0      24.0     0.0      0.0      0.0      0.0      0.0      0.0      0.0      1.0      28.0     0.0      0.0      0.0      0.0      1.0      0.0      1.0      0.0      0.0      0.0      1.0      0.0      0.0      0.0      0.0      0.0      0.0      0.0      0.0      0.0      0.0      0.0      0.0      0.0      27.0     0.0      0.0      0.0      0.0      0.0      0.0      0.0      0.0      0.0      0.0      0.0      0.0      0.0      3.0      0.0      0.0      0.0      0.0      0.0      0.0      29.0     16.0     0.0      0.0      0.0      0.0      0.0      0.0      0.0      0.0      0.0      36.0     0.0      6.0      6.0      0.0      0.0      0.0      0.0      11.0     5.0      4.0      0.0      0.0      0.0      6.0      1.0      7.0      629.0    51.0     13.0     18.0     53.0     2.0      12.0     9.0      61.0     7.0      13.0     40.0     3.0      1.0      0.0      9.0      2.0      0.0      47.0     35.0     0.0      0.0      2.0      0.0      46.0     51.0     72.0     9.0      0.0      1.0      9.0      1.0      72.0     16.0     0.0      5.0      0.0      3.0      33.0     134.0    100.0    70.0     33.0     72.0     0.0      3.0      0.0      57.0     25.0     7.0      5.0      0.0      0.0      2.0      29.0     67.0     0.0     
0.0      1.0      0.0      0.0      0.0      0.0      0.0      0.0      0.0      0.0      20.0     0.0      0.0      0.0      0.0      1.0      0.0      0.0      6.0      52.0     0.0      2.0      0.0      0.0      1.0      0.0      0.0      0.0      0.0      0.0      0.0      0.0      0.0      1.0      0.0      0.0      0.0      1.0      0.0      0.0      0.0      0.0      2.0      0.0      38.0     0.0      0.0      0.0      2.0      0.0      0.0      0.0      0.0      0.0      0.0      0.0      0.0      0.0      3.0      0.0      0.0      0.0      0.0      0.0      0.0      12.0     14.0     0.0      0.0      0.0      0.0      0.0      0.0      3.0      0.0      17.0     34.0     0.0      0.0      33.0     22.0     5.0      1.0      0.0      0.0      247.0    6.0      1.0      4.0      13.0     68.0     15.0     49.0     51.0     984.0    10.0     18.0     33.0     2.0      1.0      0.0      32.0     0.0      0.0      2.0      6.0      10.0     0.0      78.0     16.0     0.0      109.0    102.0    0.0      0.0      2.0      0.0      67.0     108.0    413.0    0.0      0.0      1.0      191.0    24.0     96.0     2.0      9.0      4.0      4.0      0.0      2.0      15.0     51.0     15.0     101.0    45.0     0.0      8.0      0.0      280.0    14.0     0.0      5.0      0.0      7.0      0.0      87.0     63.0     0.0     
0.0      1.0      0.0      0.0      0.0      0.0      0.0      0.0      0.0      0.0      1.0      0.0      0.0      0.0      0.0      0.0      0.0      0.0      2.0      3.0      0.0      0.0      0.0      0.0      0.0      0.0      0.0      0.0      0.0      0.0      0.0      0.0      0.0      0.0      0.0      0.0      0.0      0.0      0.0      0.0      0.0      0.0      0.0      0.0      1.0      0.0      0.0      0.0      0.0      0.0      0.0      0.0      0.0      0.0      0.0      0.0      0.0      0.0      0.0      0.0      0.0      0.0      0.0      0.0      0.0      0.0      0.0      0.0      0.0      0.0      0.0      0.0      0.0      0.0      0.0      0.0      81.0     0.0      0.0      0.0      0.0      0.0      0.0      0.0      0.0      2.0      0.0      0.0      0.0      0.0      0.0      0.0      0.0      13.0     10.0     182.0    16.0     7.0      0.0      0.0      0.0      0.0      0.0      0.0      0.0      0.0      0.0      0.0      0.0      0.0      0.0      0.0      0.0      0.0      0.0      0.0      0.0      39.0     2.0      18.0     0.0      0.0      0.0      0.0      0.0      40.0     41.0     0.0      0.0      0.0      0.0      0.0      3.0      2.0      2.0      19.0     54.0     0.0      0.0      0.0      0.0      0.0      0.0      0.0      0.0      0.0      0.0      0.0      0.0      0.0     
0.0      0.0      0.0      0.0      0.0      0.0      0.0      0.0      0.0      0.0      0.0      0.0      0.0      0.0      0.0      0.0      0.0      0.0      0.0      0.0      0.0      1.0      0.0      0.0      0.0      0.0      0.0      0.0      0.0      0.0      0.0      0.0      0.0      0.0      0.0      0.0      0.0      0.0      0.0      0.0      0.0      0.0      0.0      1.0      1.0      0.0      0.0      0.0      0.0      0.0      0.0      0.0      0.0      0.0      0.0      0.0      0.0      0.0      0.0      0.0      0.0      1.0      0.0      0.0      0.0      0.0      1.0      0.0      0.0      0.0      0.0      0.0      0.0      0.0      0.0      33.0     26.0     0.0      0.0      53.0     11.0     3.0      1.0      3.0      5.0      28.0     1.0      1.0      4.0      12.0     34.0     27.0     32.0     18.0     18.0     16.0     720.0    22.0     5.0      2.0      1.0      1.0      0.0      4.0      5.0      4.0      4.0      0.0      91.0     6.0      0.0      3.0      95.0     0.0      0.0      4.0      0.0      122.0    100.0    395.0    0.0      0.0      5.0      156.0    13.0     33.0     97.0     5.0      24.0     1.0      1.0      0.0      5.0      0.0      3.0      10.0     139.0    2.0      4.0      0.0      6.0      6.0      0.0      2.0      0.0      1.0      1.0      43.0     93.0     0.0     
0.0      2.0      0.0      0.0      0.0      0.0      0.0      1.0      0.0      2.0      10.0     0.0      0.0      0.0      0.0      1.0      0.0      0.0      0.0      3.0      0.0      0.0      0.0      0.0      2.0      0.0      1.0      0.0      0.0      2.0      0.0      2.0      0.0      1.0      0.0      0.0      0.0      0.0      0.0      0.0      0.0      0.0      0.0      5.0      16.0     0.0      0.0      0.0      1.0      0.0      2.0      0.0      0.0      0.0      0.0      0.0      1.0      0.0      0.0      0.0      0.0      8.0      0.0      0.0      0.0      10.0     32.0     0.0      0.0      0.0      0.0      0.0      0.0      1.0      0.0      1.0      23.0     8.0      0.0      2.0      0.0      0.0      0.0      2.0      79.0     10.0     4.0      0.0      1.0      2.0      5.0      59.0     57.0     53.0     33.0     7.0      22.0     377.0    4.0      16.0     1.0      46.0     9.0      5.0      35.0     2.0      2.0      3.0      3.0      67.0     0.0      0.0      0.0      0.0      0.0      0.0      0.0      13.0     147.0    121.0    8.0      2.0      0.0      3.0      0.0      72.0     2.0      1.0      0.0      0.0      2.0      21.0     14.0     5.0      15.0     4.0      186.0    0.0      2.0      1.0      45.0     48.0     7.0      3.0      1.0      0.0      5.0      0.0      6.0      0.0     
24.0     0.0      0.0      0.0      14.0     43.0     0.0      0.0      0.0      0.0      0.0      0.0      2.0      0.0      9.0      11.0     0.0      0.0      0.0      0.0      0.0      0.0      0.0      45.0     0.0      0.0      0.0      0.0      0.0      0.0      42.0     20.0     0.0      0.0      0.0      0.0      0.0      0.0      0.0      0.0      0.0      0.0      0.0      0.0      0.0      0.0      0.0      0.0      0.0      0.0      0.0      0.0      2.0      4.0      0.0      0.0      0.0      0.0      0.0      0.0      0.0      0.0      9.0      3.0      4.0      0.0      54.0     0.0      0.0      0.0      18.0     0.0      0.0      0.0      0.0      259.0    2.0      1.0      1.0      64.0     65.0     0.0      0.0      0.0      0.0      1.0      3.0      56.0     0.0      14.0     60.0     38.0     77.0     2.0      2.0      0.0      5.0      4.0      718.0    0.0      0.0      6.0      4.0      2.0      8.0      189.0    4.0      0.0      18.0     63.0     0.0      0.0      0.0      25.0     0.0      0.0      0.0      4.0      46.0     9.0      3.0      1.0      116.0    56.0     11.0     1.0      0.0      4.0      9.0      1.0      0.0      5.0      1.0      1.0      0.0      0.0      3.0      28.0     155.0    119.0    8.0      2.0      0.0      1.0      2.0      33.0     1.0      0.0      3.0      0.0     
0.0      0.0      0.0      0.0      0.0      0.0      0.0      0.0      0.0      1.0      0.0      0.0      0.0      0.0      0.0      1.0      0.0      0.0      0.0      1.0      0.0      0.0      0.0      0.0      6.0      4.0      12.0     0.0      4.0      3.0      0.0      0.0      0.0      0.0      0.0      2.0      1.0      1.0      0.0      0.0      2.0      0.0      0.0      0.0      1.0      0.0      0.0      0.0      0.0      0.0      0.0      0.0      0.0      0.0      0.0      3.0      1.0      0.0      0.0      0.0      1.0      0.0      0.0      0.0      0.0      4.0      42.0     0.0      3.0      0.0      0.0      2.0      2.0      3.0      0.0      1.0      0.0      3.0      112.0    5.0      1.0      0.0      0.0      1.0      20.0     0.0      46.0     1.0      2.0      7.0      13.0     11.0     7.0      12.0     1.0      0.0      2.0      16.0     0.0      942.0    67.0     73.0     48.0     138.0    46.0     0.0      1.0      0.0      19.0     3.0      1.0      47.0     199.0    0.0      0.0      25.0     0.0      1.0      4.0      12.0     64.0     2.0      3.0      10.0     17.0     2.0      0.0      1.0      3.0      3.0      88.0     216.0    0.0      7.0      1.0      3.0      4.0      0.0      0.0      0.0      4.0      38.0     33.0     20.0     1.0      0.0      25.0     120.0    254.0    1.0     
0.0      0.0      0.0      1.0      0.0      0.0      0.0      0.0      0.0      0.0      0.0      0.0      0.0      0.0      1.0      0.0      0.0      0.0      1.0      0.0      0.0      0.0      0.0      0.0      4.0      4.0      4.0      0.0      1.0      1.0      0.0      0.0      0.0      0.0      0.0      1.0      0.0      0.0      0.0      0.0      1.0      0.0      0.0      0.0      0.0      0.0      0.0      0.0      0.0      0.0      0.0      0.0      0.0      0.0      0.0      5.0      1.0      1.0      0.0      0.0      0.0      0.0      0.0      0.0      0.0      1.0      17.0     1.0      2.0      0.0      0.0      1.0      0.0      0.0      0.0      1.0      0.0      0.0      24.0     2.0      0.0      0.0      0.0      0.0      0.0      0.0      8.0      0.0      1.0      0.0      8.0      2.0      4.0      9.0      0.0      0.0      1.0      1.0      0.0      67.0     290.0    51.0     5.0      25.0     17.0     0.0      1.0      0.0      18.0     0.0      26.0     6.0      34.0     0.0      0.0      53.0     0.0      0.0      3.0      1.0      5.0      0.0      2.0      5.0      5.0      3.0      0.0      0.0      0.0      0.0      40.0     63.0     2.0      2.0      0.0      3.0      1.0      0.0      0.0      0.0      2.0      8.0      45.0     1.0      0.0      0.0      1.0      18.0     17.0     0.0     
0.0      0.0      1.0      1.0      0.0      0.0      0.0      0.0      0.0      1.0      0.0      0.0      0.0      0.0      0.0      3.0      1.0      0.0      0.0      0.0      0.0      0.0      1.0      0.0      0.0      0.0      7.0      2.0      2.0      8.0      0.0      0.0      0.0      1.0      1.0      0.0      0.0      0.0      0.0      0.0      0.0      0.0      0.0      2.0      1.0      1.0      0.0      0.0      1.0      0.0      0.0      0.0      0.0      0.0      2.0      0.0      1.0      0.0      0.0      0.0      0.0      1.0      0.0      0.0      0.0      0.0      20.0     2.0      2.0      1.0      0.0      6.0      0.0      0.0      0.0      4.0      2.0      11.0     36.0     22.0     3.0      0.0      1.0      1.0      38.0     0.0      18.0     5.0      11.0     4.0      24.0     46.0     50.0     61.0     32.0     0.0      1.0      46.0     6.0      73.0     51.0     1219.0   109.0    70.0     211.0    7.0      6.0      10.0     98.0     42.0     9.0      30.0     74.0     0.0      1.0      40.0     0.0      0.0      69.0     30.0     96.0     6.0      12.0     61.0     12.0     36.0     0.0      0.0      9.0      0.0      17.0     542.0    29.0     18.0     1.0      35.0     20.0     2.0      6.0      0.0      110.0    23.0     211.0    11.0     2.0      2.0      1.0      60.0     89.0     10.0    
0.0      0.0      0.0      0.0      0.0      0.0      0.0      0.0      1.0      1.0      0.0      0.0      0.0      0.0      0.0      1.0      0.0      0.0      0.0      0.0      0.0      0.0      0.0      0.0      0.0      3.0      9.0      5.0      1.0      8.0      0.0      1.0      0.0      0.0      1.0      0.0      0.0      0.0      0.0      0.0      2.0      0.0      0.0      1.0      0.0      1.0      0.0      0.0      0.0      0.0      0.0      0.0      0.0      0.0      0.0      0.0      0.0      0.0      0.0      0.0      0.0      0.0      0.0      0.0      0.0      0.0      28.0     7.0      1.0      0.0      0.0      6.0      0.0      0.0      0.0      9.0      0.0      48.0     20.0     25.0     1.0      0.0      0.0      0.0      0.0      0.0      17.0     0.0      9.0      6.0      17.0     20.0     57.0     7.0      0.0      0.0      0.0      9.0      4.0      48.0     5.0      109.0    775.0    34.0     18.0     1.0      20.0     0.0      16.0     13.0     1.0      16.0     25.0     0.0      0.0      28.0     0.0      0.0      12.0     0.0      555.0    1.0      4.0      23.0     9.0      0.0      0.0      0.0      6.0      0.0      4.0      62.0     2.0      1.0      0.0      1.0      0.0      6.0      5.0      0.0      1.0      7.0      263.0    5.0      2.0      0.0      0.0      23.0     38.0     2.0     
0.0      0.0      19.0     0.0      2.0      1.0      1.0      0.0      0.0      1.0      0.0      2.0      0.0      0.0      3.0      27.0     2.0      1.0      1.0      2.0      0.0      0.0      0.0      0.0      1.0      2.0      17.0     7.0      23.0     14.0     1.0      0.0      0.0      1.0      1.0      0.0      0.0      0.0      0.0      0.0      1.0      0.0      0.0      2.0      1.0      8.0      4.0      0.0      1.0      1.0      0.0      0.0      0.0      0.0      6.0      0.0      0.0      0.0      0.0      0.0      0.0      0.0      0.0      1.0      0.0      2.0      47.0     4.0      4.0      2.0      0.0      6.0      0.0      1.0      0.0      2.0      0.0      78.0     53.0     11.0     1.0      2.0      6.0      1.0      3.0      0.0      41.0     1.0      5.0      29.0     213.0    12.0     27.0     13.0     0.0      0.0      4.0      5.0      2.0      138.0    25.0     70.0     34.0     1537.0   25.0     5.0      14.0     0.0      9.0      9.0      8.0      15.0     97.0     0.0      3.0      13.0     0.0      2.0      8.0      5.0      176.0    0.0      1.0      11.0     6.0      0.0      0.0      3.0      4.0      20.0     14.0     48.0     5.0      0.0      0.0      0.0      0.0      0.0      3.0      0.0      1.0      21.0     25.0     167.0    185.0    0.0      2.0      72.0     73.0     0.0     
2.0      0.0      4.0      2.0      2.0      3.0      3.0      1.0      0.0      0.0      2.0      2.0      0.0      0.0      1.0      18.0     0.0      0.0      0.0      4.0      0.0      0.0      0.0      1.0      1.0      1.0      13.0     0.0      9.0      10.0     1.0      2.0      0.0      0.0      0.0      0.0      0.0      1.0      0.0      0.0      0.0      0.0      0.0      3.0      1.0      1.0      2.0      0.0      1.0      2.0      0.0      0.0      0.0      0.0      2.0      2.0      0.0      0.0      0.0      0.0      0.0      0.0      0.0      1.0      0.0      3.0      10.0     1.0      4.0      1.0      1.0      2.0      0.0      2.0      0.0      13.0     0.0      23.0     3.0      65.0     78.0     111.0    170.0    51.0     43.0     3.0      40.0     3.0      9.0      35.0     92.0     41.0     49.0     40.0     2.0      0.0      5.0      35.0     8.0      46.0     17.0     211.0    18.0     25.0     1732.0   12.0     14.0     10.0     285.0    38.0     35.0     21.0     68.0     0.0      0.0      40.0     0.0      2.0      68.0     53.0     19.0     109.0    7.0      95.0     28.0     30.0     0.0      5.0      30.0     4.0      5.0      60.0     9.0      19.0     0.0      16.0     34.0     3.0      11.0     0.0      329.0    132.0    17.0     18.0     1.0      20.0     506.0    25.0     155.0    28.0    
21.0     0.0      1.0      0.0      3.0      27.0     0.0      0.0      0.0      0.0      0.0      0.0      0.0      0.0      0.0      6.0      0.0      0.0      0.0      0.0      0.0      0.0      0.0      19.0     0.0      0.0      2.0      0.0      0.0      1.0      27.0     11.0     0.0      0.0      0.0      0.0      0.0      0.0      0.0      0.0      0.0      0.0      0.0      0.0      0.0      0.0      0.0      0.0      0.0      0.0      0.0      0.0      0.0      0.0      0.0      0.0      0.0      0.0      0.0      0.0      0.0      0.0      0.0      2.0      4.0      1.0      32.0     0.0      0.0      0.0      8.0      0.0      0.0      0.0      0.0      92.0     2.0      2.0      1.0      13.0     57.0     10.0     9.0      0.0      0.0      4.0      3.0      0.0      0.0      3.0      43.0     4.0      78.0     3.0      6.0      0.0      4.0      2.0      189.0    0.0      0.0      7.0      1.0      5.0      12.0     352.0    40.0     1.0      4.0      21.0     0.0      0.0      1.0      0.0      0.0      0.0      0.0      4.0      30.0     14.0     2.0      1.0      3.0      13.0     2.0      1.0      0.0      0.0      0.0      1.0      0.0      5.0      0.0      1.0      0.0      0.0      2.0      1.0      178.0    12.0     12.0     8.0      0.0      1.0      4.0      82.0     2.0      1.0      2.0      0.0     
3.0      0.0      2.0      0.0      0.0      0.0      0.0      0.0      0.0      1.0      0.0      0.0      0.0      0.0      0.0      1.0      0.0      0.0      2.0      1.0      0.0      2.0      2.0      2.0      0.0      0.0      2.0      2.0      3.0      1.0      0.0      26.0     0.0      0.0      2.0      0.0      0.0      0.0      0.0      0.0      0.0      0.0      1.0      4.0      3.0      2.0      0.0      0.0      0.0      0.0      0.0      2.0      0.0      0.0      0.0      0.0      0.0      0.0      2.0      0.0      0.0      6.0      0.0      0.0      0.0      3.0      8.0      1.0      0.0      0.0      0.0      1.0      0.0      0.0      0.0      8.0      0.0      7.0      0.0      9.0      85.0     25.0     27.0     7.0      0.0      5.0      0.0      0.0      0.0      1.0      19.0     2.0      119.0    1.0      10.0     0.0      4.0      2.0      4.0      1.0      1.0      6.0      20.0     14.0     14.0     40.0     259.0    0.0      0.0      6.0      1.0      0.0      0.0      0.0      0.0      1.0      0.0      5.0      17.0     13.0     16.0     0.0      0.0      7.0      0.0      0.0      1.0      0.0      0.0      0.0      1.0      1.0      0.0      0.0      0.0      0.0      0.0      0.0      37.0     0.0      8.0      24.0     11.0     1.0      5.0      79.0     13.0     1.0      1.0      0.0     
0.0      0.0      0.0      0.0      0.0      0.0      0.0      0.0      0.0      0.0      0.0      0.0      0.0      0.0      0.0      0.0      0.0      0.0      0.0      0.0      0.0      0.0      0.0      0.0      0.0      0.0      0.0      0.0      0.0      0.0      0.0      0.0      0.0      0.0      0.0      0.0      0.0      0.0      0.0      0.0      0.0      0.0      0.0      0.0      0.0      0.0      0.0      0.0      0.0      0.0      0.0      0.0      0.0      0.0      0.0      0.0      0.0      0.0      0.0      0.0      0.0      0.0      0.0      0.0      0.0      0.0      0.0      0.0      0.0      0.0      0.0      0.0      0.0      0.0      0.0      2.0      0.0      0.0      0.0      1.0      1.0      0.0      0.0      0.0      0.0      0.0      0.0      0.0      0.0      0.0      2.0      3.0      7.0      0.0      0.0      0.0      0.0      3.0      0.0      0.0      0.0      10.0     0.0      0.0      10.0     1.0      0.0      35.0     32.0     3.0      0.0      0.0      0.0      0.0      0.0      5.0      0.0      0.0      3.0      0.0      0.0      0.0      0.0      17.0     0.0      0.0      0.0      0.0      0.0      0.0      0.0      4.0      0.0      0.0      0.0      0.0      0.0      0.0      0.0      0.0      1.0      0.0      1.0      0.0      0.0      0.0      2.0      0.0      0.0      6.0     
0.0      0.0      0.0      5.0      0.0      0.0      1.0      0.0      0.0      0.0      1.0      2.0      0.0      0.0      1.0      2.0      0.0      0.0      0.0      1.0      0.0      0.0      0.0      1.0      4.0      1.0      3.0      0.0      5.0      6.0      2.0      1.0      0.0      5.0      0.0      0.0      0.0      0.0      0.0      0.0      1.0      0.0      0.0      1.0      3.0      1.0      0.0      0.0      2.0      2.0      0.0      0.0      0.0      0.0      0.0      3.0      0.0      0.0      0.0      0.0      0.0      0.0      0.0      0.0      0.0      1.0      19.0     0.0      3.0      0.0      0.0      2.0      0.0      9.0      1.0      24.0     4.0      13.0     5.0      14.0     2.0      0.0      2.0      1.0      3.0      50.0     3.0      1.0      3.0      0.0      22.0     57.0     47.0     9.0      78.0     0.0      91.0     3.0      18.0     19.0     18.0     98.0     16.0     9.0      285.0    4.0      0.0      32.0     1013.0   79.0     53.0     0.0      10.0     0.0      0.0      86.0     0.0      27.0     33.0     131.0    10.0     8.0      2.0      388.0    30.0     0.0      3.0      0.0      1.0      1.0      2.0      59.0     2.0      5.0      0.0      0.0      23.0     2.0      4.0      2.0      105.0    13.0     25.0     0.0      0.0      2.0      46.0     4.0      301.0    53.0    
0.0      0.0      0.0      1.0      0.0      0.0      0.0      1.0      0.0      1.0      0.0      0.0      0.0      0.0      0.0      0.0      0.0      0.0      0.0      0.0      0.0      0.0      0.0      1.0      2.0      0.0      4.0      1.0      1.0      7.0      2.0      2.0      0.0      0.0      0.0      0.0      0.0      0.0      0.0      0.0      0.0      0.0      0.0      0.0      1.0      1.0      0.0      0.0      0.0      0.0      0.0      0.0      0.0      0.0      0.0      1.0      0.0      0.0      0.0      0.0      0.0      0.0      0.0      1.0      0.0      1.0      4.0      0.0      1.0      0.0      0.0      3.0      0.0      0.0      0.0      68.0     2.0      11.0     1.0      32.0     8.0      0.0      0.0      2.0      1.0      27.0     3.0      1.0      1.0      9.0      36.0     160.0    210.0    2.0      16.0     0.0      6.0      67.0     63.0     3.0      0.0      42.0     13.0     9.0      38.0     21.0     6.0      3.0      79.0     442.0    0.0      1.0      6.0      0.0      0.0      0.0      0.0      8.0      253.0    45.0     10.0     5.0      0.0      155.0    4.0      3.0      0.0      2.0      0.0      0.0      0.0      18.0     0.0      1.0      1.0      0.0      3.0      0.0      19.0     11.0     23.0     4.0      12.0     3.0      2.0      7.0      18.0     1.0      6.0      0.0     
0.0      0.0      0.0      0.0      0.0      0.0      0.0      0.0      0.0      0.0      0.0      0.0      0.0      0.0      0.0      0.0      0.0      0.0      0.0      0.0      0.0      0.0      0.0      0.0      0.0      0.0      0.0      0.0      0.0      0.0      0.0      0.0      0.0      0.0      0.0      0.0      0.0      0.0      0.0      0.0      0.0      0.0      0.0      0.0      0.0      0.0      0.0      0.0      0.0      0.0      0.0      0.0      0.0      0.0      0.0      0.0      0.0      0.0      0.0      0.0      0.0      0.0      0.0      0.0      0.0      0.0      0.0      0.0      0.0      0.0      0.0      0.0      0.0      0.0      0.0      0.0      0.0      1.0      1.0      0.0      0.0      0.0      0.0      0.0      0.0      0.0      4.0      0.0      0.0      0.0      7.0      0.0      1.0      0.0      0.0      0.0      0.0      0.0      0.0      1.0      26.0     9.0      1.0      8.0      35.0     0.0      1.0      0.0      53.0     0.0      93.0     0.0      10.0     0.0      0.0      54.0     0.0      0.0      0.0      0.0      1.0      0.0      0.0      0.0      0.0      0.0      0.0      0.0      0.0      0.0      10.0     3.0      0.0      0.0      0.0      0.0      0.0      0.0      0.0      0.0      0.0      0.0      4.0      0.0      0.0      0.0      4.0      5.0      0.0      13.0    
0.0      5.0      0.0      0.0      0.0      0.0      0.0      0.0      0.0      0.0      2.0      0.0      0.0      0.0      0.0      0.0      0.0      0.0      1.0      8.0      0.0      0.0      0.0      0.0      0.0      0.0      2.0      0.0      0.0      0.0      0.0      0.0      0.0      0.0      0.0      0.0      0.0      0.0      0.0      0.0      0.0      0.0      1.0      0.0      6.0      0.0      0.0      0.0      0.0      0.0      0.0      0.0      0.0      0.0      0.0      0.0      0.0      2.0      1.0      0.0      0.0      0.0      0.0      0.0      0.0      4.0      0.0      0.0      0.0      0.0      0.0      0.0      0.0      0.0      0.0      2.0      15.0     0.0      4.0      5.0      0.0      0.0      0.0      0.0      0.0      51.0     2.0      0.0      3.0      3.0      7.0      1.0      1.0      47.0     109.0    0.0      3.0      0.0      0.0      47.0     6.0      30.0     16.0     15.0     21.0     0.0      0.0      0.0      0.0      1.0      0.0      540.0    107.0    0.0      0.0      5.0      0.0      19.0     55.0     108.0    14.0     0.0      0.0      4.0      1.0      60.0     1.0      0.0      3.0      0.0      1.0      16.0     12.0     10.0     20.0     154.0    0.0      3.0      0.0      0.0      54.0     1.0      6.0      3.0      0.0      0.0      0.0      213.0    46.0     0.0     
0.0      2.0      0.0      0.0      0.0      0.0      0.0      0.0      0.0      0.0      7.0      1.0      0.0      0.0      0.0      0.0      0.0      0.0      3.0      19.0     0.0      1.0      0.0      0.0      11.0     1.0      9.0      0.0      11.0     6.0      0.0      2.0      0.0      2.0      0.0      0.0      2.0      1.0      0.0      0.0      1.0      0.0      5.0      1.0      13.0     2.0      0.0      0.0      1.0      1.0      1.0      0.0      0.0      0.0      0.0      8.0      2.0      3.0      2.0      0.0      1.0      0.0      0.0      0.0      0.0      13.0     42.0     1.0      6.0      0.0      0.0      0.0      0.0      8.0      0.0      9.0      7.0      4.0      32.0     5.0      2.0      0.0      0.0      0.0      0.0      83.0     45.0     0.0      8.0      3.0      21.0     41.0     24.0     35.0     102.0    0.0      95.0     0.0      0.0      199.0    34.0     74.0     25.0     97.0     68.0     1.0      0.0      0.0      10.0     6.0      10.0     107.0    1369.0   1.0      2.0      47.0     0.0      174.0    50.0     342.0    26.0     1.0      11.0     44.0     23.0     2.0      15.0     0.0      7.0      0.0      21.0     71.0     6.0      30.0     2.0      16.0     0.0      2.0      0.0      0.0      79.0     23.0     16.0     24.0     0.0      0.0      4.0      655.0    586.0    0.0     
1.0      0.0      0.0      0.0      7.0      13.0     0.0      0.0      0.0      0.0      0.0      0.0      8.0      8.0      36.0     7.0      0.0      0.0      0.0      0.0      0.0      0.0      0.0      1.0      0.0      0.0      0.0      0.0      0.0      0.0      0.0      0.0      0.0      0.0      0.0      0.0      0.0      0.0      8.0      2.0      0.0      0.0      0.0      0.0      0.0      0.0      0.0      0.0      0.0      9.0      0.0      0.0      13.0     13.0     0.0      0.0      0.0      0.0      0.0      0.0      0.0      0.0      1.0      0.0      0.0      0.0      2.0      0.0      0.0      0.0      0.0      0.0      0.0      0.0      0.0      13.0     0.0      0.0      1.0      44.0     81.0     4.0      0.0      0.0      0.0      0.0      5.0      78.0     154.0    1.0      76.0     0.0      1.0      0.0      0.0      0.0      0.0      0.0      25.0     0.0      0.0      0.0      0.0      0.0      0.0      0.0      0.0      0.0      0.0      0.0      0.0      0.0      1.0      243.0    29.0     0.0      0.0      0.0      0.0      0.0      0.0      0.0      11.0     0.0      96.0     0.0      0.0      1.0      10.0     0.0      0.0      0.0      0.0      0.0      0.0      0.0      0.0      1.0      0.0      0.0      0.0      3.0      0.0      2.0      0.0      0.0      0.0      0.0      0.0      0.0     
0.0      0.0      0.0      0.0      0.0      1.0      0.0      0.0      0.0      0.0      0.0      2.0      2.0      5.0      18.0     1.0      0.0      0.0      0.0      0.0      0.0      0.0      0.0      0.0      0.0      0.0      1.0      0.0      0.0      1.0      0.0      0.0      0.0      0.0      0.0      0.0      0.0      0.0      4.0      3.0      0.0      0.0      0.0      0.0      0.0      0.0      0.0      0.0      0.0      4.0      0.0      0.0      13.0     0.0      0.0      0.0      0.0      0.0      0.0      0.0      0.0      0.0      0.0      0.0      0.0      0.0      2.0      0.0      0.0      0.0      0.0      1.0      0.0      0.0      0.0      0.0      0.0      0.0      1.0      3.0      32.0     3.0      0.0      0.0      0.0      0.0      19.0     0.0      70.0     2.0      33.0     0.0      0.0      0.0      0.0      0.0      0.0      0.0      0.0      0.0      0.0      1.0      0.0      3.0      0.0      0.0      0.0      0.0      0.0      0.0      0.0      0.0      2.0      29.0     94.0     0.0      0.0      0.0      0.0      0.0      0.0      0.0      0.0      0.0      27.0     0.0      0.0      3.0      0.0      1.0      0.0      0.0      0.0      0.0      0.0      0.0      0.0      0.0      0.0      0.0      0.0      11.0     0.0      4.0      0.0      0.0      0.0      0.0      0.0      0.0     
0.0      0.0      0.0      1.0      0.0      0.0      0.0      0.0      0.0      0.0      0.0      0.0      0.0      0.0      0.0      1.0      0.0      0.0      0.0      0.0      0.0      0.0      0.0      0.0      0.0      0.0      2.0      0.0      0.0      3.0      0.0      0.0      0.0      0.0      0.0      0.0      0.0      0.0      0.0      0.0      0.0      0.0      0.0      0.0      0.0      0.0      0.0      0.0      0.0      1.0      0.0      0.0      0.0      0.0      1.0      0.0      0.0      0.0      0.0      0.0      0.0      0.0      0.0      0.0      0.0      1.0      4.0      0.0      0.0      0.0      0.0      2.0      0.0      0.0      0.0      3.0      0.0      11.0     31.0     6.0      0.0      0.0      0.0      0.0      0.0      1.0      35.0     3.0      15.0     3.0      15.0     65.0     35.0     2.0      2.0      0.0      4.0      0.0      0.0      25.0     53.0     40.0     28.0     13.0     40.0     0.0      1.0      5.0      86.0     0.0      54.0     5.0      47.0     0.0      0.0      294.0    0.0      1.0      2.0      5.0      21.0     1.0      22.0     73.0     47.0     1.0      0.0      0.0      6.0      0.0      7.0      15.0     0.0      0.0      0.0      1.0      0.0      5.0      0.0      0.0      0.0      2.0      26.0     1.0      0.0      0.0      4.0      34.0     33.0     23.0    
0.0      0.0      0.0      0.0      0.0      0.0      0.0      0.0      0.0      0.0      0.0      0.0      0.0      0.0      0.0      0.0      0.0      0.0      0.0      0.0      0.0      0.0      0.0      0.0      0.0      0.0      0.0      0.0      0.0      0.0      0.0      0.0      0.0      0.0      0.0      0.0      0.0      0.0      0.0      0.0      0.0      0.0      0.0      0.0      0.0      0.0      0.0      0.0      0.0      0.0      0.0      0.0      0.0      0.0      0.0      0.0      0.0      0.0      0.0      0.0      0.0      0.0      0.0      0.0      0.0      0.0      0.0      0.0      0.0      0.0      0.0      0.0      0.0      0.0      0.0      0.0      0.0      0.0      0.0      0.0      0.0      0.0      0.0      0.0      0.0      0.0      0.0      0.0      0.0      0.0      0.0      0.0      0.0      0.0      0.0      0.0      0.0      0.0      0.0      0.0      0.0      0.0      0.0      0.0      0.0      0.0      0.0      0.0      0.0      0.0      0.0      0.0      0.0      0.0      0.0      0.0      0.0      0.0      0.0      0.0      0.0      0.0      0.0      0.0      0.0      0.0      0.0      0.0      0.0      0.0      0.0      0.0      0.0      0.0      0.0      0.0      0.0      0.0      0.0      0.0      0.0      0.0      0.0      0.0      0.0      0.0      0.0      0.0      0.0      0.0     
0.0      3.0      0.0      0.0      0.0      0.0      0.0      0.0      0.0      2.0      12.0     0.0      0.0      0.0      0.0      0.0      1.0      1.0      1.0      15.0     0.0      2.0      4.0      0.0      0.0      0.0      0.0      0.0      0.0      0.0      0.0      1.0      0.0      3.0      0.0      0.0      0.0      0.0      0.0      0.0      0.0      0.0      18.0     9.0      34.0     0.0      0.0      0.0      2.0      0.0      1.0      0.0      0.0      0.0      0.0      0.0      0.0      0.0      1.0      0.0      0.0      6.0      0.0      0.0      0.0      2.0      18.0     0.0      0.0      0.0      0.0      0.0      0.0      6.0      0.0      19.0     91.0     0.0      0.0      24.0     8.0      3.0      0.0      0.0      2.0      27.0     1.0      2.0      4.0      10.0     27.0     22.0     27.0     46.0     67.0     39.0     122.0    13.0     4.0      1.0      0.0      0.0      0.0      2.0      2.0      4.0      5.0      0.0      27.0     8.0      0.0      19.0     174.0    0.0      0.0      1.0      0.0      824.0    113.0    545.0    0.0      0.0      3.0      87.0     7.0      21.0     67.0     5.0      5.0      1.0      0.0      0.0      42.0     3.0      3.0      38.0     31.0     1.0      5.0      0.0      17.0     6.0      0.0      2.0      0.0      4.0      1.0      130.0    94.0     0.0     
1.0      0.0      1.0      0.0      2.0      1.0      2.0      3.0      0.0      7.0      14.0     1.0      0.0      0.0      0.0      7.0      1.0      1.0      0.0      4.0      0.0      0.0      8.0      1.0      1.0      0.0      6.0      2.0      1.0      6.0      3.0      3.0      0.0      3.0      1.0      0.0      0.0      0.0      0.0      0.0      0.0      0.0      0.0      15.0     23.0     2.0      1.0      0.0      3.0      1.0      2.0      0.0      0.0      0.0      0.0      0.0      1.0      0.0      0.0      0.0      0.0      12.0     0.0      1.0      0.0      12.0     48.0     0.0      0.0      0.0      0.0      3.0      0.0      2.0      0.0      119.0    36.0     11.0     2.0      48.0     17.0     4.0      3.0      1.0      25.0     64.0     3.0      0.0      0.0      7.0      46.0     110.0    228.0    51.0     108.0    2.0      100.0    147.0    46.0     4.0      3.0      69.0     12.0     8.0      68.0     30.0     17.0     3.0      33.0     253.0    0.0      55.0     50.0     0.0      0.0      2.0      0.0      113.0    1203.0   230.0    9.0      5.0      2.0      72.0     2.0      171.0    33.0     3.0      0.0      0.0      1.0      25.0     7.0      17.0     19.0     102.0    102.0    0.0      19.0     18.0     89.0     40.0     13.0     4.0      2.0      12.0     19.0     74.0     21.0     0.0     
0.0      17.0     0.0      0.0      0.0      0.0      0.0      0.0      0.0      14.0     107.0    0.0      0.0      0.0      0.0      0.0      1.0      1.0      18.0     109.0    0.0      5.0      14.0     0.0      3.0      0.0      5.0      0.0      0.0      1.0      0.0      2.0      0.0      9.0      0.0      0.0      1.0      1.0      0.0      0.0      0.0      0.0      35.0     31.0     172.0    0.0      0.0      0.0      7.0      0.0      4.0      0.0      0.0      0.0      0.0      0.0      0.0      0.0      12.0     0.0      0.0      24.0     0.0      0.0      0.0      33.0     143.0    0.0      0.0      0.0      0.0      0.0      0.0      11.0     0.0      60.0     49.0     0.0      0.0      101.0    31.0     5.0      0.0      0.0      73.0     658.0    1.0      3.0      7.0      22.0     97.0     42.0     111.0    72.0     413.0    18.0     395.0    121.0    9.0      12.0     1.0      30.0     0.0      5.0      53.0     14.0     13.0     0.0      131.0    45.0     0.0      108.0    342.0    0.0      0.0      5.0      0.0      545.0    230.0    2048.0   0.0      0.0      6.0      268.0    21.0     90.0     19.0     12.0     32.0     2.0      1.0      10.0     29.0     9.0      10.0     113.0    157.0    2.0      14.0     0.0      294.0    99.0     0.0      3.0      0.0      10.0     0.0      242.0    218.0    0.0     
0.0      0.0      0.0      0.0      0.0      0.0      0.0      0.0      0.0      0.0      0.0      0.0      0.0      0.0      0.0      4.0      0.0      0.0      0.0      0.0      0.0      0.0      0.0      0.0      0.0      3.0      13.0     0.0      0.0      4.0      0.0      1.0      0.0      0.0      1.0      0.0      0.0      0.0      0.0      0.0      3.0      0.0      0.0      1.0      0.0      0.0      1.0      0.0      0.0      0.0      0.0      0.0      0.0      0.0      1.0      0.0      0.0      0.0      0.0      0.0      0.0      0.0      0.0      0.0      0.0      0.0      21.0     3.0      0.0      0.0      0.0      2.0      0.0      0.0      0.0      7.0      0.0      76.0     21.0     23.0     1.0      0.0      0.0      0.0      0.0      0.0      10.0     0.0      9.0      9.0      20.0     18.0     51.0     9.0      0.0      0.0      0.0      8.0      3.0      64.0     5.0      96.0     555.0    176.0    19.0     2.0      16.0     0.0      10.0     10.0     1.0      14.0     26.0     0.0      0.0      21.0     0.0      0.0      9.0      0.0      807.0    0.0      4.0      21.0     7.0      0.0      0.0      1.0      9.0      3.0      2.0      52.0     1.0      1.0      0.0      1.0      0.0      6.0      6.0      0.0      0.0      11.0     106.0    5.0      3.0      0.0      0.0      23.0     34.0     2.0     
0.0      0.0      2.0      0.0      0.0      0.0      0.0      0.0      0.0      0.0      0.0      0.0      0.0      0.0      0.0      1.0      0.0      0.0      0.0      1.0      0.0      0.0      0.0      0.0      0.0      0.0      4.0      0.0      5.0      1.0      0.0      1.0      0.0      0.0      0.0      0.0      0.0      0.0      0.0      0.0      0.0      0.0      0.0      1.0      0.0      0.0      0.0      0.0      0.0      0.0      0.0      0.0      0.0      0.0      0.0      0.0      0.0      0.0      0.0      0.0      0.0      0.0      0.0      0.0      0.0      0.0      0.0      0.0      0.0      0.0      0.0      0.0      0.0      0.0      0.0      0.0      0.0      50.0     0.0      1.0      0.0      6.0      55.0     5.0      0.0      0.0      16.0     0.0      1.0      1.0      34.0     7.0      7.0      0.0      0.0      0.0      0.0      2.0      1.0      2.0      0.0      6.0      1.0      0.0      109.0    1.0      0.0      0.0      8.0      5.0      0.0      0.0      1.0      0.0      0.0      1.0      0.0      0.0      5.0      0.0      0.0      197.0    0.0      7.0      8.0      1.0      0.0      0.0      2.0      0.0      0.0      1.0      0.0      0.0      0.0      0.0      0.0      1.0      1.0      0.0      3.0      2.0      1.0      5.0      1.0      0.0      60.0     1.0      2.0      0.0     
1.0      0.0      0.0      0.0      0.0      0.0      0.0      0.0      0.0      0.0      0.0      0.0      0.0      0.0      0.0      0.0      0.0      0.0      0.0      0.0      0.0      0.0      0.0      1.0      0.0      0.0      0.0      0.0      0.0      0.0      0.0      0.0      0.0      0.0      0.0      0.0      0.0      0.0      0.0      0.0      0.0      0.0      0.0      0.0      0.0      0.0      0.0      0.0      0.0      0.0      0.0      0.0      0.0      0.0      0.0      0.0      0.0      0.0      0.0      0.0      0.0      0.0      0.0      0.0      0.0      0.0      1.0      0.0      0.0      0.0      0.0      0.0      0.0      0.0      0.0      44.0     0.0      2.0      2.0      30.0     6.0      0.0      0.0      0.0      0.0      0.0      0.0      26.0     25.0     2.0      15.0     39.0     43.0     1.0      1.0      0.0      5.0      0.0      116.0    3.0      2.0      12.0     4.0      1.0      7.0      3.0      0.0      0.0      2.0      0.0      0.0      0.0      11.0     11.0     0.0      22.0     0.0      3.0      2.0      6.0      4.0      0.0      183.0    51.0     35.0     0.0      0.0      1.0      10.0     0.0      0.0      4.0      0.0      0.0      0.0      0.0      0.0      1.0      0.0      35.0     0.0      0.0      5.0      0.0      0.0      0.0      4.0      14.0     2.0      0.0     
0.0      0.0      0.0      2.0      0.0      0.0      1.0      0.0      0.0      1.0      1.0      3.0      0.0      0.0      1.0      2.0      0.0      1.0      1.0      1.0      0.0      0.0      0.0      3.0      1.0      0.0      2.0      0.0      1.0      4.0      3.0      4.0      0.0      1.0      0.0      0.0      0.0      0.0      0.0      0.0      0.0      0.0      0.0      3.0      4.0      0.0      0.0      0.0      1.0      1.0      0.0      0.0      0.0      0.0      0.0      1.0      0.0      0.0      0.0      0.0      0.0      1.0      0.0      2.0      0.0      1.0      9.0      0.0      1.0      0.0      0.0      2.0      0.0      1.0      0.0      142.0    4.0      8.0      2.0      168.0    30.0     7.0      3.0      1.0      1.0      91.0     7.0      11.0     43.0     32.0     132.0    256.0    180.0    9.0      191.0    0.0      156.0    3.0      56.0     10.0     5.0      61.0     23.0     11.0     95.0     13.0     7.0      17.0     388.0    155.0    0.0      4.0      44.0     0.0      0.0      73.0     0.0      87.0     72.0     268.0    21.0     7.0      51.0     1085.0   91.0     0.0      5.0      15.0     56.0     4.0      1.0      29.0     2.0      8.0      0.0      0.0      26.0     10.0     13.0     18.0     115.0    5.0      22.0     6.0      0.0      4.0      25.0     37.0     85.0     2.0     
2.0      0.0      0.0      5.0      0.0      7.0      7.0      8.0      0.0      0.0      0.0      15.0     3.0      10.0     26.0     21.0     0.0      3.0      0.0      0.0      0.0      0.0      0.0      1.0      0.0      0.0      0.0      0.0      12.0     1.0      1.0      2.0      0.0      1.0      0.0      0.0      0.0      3.0      3.0      8.0      0.0      0.0      0.0      2.0      0.0      0.0      1.0      0.0      4.0      11.0     0.0      0.0      11.0     6.0      0.0      0.0      0.0      0.0      0.0      0.0      0.0      0.0      0.0      0.0      0.0      0.0      3.0      0.0      9.0      0.0      0.0      1.0      0.0      4.0      0.0      0.0      0.0      0.0      36.0     15.0     50.0     12.0     5.0      0.0      0.0      5.0      203.0    20.0     107.0    20.0     167.0    75.0     40.0     1.0      24.0     0.0      13.0     0.0      11.0     17.0     5.0      12.0     9.0      6.0      28.0     2.0      0.0      0.0      30.0     4.0      0.0      1.0      23.0     96.0     27.0     47.0     0.0      7.0      2.0      21.0     7.0      8.0      35.0     91.0     515.0    0.0      0.0      7.0      5.0      13.0     1.0      5.0      0.0      2.0      0.0      0.0      0.0      3.0      2.0      0.0      12.0     5.0      8.0      26.0     1.0      0.0      13.0     7.0      19.0     0.0     
0.0      0.0      0.0      0.0      0.0      0.0      0.0      0.0      0.0      1.0      5.0      0.0      0.0      0.0      0.0      1.0      0.0      0.0      0.0      7.0      0.0      0.0      2.0      0.0      0.0      0.0      1.0      0.0      0.0      0.0      0.0      0.0      0.0      1.0      0.0      0.0      0.0      0.0      0.0      0.0      0.0      0.0      1.0      3.0      12.0     0.0      0.0      0.0      1.0      0.0      1.0      0.0      0.0      0.0      0.0      0.0      0.0      0.0      1.0      0.0      0.0      5.0      0.0      0.0      0.0      6.0      12.0     0.0      0.0      0.0      0.0      0.0      0.0      1.0      0.0      0.0      85.0     0.0      0.0      0.0      0.0      0.0      0.0      0.0      7.0      30.0     0.0      0.0      0.0      0.0      1.0      0.0      1.0      72.0     96.0     40.0     33.0     72.0     1.0      2.0      3.0      36.0     0.0      0.0      30.0     1.0      0.0      0.0      0.0      3.0      0.0      60.0     2.0      0.0      0.0      1.0      0.0      21.0     171.0    90.0     0.0      1.0      0.0      0.0      0.0      506.0    12.0     0.0      0.0      0.0      2.0      7.0      20.0     21.0     34.0     152.0    123.0    0.0      1.0      0.0      63.0     14.0     0.0      0.0      0.0      0.0      0.0      31.0     2.0      0.0     
0.0      0.0      0.0      0.0      0.0      0.0      0.0      0.0      0.0      1.0      1.0      0.0      0.0      0.0      0.0      0.0      0.0      0.0      0.0      0.0      0.0      0.0      1.0      0.0      0.0      0.0      0.0      0.0      0.0      0.0      0.0      0.0      0.0      0.0      0.0      0.0      0.0      0.0      0.0      0.0      0.0      0.0      0.0      0.0      1.0      0.0      0.0      0.0      0.0      0.0      0.0      0.0      0.0      0.0      0.0      0.0      0.0      0.0      0.0      0.0      0.0      0.0      0.0      0.0      0.0      0.0      2.0      0.0      0.0      0.0      0.0      0.0      0.0      0.0      0.0      1.0      32.0     0.0      0.0      4.0      0.0      0.0      0.0      0.0      0.0      1.0      0.0      0.0      0.0      0.0      0.0      0.0      2.0      16.0     2.0      41.0     97.0     2.0      0.0      0.0      0.0      0.0      0.0      0.0      0.0      0.0      1.0      0.0      3.0      0.0      0.0      1.0      15.0     0.0      0.0      0.0      0.0      67.0     33.0     19.0     0.0      0.0      0.0      5.0      0.0      12.0     159.0    0.0      1.0      0.0      0.0      0.0      3.0      0.0      3.0      12.0     33.0     0.0      0.0      0.0      0.0      1.0      0.0      0.0      0.0      0.0      0.0      5.0      11.0     0.0     
5.0      0.0      1.0      0.0      24.0     128.0    18.0     4.0      1.0      6.0      0.0      10.0     16.0     24.0     75.0     28.0     1.0      1.0      0.0      0.0      0.0      0.0      0.0      1.0      0.0      0.0      2.0      0.0      1.0      10.0     1.0      0.0      0.0      1.0      0.0      0.0      0.0      0.0      19.0     10.0     0.0      0.0      0.0      1.0      0.0      0.0      4.0      1.0      1.0      27.0     0.0      0.0      21.0     20.0     5.0      0.0      0.0      0.0      0.0      0.0      0.0      0.0      1.0      0.0      0.0      5.0      64.0     0.0      0.0      0.0      1.0      4.0      0.0      0.0      0.0      8.0      0.0      0.0      1.0      8.0      95.0     14.0     3.0      2.0      8.0      10.0     49.0     9.0      71.0     332.0    99.0     5.0      9.0      0.0      9.0      0.0      5.0      1.0      4.0      1.0      0.0      0.0      0.0      3.0      5.0      0.0      0.0      0.0      0.0      2.0      0.0      0.0      0.0      1.0      3.0      0.0      0.0      5.0      3.0      12.0     1.0      0.0      1.0      15.0     7.0      0.0      0.0      518.0    12.0     16.0     0.0      0.0      0.0      0.0      0.0      0.0      0.0      27.0     0.0      0.0      4.0      114.0    0.0      21.0     1.0      0.0      3.0      0.0      1.0      0.0     
12.0     0.0      0.0      0.0      43.0     66.0     4.0      0.0      1.0      1.0      0.0      1.0      1.0      1.0      11.0     12.0     0.0      0.0      0.0      0.0      0.0      0.0      0.0      15.0     0.0      0.0      0.0      0.0      0.0      0.0      0.0      0.0      0.0      0.0      0.0      0.0      0.0      0.0      0.0      0.0      0.0      0.0      0.0      0.0      0.0      0.0      0.0      0.0      0.0      0.0      0.0      0.0      7.0      4.0      1.0      0.0      0.0      0.0      0.0      0.0      0.0      0.0      0.0      0.0      4.0      1.0      7.0      0.0      0.0      0.0      0.0      0.0      0.0      0.0      0.0      46.0     0.0      0.0      4.0      84.0     94.0     27.0     17.0     8.0      0.0      5.0      1.0      6.0      14.0     122.0    108.0    2.0      9.0      5.0      4.0      0.0      24.0     0.0      9.0      3.0      0.0      9.0      6.0      4.0      30.0     0.0      0.0      0.0      1.0      0.0      0.0      3.0      7.0      10.0     0.0      6.0      0.0      5.0      0.0      32.0     9.0      2.0      10.0     56.0     5.0      0.0      1.0      12.0     383.0    5.0      0.0      5.0      1.0      1.0      0.0      0.0      0.0      1.0      0.0      0.0      16.0     29.0     3.0      2.0      0.0      0.0      17.0     3.0      4.0      0.0     
0.0      0.0      0.0      0.0      0.0      0.0      2.0      0.0      0.0      0.0      0.0      2.0      0.0      0.0      0.0      1.0      0.0      0.0      0.0      0.0      0.0      0.0      0.0      0.0      0.0      0.0      0.0      0.0      0.0      0.0      0.0      0.0      0.0      0.0      0.0      0.0      0.0      0.0      0.0      1.0      0.0      0.0      0.0      0.0      0.0      0.0      0.0      0.0      0.0      1.0      0.0      0.0      0.0      0.0      1.0      0.0      0.0      0.0      0.0      0.0      0.0      0.0      0.0      0.0      0.0      0.0      1.0      0.0      0.0      0.0      0.0      0.0      0.0      0.0      0.0      0.0      0.0      0.0      6.0      1.0      1.0      9.0      5.0      1.0      1.0      3.0      36.0     0.0      2.0      83.0     170.0    1.0      3.0      0.0      4.0      0.0      1.0      0.0      1.0      3.0      0.0      0.0      0.0      20.0     4.0      1.0      0.0      0.0      1.0      0.0      0.0      0.0      0.0      0.0      1.0      0.0      0.0      1.0      0.0      2.0      3.0      0.0      0.0      4.0      13.0     0.0      0.0      16.0     5.0      209.0    0.0      0.0      0.0      0.0      0.0      0.0      0.0      0.0      1.0      0.0      0.0      4.0      0.0      26.0     4.0      1.0      4.0      0.0      0.0      0.0     
0.0      0.0      0.0      1.0      0.0      0.0      0.0      0.0      0.0      0.0      0.0      0.0      0.0      0.0      0.0      0.0      0.0      0.0      1.0      0.0      0.0      0.0      0.0      0.0      2.0      2.0      0.0      0.0      5.0      0.0      0.0      0.0      0.0      0.0      0.0      1.0      0.0      1.0      0.0      0.0      1.0      0.0      0.0      0.0      0.0      0.0      0.0      0.0      0.0      0.0      0.0      0.0      0.0      0.0      0.0      0.0      0.0      1.0      0.0      0.0      0.0      0.0      0.0      0.0      0.0      0.0      11.0     0.0      5.0      0.0      0.0      0.0      1.0      0.0      0.0      0.0      0.0      0.0      5.0      0.0      0.0      0.0      0.0      0.0      1.0      0.0      11.0     0.0      0.0      0.0      3.0      1.0      1.0      3.0      0.0      0.0      1.0      2.0      0.0      88.0     40.0     17.0     4.0      14.0     5.0      0.0      1.0      0.0      2.0      0.0      10.0     1.0      21.0     0.0      0.0      7.0      0.0      0.0      1.0      1.0      2.0      0.0      0.0      1.0      1.0      2.0      0.0      0.0      0.0      0.0      128.0    20.0     2.0      0.0      0.0      1.0      1.0      0.0      0.0      0.0      0.0      11.0     7.0      2.0      0.0      0.0      1.0      3.0      18.0     0.0     
0.0      0.0      1.0      1.0      0.0      0.0      0.0      0.0      0.0      0.0      0.0      0.0      0.0      0.0      0.0      2.0      1.0      0.0      0.0      0.0      0.0      0.0      1.0      0.0      0.0      0.0      3.0      0.0      2.0      2.0      0.0      0.0      0.0      1.0      1.0      0.0      0.0      0.0      0.0      0.0      0.0      0.0      0.0      2.0      0.0      0.0      0.0      0.0      1.0      0.0      0.0      0.0      0.0      0.0      0.0      0.0      1.0      0.0      0.0      0.0      0.0      0.0      0.0      0.0      0.0      0.0      7.0      1.0      2.0      0.0      0.0      2.0      0.0      0.0      0.0      0.0      0.0      3.0      46.0     10.0     2.0      0.0      0.0      1.0      25.0     0.0      12.0     2.0      7.0      1.0      13.0     19.0     18.0     33.0     2.0      0.0      0.0      21.0     5.0      216.0    63.0     542.0    62.0     48.0     60.0     5.0      1.0      4.0      59.0     18.0     3.0      16.0     71.0     0.0      0.0      15.0     0.0      0.0      25.0     10.0     52.0     1.0      4.0      29.0     5.0      7.0      0.0      0.0      5.0      0.0      20.0     743.0    16.0     9.0      0.0      8.0      5.0      1.0      5.0      0.0      14.0     17.0     63.0     4.0      1.0      1.0      15.0     46.0     71.0     9.0     
0.0      0.0      0.0      0.0      0.0      0.0      0.0      0.0      0.0      0.0      9.0      0.0      0.0      0.0      0.0      0.0      0.0      0.0      3.0      13.0     0.0      0.0      0.0      0.0      0.0      0.0      2.0      0.0      0.0      0.0      0.0      0.0      0.0      0.0      0.0      0.0      0.0      0.0      0.0      0.0      0.0      0.0      0.0      0.0      8.0      0.0      0.0      0.0      0.0      0.0      0.0      0.0      0.0      0.0      0.0      0.0      0.0      0.0      2.0      0.0      0.0      0.0      0.0      0.0      0.0      17.0     6.0      0.0      0.0      0.0      0.0      0.0      0.0      0.0      0.0      0.0      11.0     0.0      2.0      4.0      0.0      0.0      0.0      0.0      3.0      0.0      2.0      0.0      1.0      1.0      3.0      0.0      3.0      134.0    15.0     3.0      5.0      14.0     1.0      0.0      2.0      29.0     2.0      5.0      9.0      0.0      0.0      0.0      2.0      0.0      0.0      12.0     6.0      0.0      0.0      0.0      0.0      42.0     7.0      29.0     1.0      0.0      0.0      2.0      0.0      20.0     3.0      0.0      1.0      0.0      2.0      16.0     192.0    18.0     2.0      14.0     13.0     2.0      1.0      0.0      17.0     8.0      2.0      2.0      0.0      0.0      0.0      6.0      6.0      0.0     
0.0      0.0      0.0      0.0      0.0      0.0      0.0      0.0      0.0      0.0      4.0      0.0      0.0      0.0      0.0      0.0      0.0      0.0      0.0      6.0      0.0      0.0      0.0      0.0      1.0      1.0      0.0      0.0      0.0      0.0      0.0      0.0      0.0      0.0      0.0      1.0      0.0      0.0      0.0      0.0      0.0      0.0      0.0      0.0      3.0      0.0      0.0      0.0      0.0      0.0      0.0      0.0      0.0      0.0      0.0      0.0      0.0      0.0      1.0      0.0      0.0      0.0      0.0      0.0      0.0      6.0      3.0      0.0      0.0      0.0      0.0      0.0      0.0      0.0      0.0      1.0      5.0      0.0      3.0      3.0      2.0      0.0      0.0      0.0      2.0      4.0      0.0      0.0      0.0      1.0      2.0      3.0      0.0      100.0    51.0     2.0      0.0      5.0      1.0      7.0      2.0      18.0     1.0      0.0      19.0     1.0      0.0      0.0      5.0      1.0      0.0      10.0     30.0     0.0      0.0      0.0      0.0      3.0      17.0     9.0      1.0      0.0      0.0      8.0      2.0      21.0     0.0      0.0      1.0      0.0      0.0      9.0      18.0     186.0    7.0      17.0     5.0      1.0      0.0      0.0      29.0     5.0      2.0      0.0      0.0      0.0      3.0      12.0     26.0     0.0     
0.0      0.0      0.0      0.0      0.0      0.0      0.0      0.0      0.0      0.0      2.0      0.0      0.0      0.0      0.0      0.0      0.0      0.0      0.0      3.0      0.0      0.0      0.0      0.0      0.0      0.0      1.0      0.0      0.0      0.0      0.0      0.0      0.0      0.0      0.0      0.0      0.0      0.0      0.0      0.0      0.0      0.0      0.0      0.0      5.0      0.0      0.0      0.0      0.0      0.0      0.0      0.0      0.0      0.0      0.0      0.0      0.0      0.0      0.0      0.0      0.0      0.0      0.0      0.0      0.0      4.0      0.0      0.0      0.0      0.0      0.0      0.0      0.0      0.0      0.0      0.0      21.0     0.0      0.0      0.0      0.0      0.0      0.0      0.0      0.0      4.0      0.0      0.0      0.0      0.0      0.0      0.0      0.0      70.0     15.0     2.0      3.0      15.0     0.0      1.0      0.0      1.0      0.0      0.0      0.0      0.0      0.0      0.0      0.0      1.0      0.0      20.0     2.0      0.0      0.0      0.0      0.0      3.0      19.0     10.0     0.0      0.0      0.0      0.0      0.0      34.0     3.0      0.0      0.0      0.0      0.0      0.0      2.0      7.0      107.0    12.0     22.0     0.0      0.0      0.0      1.0      1.0      0.0      0.0      0.0      0.0      0.0      5.0      4.0      0.0     
0.0      2.0      0.0      0.0      0.0      0.0      0.0      0.0      0.0      1.0      0.0      0.0      0.0      0.0      0.0      0.0      0.0      0.0      0.0      6.0      0.0      0.0      1.0      0.0      0.0      0.0      0.0      0.0      0.0      0.0      0.0      0.0      0.0      0.0      0.0      0.0      0.0      0.0      0.0      0.0      0.0      0.0      2.0      0.0      3.0      0.0      0.0      0.0      0.0      0.0      0.0      0.0      0.0      0.0      0.0      0.0      0.0      0.0      0.0      0.0      0.0      0.0      0.0      0.0      0.0      5.0      1.0      0.0      0.0      0.0      0.0      0.0      0.0      0.0      0.0      0.0      84.0     0.0      0.0      0.0      0.0      0.0      0.0      0.0      0.0      52.0     0.0      0.0      0.0      0.0      0.0      0.0      0.0      33.0     101.0    19.0     10.0     4.0      0.0      3.0      3.0      35.0     1.0      0.0      16.0     0.0      0.0      0.0      0.0      0.0      0.0      154.0    16.0     0.0      0.0      1.0      0.0      38.0     102.0    113.0    1.0      0.0      0.0      0.0      0.0      152.0    12.0     0.0      0.0      0.0      1.0      8.0      14.0     17.0     12.0     379.0    6.0      0.0      0.0      0.0      51.0     4.0      0.0      0.0      0.0      0.0      0.0      58.0     3.0      0.0     
0.0      2.0      0.0      0.0      0.0      0.0      0.0      0.0      0.0      3.0      12.0     0.0      0.0      0.0      0.0      0.0      0.0      0.0      1.0      6.0      0.0      1.0      4.0      0.0      0.0      0.0      0.0      0.0      0.0      0.0      0.0      0.0      0.0      3.0      0.0      0.0      0.0      0.0      0.0      0.0      0.0      0.0      0.0      8.0      13.0     0.0      0.0      0.0      2.0      0.0      1.0      0.0      0.0      0.0      0.0      0.0      0.0      0.0      0.0      0.0      0.0      8.0      0.0      0.0      0.0      6.0      30.0     0.0      0.0      0.0      0.0      0.0      0.0      2.0      0.0      2.0      74.0     0.0      0.0      2.0      0.0      0.0      0.0      0.0      38.0     20.0     0.0      0.0      0.0      0.0      2.0      0.0      3.0      72.0     45.0     54.0     139.0    186.0    3.0      4.0      1.0      20.0     0.0      0.0      34.0     2.0      0.0      0.0      23.0     3.0      0.0      0.0      0.0      0.0      0.0      0.0      0.0      31.0     102.0    157.0    0.0      0.0      0.0      26.0     0.0      123.0    33.0     0.0      0.0      0.0      1.0      5.0      13.0     5.0      22.0     6.0      460.0    0.0      2.0      0.0      50.0     25.0     0.0      0.0      0.0      0.0      0.0      0.0      1.0      0.0     
4.0      0.0      0.0      0.0      19.0     19.0     0.0      0.0      0.0      0.0      0.0      0.0      6.0      0.0      14.0     3.0      0.0      0.0      0.0      0.0      0.0      0.0      0.0      4.0      0.0      0.0      0.0      1.0      0.0      1.0      0.0      0.0      0.0      0.0      0.0      0.0      0.0      0.0      5.0      0.0      0.0      0.0      0.0      0.0      0.0      1.0      0.0      1.0      0.0      4.0      0.0      0.0      2.0      13.0     0.0      0.0      0.0      0.0      0.0      0.0      0.0      0.0      0.0      0.0      0.0      0.0      1.0      0.0      0.0      0.0      0.0      1.0      0.0      0.0      0.0      5.0      0.0      1.0      5.0      3.0      30.0     3.0      3.0      2.0      0.0      0.0      0.0      17.0     40.0     56.0     18.0     3.0      1.0      0.0      0.0      0.0      2.0      0.0      28.0     0.0      0.0      2.0      6.0      0.0      3.0      1.0      0.0      0.0      2.0      0.0      0.0      3.0      2.0      1.0      0.0      5.0      0.0      1.0      0.0      2.0      6.0      1.0      1.0      10.0     3.0      0.0      0.0      27.0     1.0      0.0      0.0      1.0      2.0      1.0      0.0      0.0      0.0      132.0    0.0      2.0      0.0      1.0      1.0      1.0      0.0      0.0      3.0      4.0      1.0      1.0     
1.0      0.0      2.0      0.0      0.0      1.0      0.0      0.0      0.0      0.0      0.0      0.0      0.0      0.0      0.0      2.0      0.0      0.0      0.0      0.0      0.0      0.0      0.0      4.0      0.0      0.0      1.0      0.0      2.0      0.0      7.0      4.0      0.0      0.0      0.0      0.0      0.0      0.0      0.0      0.0      0.0      0.0      0.0      0.0      0.0      0.0      0.0      0.0      0.0      0.0      0.0      0.0      0.0      0.0      0.0      0.0      0.0      0.0      0.0      0.0      0.0      0.0      0.0      2.0      1.0      1.0      6.0      0.0      0.0      0.0      1.0      0.0      0.0      0.0      0.0      24.0     1.0      1.0      1.0      5.0      45.0     5.0      4.0      0.0      0.0      4.0      3.0      0.0      0.0      3.0      21.0     4.0      83.0     3.0      8.0      0.0      4.0      2.0      155.0    0.0      0.0      6.0      5.0      3.0      11.0     178.0    37.0     0.0      4.0      19.0     0.0      0.0      0.0      0.0      0.0      0.0      0.0      5.0      19.0     14.0     6.0      1.0      0.0      13.0     2.0      1.0      0.0      0.0      0.0      1.0      0.0      5.0      1.0      0.0      0.0      0.0      2.0      0.0      237.0    4.0      11.0     1.0      0.0      1.0      2.0      71.0     2.0      1.0      0.0      0.0     
5.0      0.0      0.0      0.0      1.0      3.0      0.0      0.0      0.0      0.0      0.0      0.0      0.0      0.0      0.0      0.0      0.0      0.0      0.0      0.0      0.0      0.0      0.0      0.0      0.0      0.0      0.0      0.0      0.0      0.0      0.0      0.0      0.0      0.0      0.0      0.0      0.0      0.0      0.0      0.0      0.0      0.0      0.0      0.0      0.0      0.0      0.0      0.0      0.0      0.0      0.0      0.0      0.0      0.0      0.0      0.0      0.0      0.0      0.0      0.0      0.0      0.0      0.0      0.0      0.0      0.0      0.0      0.0      0.0      0.0      0.0      0.0      0.0      0.0      0.0      50.0     0.0      0.0      0.0      11.0     5.0      0.0      0.0      0.0      0.0      0.0      0.0      11.0     0.0      1.0      3.0      11.0     11.0     0.0      0.0      0.0      0.0      1.0      119.0    0.0      0.0      0.0      0.0      0.0      0.0      12.0     0.0      0.0      2.0      11.0     0.0      0.0      0.0      0.0      0.0      0.0      0.0      0.0      18.0     0.0      0.0      0.0      35.0     18.0     0.0      0.0      0.0      0.0      0.0      0.0      0.0      0.0      0.0      0.0      0.0      0.0      0.0      2.0      4.0      136.0    0.0      0.0      0.0      0.0      0.0      1.0      0.0      0.0      1.0      0.0     
1.0      0.0      2.0      0.0      1.0      0.0      1.0      0.0      0.0      10.0     86.0     0.0      0.0      0.0      0.0      8.0      0.0      0.0      2.0      63.0     0.0      3.0      8.0      1.0      4.0      1.0      7.0      1.0      0.0      5.0      1.0      0.0      0.0      7.0      0.0      0.0      0.0      0.0      0.0      0.0      0.0      0.0      4.0      17.0     107.0    0.0      0.0      0.0      6.0      0.0      1.0      0.0      0.0      0.0      1.0      1.0      0.0      0.0      3.0      0.0      0.0      13.0     0.0      0.0      0.0      43.0     117.0    0.0      0.0      0.0      0.0      1.0      0.0      7.0      0.0      14.0     1.0      1.0      0.0      46.0     28.0     28.0     25.0     21.0     42.0     215.0    9.0      1.0      1.0      11.0     27.0     10.0     28.0     57.0     280.0    0.0      6.0      45.0     8.0      4.0      2.0      110.0    1.0      1.0      329.0    12.0     8.0      1.0      105.0    23.0     0.0      54.0     79.0     0.0      0.0      0.0      0.0      17.0     89.0     294.0    0.0      3.0      0.0      115.0    12.0     63.0     0.0      4.0      16.0     0.0      0.0      14.0     17.0     29.0     1.0      51.0     50.0     0.0      11.0     0.0      1083.0   143.0    0.0      7.0      0.0      7.0      24.0     52.0     101.0    0.0     
5.0      1.0      9.0      0.0      7.0      128.0    65.0     10.0     7.0      39.0     57.0     11.0     13.0     18.0     59.0     137.0    1.0      1.0      13.0     35.0     0.0      0.0      16.0     2.0      29.0     13.0     39.0     1.0      13.0     27.0     1.0      4.0      0.0      3.0      0.0      2.0      4.0      2.0      16.0     10.0     5.0      0.0      1.0      22.0     83.0     2.0      7.0      0.0      3.0      27.0     6.0      0.0      19.0     11.0     33.0     7.0      2.0      5.0      8.0      1.0      4.0      28.0     2.0      0.0      0.0      99.0     465.0    4.0      6.0      0.0      0.0      15.0     4.0      18.0     0.0      7.0      3.0      3.0      7.0      30.0     149.0    116.0    111.0    81.0     124.0    59.0     42.0     0.0      21.0     146.0    51.0     0.0      3.0      25.0     14.0     0.0      6.0      48.0     2.0      38.0     8.0      23.0     7.0      21.0     132.0    8.0      24.0     0.0      13.0     4.0      0.0      1.0      23.0     3.0      11.0     2.0      0.0      6.0      40.0     99.0     11.0     2.0      0.0      5.0      5.0      14.0     1.0      114.0    29.0     4.0      11.0     17.0     8.0      5.0      1.0      4.0      25.0     1.0      1.0      0.0      143.0    1027.0   4.0      22.0     5.0      29.0     91.0     9.0      33.0     0.0     
0.0      0.0      0.0      0.0      0.0      0.0      0.0      0.0      0.0      0.0      0.0      0.0      0.0      0.0      0.0      0.0      0.0      0.0      0.0      0.0      0.0      0.0      1.0      0.0      0.0      4.0      7.0      7.0      1.0      14.0     0.0      0.0      0.0      0.0      1.0      0.0      1.0      0.0      0.0      0.0      1.0      0.0      0.0      1.0      0.0      3.0      0.0      0.0      0.0      0.0      0.0      0.0      0.0      0.0      0.0      1.0      0.0      0.0      0.0      0.0      1.0      0.0      0.0      0.0      0.0      0.0      32.0     8.0      1.0      0.0      0.0      11.0     0.0      0.0      0.0      6.0      0.0      22.0     12.0     16.0     0.0      0.0      0.0      0.0      0.0      0.0      14.0     1.0      3.0      2.0      5.0      16.0     35.0     7.0      0.0      0.0      0.0      7.0      0.0      33.0     45.0     211.0    263.0    25.0     17.0     0.0      11.0     1.0      25.0     12.0     4.0      6.0      16.0     0.0      0.0      26.0     0.0      0.0      13.0     0.0      106.0    1.0      5.0      22.0     8.0      0.0      0.0      0.0      3.0      0.0      7.0      63.0     2.0      2.0      0.0      0.0      0.0      1.0      0.0      0.0      0.0      4.0      481.0    2.0      0.0      0.0      1.0      12.0     33.0     4.0     
1.0      0.0      0.0      0.0      1.0      0.0      9.0      2.0      0.0      0.0      0.0      23.0     0.0      0.0      4.0      20.0     0.0      4.0      0.0      0.0      0.0      0.0      0.0      0.0      0.0      1.0      2.0      0.0      4.0      6.0      0.0      0.0      0.0      4.0      0.0      0.0      0.0      0.0      0.0      0.0      1.0      0.0      0.0      3.0      0.0      0.0      0.0      0.0      5.0      15.0     0.0      0.0      3.0      0.0      9.0      0.0      0.0      0.0      0.0      0.0      0.0      0.0      0.0      0.0      0.0      1.0      6.0      1.0      8.0      0.0      0.0      4.0      0.0      3.0      0.0      1.0      0.0      0.0      21.0     2.0      5.0      3.0      9.0      1.0      7.0      0.0      372.0    1.0      6.0      50.0     190.0    3.0      6.0      5.0      5.0      0.0      2.0      3.0      1.0      20.0     1.0      11.0     5.0      167.0    18.0     1.0      1.0      0.0      0.0      3.0      0.0      3.0      24.0     2.0      4.0      1.0      0.0      2.0      4.0      3.0      5.0      5.0      0.0      6.0      26.0     0.0      0.0      21.0     2.0      26.0     2.0      4.0      2.0      0.0      0.0      0.0      0.0      1.0      1.0      0.0      7.0      22.0     2.0      567.0    2.0      1.0      9.0      22.0     19.0     0.0     
0.0      0.0      6.0      0.0      0.0      0.0      1.0      0.0      0.0      0.0      0.0      0.0      0.0      0.0      0.0      4.0      1.0      1.0      0.0      0.0      0.0      0.0      0.0      0.0      0.0      0.0      2.0      0.0      2.0      0.0      0.0      0.0      0.0      0.0      0.0      0.0      0.0      0.0      0.0      0.0      0.0      0.0      0.0      0.0      0.0      0.0      0.0      0.0      0.0      0.0      0.0      0.0      0.0      0.0      0.0      0.0      0.0      0.0      0.0      0.0      0.0      0.0      0.0      0.0      0.0      0.0      5.0      0.0      0.0      0.0      0.0      0.0      0.0      0.0      0.0      2.0      0.0      6.0      1.0      1.0      0.0      1.0      2.0      1.0      0.0      0.0      2.0      0.0      0.0      14.0     56.0     1.0      4.0      0.0      0.0      0.0      0.0      1.0      2.0      1.0      0.0      2.0      2.0      185.0    1.0      4.0      5.0      0.0      0.0      2.0      0.0      0.0      0.0      0.0      0.0      0.0      0.0      0.0      2.0      0.0      3.0      1.0      0.0      0.0      1.0      0.0      0.0      1.0      0.0      4.0      0.0      1.0      0.0      0.0      0.0      0.0      0.0      0.0      2.0      0.0      0.0      5.0      0.0      2.0      250.0    1.0      1.0      0.0      0.0      0.0     
2.0      0.0      0.0      0.0      0.0      0.0      0.0      0.0      0.0      0.0      0.0      0.0      0.0      0.0      0.0      0.0      0.0      0.0      0.0      0.0      0.0      0.0      0.0      3.0      0.0      0.0      2.0      0.0      0.0      1.0      1.0      3.0      0.0      0.0      0.0      0.0      0.0      0.0      0.0      0.0      0.0      0.0      0.0      0.0      0.0      0.0      0.0      0.0      0.0      0.0      0.0      0.0      0.0      0.0      0.0      0.0      0.0      0.0      0.0      0.0      0.0      0.0      0.0      0.0      1.0      1.0      5.0      0.0      0.0      0.0      0.0      0.0      0.0      0.0      0.0      18.0     0.0      2.0      0.0      16.0     123.0    32.0     29.0     8.0      0.0      2.0      0.0      0.0      0.0      2.0      32.0     1.0      40.0     0.0      7.0      0.0      1.0      0.0      33.0     0.0      0.0      2.0      0.0      0.0      20.0     82.0     79.0     0.0      2.0      7.0      0.0      0.0      0.0      0.0      0.0      0.0      0.0      4.0      12.0     10.0     0.0      0.0      0.0      4.0      0.0      0.0      0.0      0.0      0.0      1.0      0.0      1.0      0.0      0.0      0.0      0.0      0.0      0.0      71.0     1.0      7.0      29.0     0.0      1.0      1.0      166.0    16.0     0.0      0.0      0.0     
0.0      0.0      4.0      0.0      2.0      3.0      5.0      1.0      1.0      0.0      0.0      1.0      0.0      0.0      1.0      13.0     0.0      0.0      0.0      2.0      0.0      0.0      0.0      0.0      2.0      0.0      7.0      0.0      8.0      8.0      0.0      1.0      0.0      0.0      0.0      0.0      0.0      0.0      0.0      0.0      0.0      0.0      0.0      1.0      0.0      1.0      2.0      0.0      1.0      1.0      0.0      0.0      0.0      0.0      0.0      1.0      0.0      0.0      0.0      0.0      0.0      0.0      0.0      1.0      0.0      2.0      9.0      2.0      2.0      0.0      1.0      0.0      0.0      1.0      0.0      2.0      0.0      8.0      0.0      27.0     53.0     94.0     132.0    89.0     3.0      0.0      23.0     1.0      3.0      24.0     37.0     20.0     20.0     2.0      0.0      0.0      1.0      5.0      1.0      25.0     1.0      1.0      0.0      2.0      506.0    2.0      13.0     2.0      46.0     18.0     4.0      0.0      4.0      0.0      0.0      4.0      0.0      1.0      19.0     0.0      0.0      60.0     4.0      25.0     13.0     0.0      0.0      3.0      17.0     4.0      1.0      15.0     0.0      3.0      0.0      0.0      0.0      3.0      2.0      0.0      24.0     91.0     1.0      9.0      1.0      16.0     616.0    0.0      19.0     2.0     
0.0      4.0      0.0      0.0      0.0      0.0      0.0      0.0      0.0      0.0      5.0      0.0      0.0      0.0      0.0      0.0      0.0      0.0      3.0      6.0      0.0      1.0      0.0      0.0      6.0      0.0      4.0      0.0      6.0      2.0      0.0      1.0      0.0      2.0      0.0      0.0      1.0      0.0      0.0      0.0      0.0      0.0      5.0      2.0      9.0      2.0      0.0      0.0      1.0      1.0      1.0      0.0      0.0      0.0      0.0      6.0      0.0      4.0      2.0      0.0      0.0      0.0      0.0      0.0      0.0      7.0      19.0     0.0      2.0      0.0      0.0      0.0      0.0      5.0      0.0      2.0      5.0      0.0      15.0     8.0      0.0      0.0      0.0      0.0      0.0      58.0     19.0     0.0      7.0      8.0      18.0     36.0     31.0     29.0     87.0     0.0      43.0     0.0      0.0      120.0    18.0     60.0     23.0     72.0     25.0     1.0      1.0      0.0      4.0      1.0      5.0      213.0    655.0    0.0      0.0      34.0     0.0      130.0    74.0     242.0    23.0     1.0      14.0     37.0     7.0      31.0     5.0      0.0      3.0      0.0      3.0      46.0     6.0      12.0     5.0      58.0     0.0      4.0      1.0      0.0      52.0     9.0      12.0     22.0     0.0      0.0      0.0      1009.0   136.0    0.0     
0.0      1.0      0.0      0.0      0.0      0.0      0.0      0.0      0.0      0.0      7.0      0.0      0.0      0.0      0.0      2.0      0.0      0.0      2.0      17.0     0.0      0.0      0.0      0.0      8.0      2.0      7.0      0.0      10.0     6.0      1.0      1.0      0.0      5.0      0.0      1.0      0.0      1.0      0.0      0.0      2.0      0.0      1.0      0.0      6.0      1.0      0.0      0.0      0.0      1.0      0.0      0.0      0.0      0.0      1.0      5.0      1.0      1.0      0.0      0.0      0.0      0.0      0.0      0.0      0.0      11.0     53.0     0.0      6.0      0.0      0.0      1.0      0.0      10.0     1.0      12.0     4.0      8.0      24.0     9.0      0.0      0.0      0.0      0.0      7.0      64.0     39.0     1.0      2.0      6.0      13.0     15.0     11.0     67.0     63.0     0.0      93.0     6.0      3.0      254.0    17.0     89.0     38.0     73.0     155.0    2.0      1.0      0.0      301.0    6.0      0.0      46.0     586.0    0.0      0.0      33.0     0.0      94.0     21.0     218.0    34.0     2.0      2.0      85.0     19.0     2.0      11.0     1.0      4.0      0.0      18.0     71.0     6.0      26.0     4.0      3.0      1.0      1.0      0.0      1.0      101.0    33.0     33.0     19.0     0.0      0.0      19.0     136.0    1243.0   0.0     
0.0      0.0      0.0      0.0      0.0      0.0      0.0      0.0      0.0      0.0      0.0      0.0      0.0      0.0      0.0      0.0      0.0      0.0      0.0      0.0      0.0      0.0      0.0      0.0      0.0      0.0      0.0      0.0      0.0      0.0      0.0      0.0      0.0      0.0      0.0      0.0      0.0      0.0      0.0      0.0      0.0      0.0      0.0      0.0      0.0      0.0      0.0      0.0      0.0      0.0      0.0      0.0      0.0      0.0      0.0      0.0      0.0      0.0      0.0      0.0      0.0      0.0      0.0      0.0      0.0      0.0      0.0      0.0      0.0      0.0      0.0      0.0      0.0      0.0      0.0      1.0      0.0      4.0      0.0      0.0      0.0      0.0      0.0      0.0      0.0      0.0      0.0      0.0      1.0      0.0      0.0      0.0      1.0      0.0      0.0      0.0      0.0      0.0      0.0      1.0      0.0      10.0     2.0      0.0      28.0     0.0      0.0      6.0      53.0     0.0      13.0     0.0      0.0      0.0      0.0      23.0     0.0      0.0      0.0      0.0      2.0      0.0      0.0      2.0      0.0      0.0      0.0      0.0      0.0      0.0      0.0      9.0      0.0      0.0      0.0      0.0      0.0      1.0      0.0      0.0      0.0      0.0      4.0      0.0      0.0      0.0      2.0      0.0      0.0      60.0    
